date,symbol,open,high,low,close,volume,oi,rolled
2011-04-01,SBH14,20.75,20.75,20.62,20.75,51,51,True
2011-04-04,SBH14,20.8,20.96,20.8,20.96,41,92,False
2011-04-05,SBH14,20.95,20.95,20.95,20.95,0,92,False
2011-04-06,SBH14,20.93,20.93,20.93,20.93,0,92,False
2011-04-07,SBH14,21.07,21.24,21.07,21.24,1,93,False
2011-04-08,SBH14,21.42,21.42,21.42,21.42,0,93,False
2011-04-11,SBH14,21.43,21.5,21.39,21.4,100,190,False
2011-04-12,SBH14,21.38,21.39,21.38,21.39,6,190,False
2011-04-13,SBH14,21.51,21.51,21.51,21.51,0,196,False
2011-04-14,SBH14,21.42,21.42,21.12,21.35,103,297,False
2011-04-15,SBH14,21.17,21.26,21.17,21.26,1,298,False
2011-04-18,SBH14,21.4,21.4,21.4,21.4,55,350,False
2011-04-19,SBH14,21.27,21.51,21.04,21.04,40,391,False
2011-04-20,SBH14,21.3,21.5,21.3,21.5,42,431,False
2011-04-21,SBH14,21.5,21.5,21.04,21.17,17,444,False
2011-04-25,SBH14,21.09,21.21,21.08,21.19,26,470,False
2011-04-26,SBH14,21.23,21.23,21.23,21.23,0,470,False
2011-04-27,SBH14,21.21,21.75,21.21,21.73,84,548,False
2011-04-28,SBH14,21.68,21.84,21.55,21.84,178,714,False
2011-04-29,SBH14,21.48,21.81,21.38,21.81,163,870,False
2011-05-02,SBH14,21.41,21.45,21.3,21.39,252,1041,False
2011-05-03,SBH14,21.5,21.54,21.43,21.54,91,1128,False
2011-05-04,SBH14,21.29,21.45,21.29,21.4,35,1148,False
2011-05-05,SBH14,21.21,21.21,20.76,21.02,82,1204,False
2011-05-06,SBH14,20.8,21.15,20.71,20.71,18,1217,False
2011-05-09,SBH14,21.0,21.0,21.0,21.0,0,1217,False
2011-05-10,SBH14,21.12,21.55,21.12,21.52,35,1231,False
2011-05-11,SBH14,21.38,21.38,21.12,21.25,7,1232,False
2011-05-12,SBH14,20.96,21.52,20.9,21.52,60,1254,False
2011-05-13,SBH14,21.34,21.65,21.32,21.4,36,1276,False
2011-05-16,SBH14,21.2,21.3,21.04,21.25,77,1304,False
2011-05-17,SBH14,21.05,21.33,20.88,21.33,25,1318,False
2011-05-18,SBH14,21.61,21.66,21.2,21.34,292,1469,False
2011-05-19,SBH14,20.79,21.15,20.79,20.85,73,1481,False
2011-05-20,SBH14,20.83,21.1,20.78,20.98,187,1643,False
2011-05-23,SBH14,20.5,20.75,20.43,20.44,89,1642,False
2011-05-24,SBH14,20.85,20.99,20.64,20.68,25,1660,False
2011-05-25,SBH14,20.65,20.93,20.61,20.9,82,1690,False
2011-05-26,SBH14,20.74,20.94,20.72,20.94,19,1690,False
2011-05-27,SBH14,21.1,21.12,21.1,21.12,29,1719,False
2011-05-31,SBH14,21.15,21.35,21.13,21.35,147,1804,False
2011-06-01,SBH14,21.35,21.35,20.84,20.84,57,1845,False
2011-06-02,SBH14,21.31,21.78,21.3,21.73,201,1895,False
2011-06-03,SBH14,21.57,21.65,21.5,21.58,66,1940,False
2011-06-06,SBH14,21.56,21.56,21.48,21.48,1,1940,False
2011-06-07,SBH14,21.41,21.72,21.34,21.59,54,1986,False
2011-06-08,SBH14,21.44,21.59,21.44,21.59,40,2005,False
2011-06-09,SBH14,21.67,21.67,21.63,21.63,170,2124,False
2011-06-10,SBH14,21.42,21.69,21.4,21.69,2,2123,False
2011-06-13,SBH14,21.83,21.84,21.35,21.64,8,2129,False
2011-06-14,SBH14,21.23,21.55,21.23,21.55,19,2130,False
2011-06-15,SBH14,21.42,21.42,21.42,21.42,0,2130,False
2011-06-16,SBH14,21.32,21.76,21.32,21.73,26,2143,False
2011-06-17,SBH14,21.59,21.83,21.59,21.75,123,2152,False
2011-06-20,SBH14,21.7,21.85,21.65,21.83,151,2255,False
2011-06-21,SBH14,21.5,21.69,21.41,21.64,47,2282,False
2011-06-22,SBH14,21.45,21.61,21.4,21.61,87,2280,False
2011-06-23,SBH14,20.82,21.55,20.82,21.54,100,2317,False
2011-06-24,SBH14,21.57,21.65,21.3,21.62,64,2330,False
2011-06-27,SBH14,21.23,21.57,21.2,21.56,51,2350,False
2011-06-28,SBH14,21.57,21.7,21.48,21.58,88,2425,False
2011-06-29,SBH14,21.55,21.55,21.25,21.45,15,2430,False
2011-06-30,SBH14,21.6,21.65,21.0,21.65,50,2420,False
2011-07-01,SBH14,21.84,21.94,21.75,21.8,8,2424,False
2011-07-05,SBH14,21.8,21.85,21.7,21.8,77,2494,False
2011-07-06,SBH14,21.8,21.9,21.8,21.88,10,2503,False
2011-07-07,SBH14,21.84,21.99,21.68,21.86,50,2545,False
2011-07-08,SBH14,21.8,21.97,21.5,21.92,115,2591,False
2011-07-11,SBH14,21.58,21.77,21.55,21.56,83,2661,False
2011-07-12,SBH14,21.59,21.67,21.45,21.65,80,2734,False
2011-07-13,SBH14,21.45,21.57,21.19,21.33,101,2741,False
2011-07-14,SBH14,21.0,21.21,20.95,21.21,54,2748,False
2011-07-15,SBH14,21.0,21.17,20.86,20.86,57,2760,False
2011-07-18,SBH14,20.98,21.14,20.8,21.14,82,2782,False
2011-07-19,SBH14,21.46,21.57,21.07,21.57,101,2839,False
2011-07-20,SBH14,21.45,22.0,21.4,22.0,57,2822,False
2011-07-21,SBH14,21.92,22.1,21.91,22.1,179,2992,False
2011-07-22,SBH14,22.07,22.2,22.07,22.17,96,3081,False
2011-07-25,SBH14,21.96,22.14,21.96,22.14,1,3081,False
2011-07-26,SBH14,22.25,22.46,22.14,22.39,90,3167,False
2011-07-27,SBH14,22.4,22.5,22.3,22.5,31,3178,False
2011-07-28,SBH14,22.5,22.55,22.07,22.23,45,3181,False
2011-07-29,SBH14,22.19,22.19,22.19,22.19,120,3182,False
2011-08-01,SBH14,22.3,22.48,22.03,22.03,26,3158,False
2011-08-02,SBH14,22.1,22.28,22.08,22.18,189,3239,False
2011-08-03,SBH14,22.18,22.18,21.95,22.05,68,3276,False
2011-08-04,SBH14,22.0,22.17,21.85,22.17,38,3280,False
2011-08-05,SBH14,21.85,22.21,21.85,22.15,66,3313,False
2011-08-08,SBH14,21.91,22.2,21.85,22.11,108,3265,False
2011-08-09,SBH14,22.2,22.2,21.85,21.93,174,3221,False
2011-08-10,SBH14,22.0,22.0,21.75,21.81,177,3238,False
2011-08-11,SBH14,21.9,22.04,21.7,21.7,291,3456,False
2011-08-12,SBH14,21.76,22.45,21.72,22.43,791,4078,False
2011-08-15,SBH14,22.52,22.6,22.2,22.36,192,4212,False
2011-08-16,SBH14,22.38,22.7,22.37,22.5,116,4142,False
2011-08-17,SBH14,22.33,22.97,22.33,22.97,186,4102,False
2011-08-18,SBH14,22.69,22.89,22.69,22.76,64,4141,False
2011-08-19,SBH14,22.8,23.0,22.8,22.86,60,4152,False
2011-08-22,SBH14,22.49,22.78,22.48,22.78,18,4148,False
2011-08-23,SBH14,22.65,22.83,22.5,22.83,77,4217,False
2011-08-24,SBH14,22.87,23.0,22.45,22.83,136,4334,False
2011-08-25,SBH14,22.5,22.87,22.3,22.87,99,4385,False
2011-08-26,SBH14,22.51,23.29,22.51,23.29,337,4431,False
2011-08-29,SBH14,22.97,23.3,22.97,23.3,45,4469,False
2011-08-30,SBH14,23.13,23.42,23.1,23.24,109,4518,False
2011-08-31,SBH14,23.25,23.45,23.2,23.44,41,4530,False
2011-09-01,SBH14,23.27,23.27,23.27,23.27,4,4534,False
2011-09-02,SBH14,23.2,23.2,22.99,23.19,49,4555,False
2011-09-06,SBH14,22.98,22.98,22.7,22.83,84,4625,False
2011-09-07,SBH14,22.8,22.96,22.79,22.79,32,4653,False
2011-09-08,SBH14,23.0,23.0,22.75,22.75,66,4699,False
2011-09-09,SBH14,22.9,22.9,22.8,22.86,176,4796,False
2011-09-12,SBH14,22.85,23.11,22.85,23.11,87,4866,False
2011-09-13,SBH14,22.92,23.18,22.92,23.09,70,4887,False
2011-09-14,SBH14,22.99,23.26,22.91,23.26,104,4961,False
2011-09-15,SBH14,23.15,23.49,23.08,23.49,172,5061,False
2011-09-16,SBH14,23.3,23.32,22.93,22.93,332,5143,False
2011-09-19,SBH14,23.07,23.21,23.01,23.09,131,5196,False
2011-09-20,SBH14,23.03,23.06,22.7,22.81,95,5265,False
2011-09-21,SBH14,22.68,22.85,22.61,22.64,209,5369,False
2011-09-22,SBH14,22.53,22.53,22.09,22.17,110,5334,False
2011-09-23,SBH14,22.11,22.15,21.8,21.81,487,5370,False
2011-09-26,SBH14,21.95,22.1,21.8,21.97,7,5375,False
2011-09-27,SBH14,22.35,22.45,22.35,22.39,11,5375,False
2011-09-28,SBH14,22.73,22.77,22.43,22.49,108,5415,False
2011-09-29,SBH14,22.59,23.25,22.47,23.02,569,5710,False
2011-09-30,SBH14,22.66,22.8,22.23,22.32,172,5741,False
2011-10-03,SBH14,22.11,22.11,21.85,21.85,201,5816,False
2011-10-04,SBH14,21.8,22.07,21.8,21.98,319,5887,False
2011-10-05,SBH14,22.23,22.25,22.04,22.04,25,5909,False
2011-10-06,SBH14,22.16,22.24,22.01,22.09,22,5912,False
2011-10-07,SBH14,22.57,22.67,22.35,22.35,48,5917,False
2011-10-10,SBH14,22.35,22.93,22.35,22.88,90,5983,False
2011-10-11,SBH14,22.49,22.8,22.44,22.72,93,6000,False
2011-10-12,SBH14,22.85,22.94,22.8,22.94,34,6005,False
2011-10-13,SBH14,22.98,23.8,22.98,23.78,509,6209,False
2011-10-14,SBH14,23.54,24.25,23.54,24.25,552,6516,False
2011-10-17,SBH14,24.15,24.2,24.02,24.06,95,6549,False
2011-10-18,SBH14,23.93,23.98,23.93,23.95,13,6560,False
2011-10-19,SBH14,23.81,24.0,23.52,23.64,90,6535,False
2011-10-20,SBH14,23.16,23.85,23.0,23.84,62,6541,False
2011-10-21,SBH14,23.96,24.12,23.51,23.56,103,6598,False
2011-10-24,SBH14,23.77,24.11,23.75,23.98,27,6603,False
2011-10-25,SBH14,24.14,24.36,23.9,23.9,121,6666,False
2011-10-26,SBH14,24.19,24.19,23.87,23.92,45,6698,False
2011-10-27,SBH14,24.18,24.45,24.1,24.33,202,6759,False
2011-10-28,SBH14,24.25,24.27,24.1,24.1,5,6761,False
2011-10-31,SBH14,24.0,24.08,23.87,23.87,30,6764,False
2011-11-01,SBH14,23.76,23.96,23.67,23.74,240,6843,False
2011-11-02,SBH14,23.88,23.92,23.69,23.69,505,6894,False
2011-11-03,SBH14,23.71,23.92,23.71,23.78,167,6886,False
2011-11-04,SBH14,23.84,23.84,23.7,23.72,35,6897,False
2011-11-07,SBH14,23.74,23.78,23.74,23.78,1,6901,False
2011-11-08,SBH14,23.8,24.19,23.8,24.18,192,6999,False
2011-11-09,SBH14,23.83,23.89,23.83,23.89,233,7202,False
2011-11-10,SBH14,23.78,23.92,23.72,23.9,55,7235,False
2011-11-11,SBH14,23.68,23.95,23.46,23.94,151,7265,False
2011-11-14,SBH14,23.78,23.8,23.49,23.55,41,7274,False
2011-11-15,SBH14,23.6,23.66,23.45,23.57,317,7522,False
2011-11-16,SBH14,23.5,23.6,23.47,23.47,245,7651,False
2011-11-17,SBH14,23.39,23.44,23.23,23.23,758,7864,False
2011-11-18,SBH14,23.33,23.4,23.06,23.06,60,7883,False
2011-11-21,SBH14,23.12,23.18,23.07,23.18,39,7878,False
2011-11-22,SBH14,23.04,23.05,22.8,22.9,195,7867,False
2011-11-23,SBH14,22.95,23.0,22.68,22.69,376,7811,False
2011-11-25,SBH14,22.49,22.57,22.42,22.42,91,7878,False
2011-11-28,SBH14,22.67,22.81,22.67,22.7,216,7719,False
2011-11-29,SBH14,22.56,22.94,22.56,22.81,532,7568,False
2011-11-30,SBH14,22.8,23.2,22.8,23.17,768,7928,False
2011-12-01,SBH14,23.09,23.3,23.01,23.3,415,8060,False
2011-12-02,SBH14,23.26,23.34,23.14,23.14,214,8156,False
2011-12-05,SBH14,23.1,23.38,23.1,23.38,554,8621,False
2011-12-06,SBH14,23.31,23.45,23.31,23.45,29,8618,False
2011-12-07,SBH14,23.26,23.41,22.65,22.74,195,8607,False
2011-12-08,SBH14,22.94,23.5,22.94,23.48,408,8750,False
2011-12-09,SBH14,23.4,23.4,22.65,22.87,100,8741,False
2011-12-12,SBH14,22.7,22.87,22.7,22.87,30,8736,False
2011-12-13,SBH14,22.92,23.14,22.92,23.12,341,8832,False
2011-12-14,SBH14,23.07,23.07,22.53,22.63,72,8880,False
2011-12-15,SBH14,22.84,22.84,22.72,22.82,40,8882,False
2011-12-16,SBH14,22.9,23.1,22.87,23.06,35,8890,False
2011-12-19,SBH14,22.89,23.08,22.87,23.03,199,8987,False
2011-12-20,SBH14,23.03,23.2,22.92,23.11,538,9151,False
2011-12-21,SBH14,22.79,23.1,22.78,23.1,15,9154,False
2011-12-22,SBH14,23.0,23.15,23.0,23.13,156,9249,False
2011-12-23,SBH14,23.01,23.1,22.99,23.06,120,9255,False
2011-12-27,SBH14,23.15,23.15,23.01,23.01,1,9255,False
2011-12-28,SBH14,22.98,23.02,22.53,22.83,72,9301,False
2011-12-29,SBH14,22.5,23.1,22.5,23.1,29,9322,False
2011-12-30,SBH14,22.9,22.9,22.86,22.88,56,9327,False
2012-01-03,SBH14,23.1,23.59,23.1,23.59,328,9565,False
2012-01-04,SBH14,23.38,23.53,23.38,23.53,8,9563,False
2012-01-05,SBH14,23.48,23.48,22.38,22.55,262,9549,False
2012-01-06,SBH14,22.78,22.91,22.56,22.77,82,9550,False
2012-01-09,SBH14,22.7,22.94,22.45,22.92,89,9554,False
2012-01-10,SBH14,22.95,22.96,22.61,22.93,27,9547,False
2012-01-11,SBH14,22.86,23.2,22.83,23.19,101,9606,False
2012-01-12,SBH14,23.2,23.25,22.86,22.88,93,9672,False
2012-01-13,SBH14,22.97,23.44,22.97,23.44,60,9709,False
2012-01-17,SBH14,23.36,23.49,23.17,23.4,150,9665,False
2012-01-18,SBH14,23.35,23.4,23.22,23.4,20,9678,False
2012-01-19,SBH14,23.48,23.51,23.25,23.36,608,10048,False
2012-01-20,SBH14,23.39,23.43,23.3,23.42,508,10422,False
2012-01-23,SBH14,23.41,23.49,23.41,23.49,206,10422,False
2012-01-24,SBH14,23.45,23.45,23.39,23.44,37,10438,False
2012-01-25,SBH14,23.3,23.54,23.26,23.54,125,10430,False
2012-01-26,SBH14,23.54,23.55,23.47,23.54,229,10471,False
2012-01-27,SBH14,23.5,23.55,23.4,23.45,183,10545,False
2012-01-30,SBH14,23.4,23.5,23.15,23.17,119,10584,False
2012-01-31,SBH14,23.27,23.47,23.23,23.26,173,10535,False
2012-02-01,SBH14,23.3,23.59,23.29,23.53,563,10705,False
2012-02-02,SBH14,23.4,23.61,23.4,23.43,258,10852,False
2012-02-03,SBH14,23.27,23.75,23.26,23.72,213,10870,False
2012-02-06,SBH14,23.62,23.82,23.62,23.81,160,10919,False
2012-02-07,SBH14,23.62,23.8,23.57,23.73,443,10714,False
2012-02-08,SBH14,23.58,23.85,23.58,23.77,25,10736,False
2012-02-09,SBH14,23.77,23.8,23.58,23.73,123,10743,False
2012-02-10,SBH14,23.57,23.93,23.51,23.92,208,10811,False
2012-02-13,SBH14,23.79,23.93,23.79,23.93,35,10824,False
2012-02-14,SBH14,23.78,23.78,23.63,23.69,117,10825,False
2012-02-15,SBH14,23.73,23.81,23.65,23.81,183,10892,False
2012-02-16,SBH14,23.65,24.0,23.6,23.99,295,11016,False
2012-02-17,SBH14,23.96,24.01,23.9,24.01,207,11094,False
2012-02-21,SBH14,23.96,24.1,23.92,24.1,544,11138,False
2012-02-22,SBH14,23.93,24.24,23.92,24.24,686,11501,False
2012-02-23,SBH14,24.1,24.29,23.99,24.29,847,11750,False
2012-02-24,SBH14,24.11,24.33,24.09,24.33,509,12170,False
2012-02-27,SBH14,24.23,24.39,24.17,24.17,339,12262,False
2012-02-28,SBH14,24.15,24.38,24.14,24.36,338,12447,False
2012-02-29,SBH14,24.25,24.36,24.07,24.35,415,12645,False
2012-03-01,SBH14,24.13,24.41,24.1,24.41,309,12836,False
2012-03-02,SBH14,24.25,24.35,24.15,24.34,221,12996,False
2012-03-05,SBH14,24.33,24.33,24.01,24.03,141,12994,False
2012-03-06,SBH14,23.7,23.95,23.61,23.61,73,13019,False
2012-03-07,SBH14,23.59,23.7,23.46,23.65,424,13114,False
2012-03-08,SBH14,23.6,23.73,23.53,23.53,89,13112,False
2012-03-09,SBH14,23.6,23.7,23.25,23.44,288,13247,False
2012-03-12,SBH14,23.21,23.56,23.18,23.53,150,13302,False
2012-03-13,SBH14,23.67,23.74,23.33,23.74,98,13362,False
2012-03-14,SBH14,23.5,23.77,23.5,23.76,171,13392,False
2012-03-15,SBH14,23.66,24.16,23.66,24.14,320,13590,False
2012-03-16,SBH14,23.93,24.26,23.93,24.24,479,13875,False
2012-03-19,SBH14,24.17,24.27,24.06,24.27,119,13893,False
2012-03-20,SBH14,24.22,24.27,23.88,24.09,443,14123,False
2012-03-21,SBH14,23.81,24.2,23.81,23.87,240,14232,False
2012-03-22,SBH14,23.71,24.15,23.71,24.14,477,14559,False
2012-03-23,SBH14,24.05,24.17,23.99,24.08,730,14634,False
2012-03-26,SBH14,24.15,24.15,23.9,23.95,198,14728,False
2012-03-27,SBH14,23.96,24.02,23.74,23.9,534,15070,False
2012-03-28,SBH14,23.9,23.9,23.65,23.75,294,15311,False
2012-03-29,SBH14,23.63,24.0,23.63,23.95,194,15425,False
2012-03-30,SBH14,24.0,24.1,23.74,24.05,443,15746,False
2012-04-02,SBH14,23.92,24.1,23.81,24.09,153,15815,False
2012-04-03,SBH14,23.99,24.05,23.91,24.01,386,16025,False
2012-04-04,SBH14,24.0,24.06,23.69,23.86,717,16529,False
2012-04-05,SBH14,23.91,24.1,23.75,24.06,697,16970,False
2012-04-09,SBH14,24.1,24.15,24.0,24.0,247,17130,False
2012-04-10,SBH14,24.0,24.03,23.75,23.91,263,17290,False
2012-04-11,SBH14,23.89,23.95,23.81,23.94,156,17371,False
2012-04-12,SBH14,23.85,24.05,23.85,24.04,171,17467,False
2012-04-13,SBH14,23.98,24.05,23.56,23.6,202,17490,False
2012-04-16,SBH14,23.6,23.6,23.22,23.22,592,17679,False
2012-04-17,SBH14,23.16,23.54,23.15,23.44,737,17867,False
2012-04-18,SBH14,23.6,23.63,22.95,23.03,280,17913,False
2012-04-19,SBH14,23.25,23.26,22.94,22.94,480,18220,False
2012-04-20,SBH14,22.93,23.01,22.8,22.84,101,18272,False
2012-04-23,SBH14,23.12,23.12,22.78,22.78,58,18281,False
2012-04-24,SBH14,22.75,22.86,22.7,22.74,173,18334,False
2012-04-25,SBH14,22.94,22.94,22.8,22.84,80,18344,False
2012-04-26,SBH14,22.92,22.97,22.6,22.67,673,18649,False
2012-04-27,SBH14,22.67,22.91,22.45,22.77,608,18825,False
2012-04-30,SBH14,22.89,22.97,22.6,22.6,72,18853,False
2012-05-01,SBH14,22.53,22.65,22.47,22.61,295,18990,False
2012-05-02,SBH14,22.6,22.6,22.4,22.43,744,19072,False
2012-05-03,SBH14,22.56,22.56,22.32,22.38,403,19066,False
2012-05-04,SBH14,22.45,22.5,22.35,22.47,265,19000,False
2012-05-07,SBH14,22.38,22.7,22.38,22.64,124,19094,False
2012-05-08,SBH14,22.54,22.57,22.21,22.3,254,19128,False
2012-05-09,SBH14,22.2,22.47,22.2,22.27,240,19023,False
2012-05-10,SBH14,22.23,22.45,22.23,22.27,190,19015,False
2012-05-11,SBH14,22.09,22.37,22.08,22.18,211,19106,False
2012-05-14,SBH14,22.16,22.22,22.12,22.22,62,19111,False
2012-05-15,SBH14,22.2,22.49,22.2,22.3,392,19253,False
2012-05-16,SBH14,22.25,22.35,22.15,22.35,276,19369,False
2012-05-17,SBH14,22.3,22.4,22.21,22.38,191,19360,False
2012-05-18,SBH14,22.28,22.38,22.08,22.16,261,19397,False
2012-05-21,SBH14,22.21,22.31,22.03,22.11,610,19687,False
2012-05-22,SBH14,22.06,22.06,21.77,21.79,613,19803,False
2012-05-23,SBH14,21.75,21.79,21.42,21.63,1163,20012,False
2012-05-24,SBH14,21.65,21.69,21.56,21.59,256,20083,False
2012-05-25,SBH14,21.54,21.59,21.45,21.51,153,20093,False
2012-05-29,SBH14,21.49,21.6,21.31,21.42,362,20072,False
2012-05-30,SBH14,21.35,21.49,21.18,21.3,424,20144,False
2012-05-31,SBH14,21.37,21.41,21.14,21.27,1376,21151,False
2012-06-01,SBH14,21.27,21.3,20.9,21.03,1108,21220,False
2012-06-04,SBH14,21.05,21.26,21.03,21.14,1110,21891,False
2012-06-05,SBH14,21.12,21.21,21.06,21.11,149,21944,False
2012-06-06,SBH14,21.05,21.5,21.05,21.44,1131,22410,False
2012-06-07,SBH14,21.45,21.46,21.11,21.3,692,22697,False
2012-06-08,SBH14,21.23,21.4,21.14,21.38,508,22892,False
2012-06-11,SBH14,21.47,21.51,21.2,21.35,457,23229,False
2012-06-12,SBH14,21.24,21.34,21.04,21.24,653,23696,False
2012-06-13,SBH14,20.97,21.21,20.75,21.21,745,24098,False
2012-06-14,SBH14,21.13,21.17,20.96,20.96,366,24116,False
2012-06-15,SBH14,21.08,21.26,21.05,21.22,554,24218,False
2012-06-18,SBH14,21.15,21.19,20.71,20.84,1309,25246,False
2012-06-19,SBH14,20.83,21.33,20.79,21.32,1549,25079,False
2012-06-20,SBH14,21.33,21.43,21.26,21.39,438,25260,False
2012-06-21,SBH14,21.33,21.48,21.18,21.39,83,25235,False
2012-06-22,SBH14,21.18,21.39,20.61,20.94,1181,25717,False
2012-06-25,SBH14,20.96,21.08,20.96,20.98,57,25715,False
2012-06-26,SBH14,21.08,21.15,21.03,21.06,320,25862,False
2012-06-27,SBH14,21.04,21.5,21.04,21.46,922,25739,False
2012-06-28,SBH14,21.28,21.62,20.82,21.16,523,25797,False
2012-06-29,SBH14,21.28,21.45,21.05,21.39,2026,25482,False
2012-07-02,SBH14,21.27,21.7,21.27,21.55,1010,25224,False
2012-07-03,SBH14,21.6,21.86,21.6,21.73,1253,25362,False
2012-07-05,SBH14,21.84,22.25,21.84,22.11,1303,25674,False
2012-07-06,SBH14,22.05,22.26,22.01,22.24,723,25484,False
2012-07-09,SBH14,22.19,22.68,22.19,22.65,1220,25766,False
2012-07-10,SBH14,22.66,22.8,22.59,22.67,399,25805,False
2012-07-11,SBH14,22.64,22.78,22.63,22.73,1271,25968,False
2012-07-12,SBH14,22.76,22.85,22.36,22.51,882,26113,False
2012-07-13,SBH14,22.64,22.66,22.48,22.62,1252,25664,False
2012-07-16,SBH14,22.62,22.65,22.34,22.62,937,25673,False
2012-07-17,SBH14,22.5,22.63,22.4,22.61,375,25486,False
2012-07-18,SBH14,22.46,22.67,22.39,22.65,1046,25320,False
2012-07-19,SBH14,22.65,22.75,22.41,22.68,779,24981,False
2012-07-20,SBH14,22.71,22.84,22.46,22.57,1911,24276,False
2012-07-23,SBH14,22.64,22.75,22.5,22.64,965,23892,False
2012-07-24,SBH14,22.61,22.75,22.44,22.6,507,23819,False
2012-07-25,SBH14,22.72,22.78,22.6,22.74,458,23891,False
2012-07-26,SBH14,22.6,22.68,21.99,22.24,812,23670,False
2012-07-27,SBH14,22.25,22.41,22.15,22.38,690,23707,False
2012-07-30,SBH14,22.47,22.6,22.4,22.46,235,23717,False
2012-07-31,SBH14,22.48,22.48,22.22,22.26,577,23811,False
2012-08-01,SBH14,22.23,22.45,22.07,22.41,375,23896,False
2012-08-02,SBH14,22.3,22.35,22.02,22.23,251,23961,False
2012-08-03,SBH14,22.05,22.16,21.95,22.14,472,24138,False
2012-08-06,SBH14,22.2,22.2,21.9,22.01,275,24139,False
2012-08-07,SBH14,21.99,22.1,21.73,21.8,556,24223,False
2012-08-08,SBH14,21.7,21.82,21.57,21.6,1055,24606,False
2012-08-09,SBH14,21.62,21.65,21.38,21.39,1494,24537,False
2012-08-10,SBH14,21.35,21.44,21.28,21.31,1503,24455,False
2012-08-13,SBH14,21.28,21.33,21.01,21.03,885,24535,False
2012-08-14,SBH14,21.1,21.26,21.0,21.02,378,24637,False
2012-08-15,SBH14,21.24,21.32,21.05,21.18,711,25079,False
2012-08-16,SBH14,21.19,21.39,21.16,21.37,1558,25249,False
2012-08-17,SBH14,21.39,21.48,21.27,21.29,1001,25816,False
2012-08-20,SBH14,21.36,21.48,21.19,21.41,597,26065,False
2012-08-21,SBH14,21.3,21.32,20.9,20.93,2265,26120,False
2012-08-22,SBH14,21.0,21.17,20.97,21.0,362,26126,False
2012-08-23,SBH14,21.06,21.32,20.88,20.94,965,26104,False
2012-08-24,SBH14,20.95,21.07,20.85,20.93,393,26149,False
2012-08-27,SBH14,21.04,21.11,20.85,20.85,621,26343,False
2012-08-28,SBH14,20.87,21.26,20.83,21.26,1707,27088,False
2012-08-29,SBH14,21.26,21.4,20.95,20.99,2072,27587,False
2012-08-30,SBH14,21.02,21.25,20.98,21.12,2069,27256,False
2012-08-31,SBH14,21.14,21.2,21.02,21.16,1751,27377,False
2012-09-04,SBH14,21.19,21.32,20.9,20.94,1729,27350,False
2012-09-05,SBH14,21.05,21.05,20.7,20.73,1563,27551,False
2012-09-06,SBH14,20.82,20.82,20.58,20.6,386,27640,False
2012-09-07,SBH14,20.8,21.0,20.66,20.79,966,27939,False
2012-09-10,SBH14,20.8,21.15,20.79,21.12,426,27967,False
2012-09-11,SBH14,21.07,21.22,20.93,21.02,1313,28070,False
2012-09-12,SBH14,21.01,21.42,21.01,21.22,684,28139,False
2012-09-13,SBH14,21.2,21.38,21.16,21.31,836,28376,False
2012-09-14,SBH14,21.36,21.73,21.3,21.58,982,28583,False
2012-09-17,SBH14,21.56,21.56,21.36,21.48,1054,28586,False
2012-09-18,SBH14,21.46,21.46,20.94,20.96,1889,28729,False
2012-09-19,SBH14,20.92,21.04,20.55,20.58,1533,29186,False
2012-09-20,SBH14,20.55,20.98,20.55,20.88,4617,29041,False
2012-09-21,SBH14,20.77,21.23,20.77,20.94,1371,29603,False
2012-09-24,SBH14,20.85,21.15,20.76,21.06,760,29705,False
2012-09-25,SBH14,21.1,21.44,21.1,21.43,2954,31264,False
2012-09-26,SBH14,21.34,21.56,20.96,21.17,1963,31627,False
2012-09-27,SBH14,21.03,21.3,20.91,21.17,1693,31937,False
2012-09-28,SBH14,21.2,21.3,20.96,21.24,1558,32583,False
2012-10-01,SBH14,21.22,21.73,21.22,21.71,2442,33133,False
2012-10-02,SBH14,21.65,22.08,21.65,21.98,3850,34209,False
2012-10-03,SBH14,21.95,22.07,21.68,22.04,2448,34817,False
2012-10-04,SBH14,22.0,22.15,21.72,22.07,2690,34913,False
2012-10-05,SBH14,22.04,22.06,21.61,22.05,1285,35139,False
2012-10-08,SBH14,21.96,22.03,21.71,21.89,771,35287,False
2012-10-09,SBH14,21.87,22.0,21.77,21.84,2281,35615,False
2012-10-10,SBH14,21.89,21.9,21.43,21.77,915,35558,False
2012-10-11,SBH14,21.63,21.66,20.78,20.87,4833,36686,False
2012-10-12,SBH14,20.92,20.99,20.49,20.64,2620,36362,False
2012-10-15,SBH14,20.58,20.66,20.43,20.45,1633,36493,False
2012-10-16,SBH14,20.56,20.76,20.48,20.53,4866,38457,False
2012-10-17,SBH14,20.64,20.65,20.45,20.56,1064,38701,False
2012-10-18,SBH14,20.5,20.53,20.21,20.27,928,38483,False
2012-10-19,SBH14,20.31,20.81,20.16,20.58,1078,38732,False
2012-10-22,SBH14,20.77,20.85,20.31,20.42,559,38922,False
2012-10-23,SBH14,20.31,20.31,20.05,20.1,1480,39114,False
2012-10-24,SBH14,20.05,20.23,19.95,20.17,2369,39288,False
2012-10-25,SBH14,20.23,20.34,19.96,20.04,940,39454,False
2012-10-26,SBH14,20.03,20.12,19.81,19.87,995,39327,False
2012-10-29,SBH14,19.97,19.99,19.79,19.89,749,39541,False
2012-10-30,SBH14,19.97,20.08,19.97,20.03,1342,39843,False
2012-10-31,SBH14,20.07,20.1,19.78,20.05,1154,40120,False
2012-11-01,SBH14,20.0,20.12,19.89,19.94,2661,40854,False
2012-11-02,SBH14,20.06,20.13,19.98,20.12,2244,41507,False
2012-11-05,SBH14,20.1,20.19,19.99,20.07,2780,42115,False
2012-11-06,SBH14,20.04,20.53,19.98,20.41,3185,42540,False
2012-11-07,SBH14,20.38,20.4,19.94,19.96,2455,43010,False
2012-11-08,SBH14,20.03,20.09,19.73,19.83,5138,44545,False
2012-11-09,SBH14,19.9,20.17,19.66,19.99,1958,44245,False
2012-11-12,SBH14,20.07,20.34,19.96,20.18,2014,44105,False
2012-11-13,SBH14,20.15,20.44,20.09,20.26,2105,44064,False
2012-11-14,SBH14,20.33,20.41,20.05,20.11,1112,43685,False
2012-11-15,SBH14,20.09,20.09,19.91,19.95,1879,43347,False
2012-11-16,SBH14,19.92,20.04,19.84,20.02,2540,42604,False
2012-11-19,SBH14,20.08,20.55,20.08,20.51,5594,43618,False
2012-11-20,SBH14,20.35,20.56,20.31,20.51,2669,43552,False
2012-11-21,SBH14,20.42,20.45,20.24,20.28,1081,43725,False
2012-11-23,SBH14,20.37,20.51,19.86,19.91,3151,44377,False
2012-11-26,SBH14,19.97,20.06,19.85,20.0,1525,44833,False
2012-11-27,SBH14,20.05,20.25,19.92,20.1,2225,44755,False
2012-11-28,SBH14,20.14,20.19,19.96,20.04,1005,45169,False
2012-11-29,SBH14,20.0,20.23,20.0,20.18,1244,45700,False
2012-11-30,SBH14,20.18,20.24,20.04,20.22,3266,46760,False
2012-12-03,SBH14,20.21,20.6,20.21,20.48,5601,47828,False
2012-12-04,SBH14,20.39,20.54,20.09,20.17,1504,48205,False
2012-12-05,SBH14,20.17,20.39,20.12,20.39,2300,47867,False
2012-12-06,SBH14,20.39,20.43,20.26,20.37,4549,48973,False
2012-12-07,SBH14,20.29,20.34,20.04,20.33,6003,52720,False
2012-12-10,SBH14,20.22,20.32,19.92,19.92,4067,54298,False
2012-12-11,SBH14,19.96,20.05,19.9,20.04,1037,54277,False
2012-12-12,SBH14,19.98,20.02,19.82,19.84,5382,55082,False
2012-12-13,SBH14,19.84,19.91,19.7,19.86,3491,52023,False
2012-12-14,SBH14,19.85,20.23,19.85,20.21,3944,52609,False
2012-12-17,SBH14,20.23,20.51,20.23,20.51,1659,52599,False
2012-12-18,SBH14,20.46,20.57,20.19,20.56,3011,52086,False
2012-12-19,SBH14,20.48,20.55,20.31,20.4,1395,52149,False
2012-12-20,SBH14,20.35,20.46,20.07,20.44,1126,52110,False
2012-12-21,SBH14,20.36,20.54,20.31,20.48,1597,52130,False
2012-12-24,SBH14,20.37,20.43,20.18,20.23,1068,52619,False
2012-12-26,SBH14,20.29,20.41,20.26,20.27,699,52774,False
2012-12-27,SBH14,20.3,20.58,20.27,20.54,3497,52243,False
2012-12-28,SBH14,20.55,20.6,20.45,20.51,1357,52448,False
2012-12-31,SBH14,20.42,20.6,20.35,20.58,463,52535,False
2013-01-02,SBH14,20.58,20.72,20.58,20.7,2194,52189,False
2013-01-03,SBH14,20.68,20.72,20.06,20.27,2522,52990,False
2013-01-04,SBH14,20.18,20.24,20.05,20.11,2635,53151,False
2013-01-07,SBH14,20.17,20.29,20.07,20.25,3215,53724,False
2013-01-08,SBH14,20.3,20.37,20.17,20.21,4038,53370,False
2013-01-09,SBH14,20.25,20.32,20.09,20.29,3459,53367,False
2013-01-10,SBH14,20.33,20.53,20.3,20.53,3795,52679,False
2013-01-11,SBH14,20.5,20.62,20.41,20.6,3584,51838,False
2013-01-14,SBH14,20.57,20.58,20.33,20.49,3350,51981,False
2013-01-15,SBH14,20.4,20.48,20.28,20.29,7055,52001,False
2013-01-16,SBH14,20.37,20.42,20.03,20.15,5397,52281,False
2013-01-17,SBH14,20.09,20.12,19.97,19.99,3161,52994,False
2013-01-18,SBH14,20.01,20.07,19.89,19.93,2415,53234,False
2013-01-22,SBH14,19.93,19.94,19.64,19.68,4470,53540,False
2013-01-23,SBH14,19.73,19.95,19.64,19.88,4353,53449,False
2013-01-24,SBH14,19.84,19.93,19.68,19.9,2715,53823,False
2013-01-25,SBH14,19.95,20.03,19.72,20.02,6458,55369,False
2013-01-28,SBH14,19.99,20.33,19.97,20.32,6303,57233,False
2013-01-29,SBH14,20.28,20.29,19.94,20.13,5936,58584,False
2013-01-30,SBH14,20.18,20.32,19.95,20.32,10569,61065,False
2013-01-31,SBH14,20.29,20.37,20.08,20.34,6679,63316,False
2013-02-01,SBH14,20.37,20.37,20.17,20.33,7114,65514,False
2013-02-04,SBH14,20.24,20.33,20.13,20.17,2964,66525,False
2013-02-05,SBH14,20.17,20.28,20.1,20.14,5721,68463,False
2013-02-06,SBH14,20.14,20.15,19.72,19.75,5551,69763,False
2013-02-07,SBH14,19.72,19.8,19.67,19.77,4370,70795,False
2013-02-08,SBH14,19.77,19.8,19.58,19.73,3200,70738,False
2013-02-11,SBH14,19.73,19.93,19.73,19.91,2494,71410,False
2013-02-12,SBH14,19.92,19.92,19.55,19.59,3295,71793,False
2013-02-13,SBH14,19.63,19.76,19.57,19.71,6604,72217,False
2013-02-14,SBH14,19.69,19.73,19.25,19.26,5782,72505,False
2013-02-15,SBH14,19.35,19.35,19.12,19.14,3936,72806,False
2013-02-19,SBH14,19.24,19.35,19.14,19.26,4234,73043,False
2013-02-20,SBH14,19.2,19.5,19.13,19.48,4317,73317,False
2013-02-21,SBH14,19.4,19.44,19.26,19.4,6012,73499,False
2013-02-22,SBH14,19.35,19.7,19.35,19.65,4916,74875,False
2013-02-25,SBH14,19.65,19.86,19.62,19.68,6518,76857,False
2013-02-26,SBH14,19.61,19.65,19.5,19.63,3689,76814,False
2013-02-27,SBH14,19.67,19.67,19.51,19.56,4207,76228,False
2013-02-28,SBH14,19.43,19.81,19.41,19.75,7528,76665,False
2013-03-01,SBH14,19.72,19.77,19.31,19.34,5890,77160,False
2013-03-04,SBH14,19.35,19.48,19.34,19.44,1978,77093,False
2013-03-05,SBH14,19.5,19.57,19.39,19.48,6015,77550,False
2013-03-06,SBH14,19.43,19.48,19.34,19.4,6495,77138,False
2013-03-07,SBH14,19.32,19.8,19.32,19.79,8190,77369,False
2013-03-08,SBH14,19.7,19.85,19.62,19.72,11841,77347,False
2013-03-11,SBH14,19.72,19.95,19.72,19.9,5692,77961,False
2013-03-12,SBH14,19.82,19.9,19.58,19.84,4317,78517,False
2013-03-13,SBH14,19.8,19.87,19.7,19.82,3177,78803,False
2013-03-14,SBH14,19.83,19.89,19.68,19.84,3960,79288,False
2013-03-15,SBH14,19.86,20.0,19.76,19.91,5911,80641,False
2013-03-18,SBH14,19.81,19.81,19.5,19.56,9027,79913,False
2013-03-19,SBH14,19.61,19.68,19.59,19.67,7383,79460,False
2013-03-20,SBH14,19.7,19.74,19.63,19.69,2256,79947,False
2013-03-21,SBH14,19.63,19.74,19.49,19.56,6618,80417,False
2013-03-22,SBH14,19.57,19.6,19.44,19.47,4289,80572,False
2013-03-25,SBH14,19.5,19.5,19.3,19.33,6275,81623,False
2013-03-26,SBH14,19.32,19.35,19.16,19.19,6921,81623,False
2013-03-27,SBH14,19.2,19.22,19.13,19.14,6188,84181,False
2013-03-28,SBH14,19.17,19.18,18.94,19.05,11929,88381,False
2013-04-01,SBH14,19.05,19.09,18.99,19.03,3668,89010,False
2013-04-02,SBH14,19.03,19.07,18.89,19.01,5712,90280,False
2013-04-03,SBH14,19.03,19.1,18.88,18.9,4468,90457,False
2013-04-04,SBH14,18.94,19.02,18.87,18.95,6306,91322,False
2013-04-05,SBH14,19.01,19.01,18.88,18.94,3388,91202,False
2013-04-08,SBH14,18.9,19.09,18.82,18.97,5490,92085,False
2013-04-09,SBH14,18.95,19.03,18.86,18.97,2686,92251,False
2013-04-10,SBH14,19.01,19.09,18.96,19.07,7360,93247,False
2013-04-11,SBH14,19.08,19.08,18.89,19.02,6785,95361,False
2013-04-12,SBH14,19.0,19.16,18.95,19.06,5211,95796,False
2013-04-15,SBH14,19.07,19.07,18.74,18.76,7329,96499,False
2013-04-16,SBH14,18.75,19.03,18.73,19.03,4580,96417,False
2013-04-17,SBH14,18.98,19.04,18.89,18.98,6712,98104,False
2013-04-18,SBH14,18.95,19.06,18.68,18.84,8091,98243,False
2013-04-19,SBH14,18.87,19.14,18.7,19.08,7158,98957,False
2013-04-22,SBH14,19.04,19.04,18.82,18.93,3046,98966,False
2013-04-23,SBH14,18.89,19.03,18.86,18.94,8335,98029,False
2013-04-24,SBH14,18.94,18.97,18.61,18.65,12214,98205,False
2013-04-25,SBH14,18.64,18.66,18.53,18.63,8277,98820,False
2013-04-26,SBH14,18.65,18.71,18.58,18.68,3119,99109,False
2013-04-29,SBH14,18.68,18.79,18.58,18.73,9379,99019,False
2013-04-30,SBH14,18.76,18.96,18.74,18.85,8633,99819,False
2013-05-01,SBH14,18.87,18.91,18.58,18.62,5733,100558,False
2013-05-02,SBH14,18.63,18.86,18.47,18.85,11570,102256,False
2013-05-03,SBH14,18.83,18.86,18.67,18.77,14814,102975,False
2013-05-06,SBH14,18.85,19.08,18.77,19.01,4217,103069,False
2013-05-07,SBH14,18.98,19.02,18.76,18.89,4863,104710,False
2013-05-08,SBH14,18.87,18.92,18.69,18.73,4412,105439,False
2013-05-09,SBH14,18.7,18.9,18.66,18.77,18729,109433,False
2013-05-10,SBH14,18.77,18.88,18.68,18.7,5385,110039,False
2013-05-13,SBH14,18.69,18.8,18.54,18.57,6436,111442,False
2013-05-14,SBH14,18.51,18.58,18.35,18.37,8912,112589,False
2013-05-15,SBH14,18.36,18.44,18.25,18.25,6539,113329,False
2013-05-16,SBH14,18.3,18.3,18.1,18.11,7354,114027,False
2013-05-17,SBH14,18.11,18.27,18.09,18.13,7734,115936,False
2013-05-20,SBH14,18.15,18.24,18.04,18.07,4655,115390,False
2013-05-21,SBH14,18.09,18.22,17.98,18.17,7066,116199,False
2013-05-22,SBH14,18.16,18.25,17.97,18.01,10813,117744,False
2013-05-23,SBH14,17.95,18.2,17.92,18.09,8051,117428,False
2013-05-24,SBH14,18.07,18.21,18.06,18.16,5199,118693,False
2013-05-28,SBH14,18.21,18.31,17.99,18.01,7424,119144,False
2013-05-29,SBH14,18.01,18.08,17.87,17.9,13859,118728,False
2013-05-30,SBH14,17.92,17.99,17.86,17.87,7129,119013,False
2013-05-31,SBH14,17.92,17.97,17.82,17.86,11835,121167,False
2013-06-03,SBH14,17.85,17.95,17.75,17.77,17363,124727,False
2013-06-04,SBH14,17.75,17.8,17.62,17.69,10235,126653,False
2013-06-05,SBH14,17.73,17.81,17.6,17.65,10263,128478,False
2013-06-06,SBH14,17.63,17.69,17.55,17.65,17204,129825,False
2013-06-07,SBH14,17.7,17.74,17.53,17.7,14622,132355,False
2013-06-10,SBH14,17.76,17.76,17.66,17.7,11465,134716,False
2013-06-11,SBH14,17.7,17.75,17.5,17.63,15799,137337,False
2013-06-12,SBH14,17.57,17.67,17.52,17.53,10536,140406,False
2013-06-13,SBH14,17.51,17.6,17.44,17.49,15029,144770,False
2013-06-14,SBH14,17.48,17.98,17.46,17.96,27471,149880,False
2013-06-17,SBH14,17.95,18.11,17.69,18.08,38314,152668,False
2013-06-18,SBH14,18.08,18.08,17.78,17.89,18007,156919,False
2013-06-19,SBH14,17.86,18.16,17.75,18.08,34653,156921,False
2013-06-20,SBH14,17.99,17.99,17.43,17.46,21012,158677,False
2013-06-21,SBH14,17.45,17.74,17.45,17.69,14764,160986,False
2013-06-24,SBH14,17.69,17.94,17.55,17.86,21743,162067,False
2013-06-25,SBH14,17.86,18.19,17.86,18.08,31139,161900,False
2013-06-26,SBH14,18.0,18.1,17.9,18.08,9955,162177,False
2013-06-27,SBH14,18.06,18.11,17.7,17.83,26474,164462,False
2013-06-28,SBH14,17.83,17.96,17.68,17.74,19149,164888,False
2013-07-01,SBH14,17.76,17.86,17.44,17.56,24633,166117,False
2013-07-02,SBH14,17.56,17.58,17.31,17.4,22306,168224,False
2013-07-03,SBH14,17.35,17.42,17.23,17.25,18240,168053,False
2013-07-05,SBH14,17.32,17.32,17.06,17.09,15603,170946,False
2013-07-08,SBH14,17.09,17.19,17.07,17.15,9765,172600,False
2013-07-09,SBH14,17.1,17.2,17.1,17.14,15595,175444,False
2013-07-10,SBH14,17.08,17.24,17.0,17.05,23606,180709,False
2013-07-11,SBH14,17.05,17.13,16.87,16.9,22466,184437,False
2013-07-12,SBH14,16.97,16.98,16.81,16.85,19074,190000,False
2013-07-15,SBH14,16.85,16.96,16.81,16.92,14655,189354,False
2013-07-16,SBH14,16.9,16.98,16.7,16.76,14667,191250,False
2013-07-17,SBH14,16.8,16.85,16.74,16.78,23831,193746,False
2013-07-18,SBH14,16.78,17.11,16.78,16.9,27818,192096,False
2013-07-19,SBH14,16.91,17.04,16.9,16.98,16846,193358,False
2013-07-22,SBH14,17.01,17.16,17.0,17.09,12757,193994,False
2013-07-23,SBH14,17.09,17.21,16.97,17.02,16831,195492,False
2013-07-24,SBH14,17.02,17.04,16.8,16.84,19712,196560,False
2013-07-25,SBH14,16.84,17.11,16.84,17.03,27411,193022,False
2013-07-26,SBH14,17.03,17.08,16.93,17.06,21241,193747,False
2013-07-29,SBH14,17.01,17.45,16.99,17.43,40584,195396,False
2013-07-30,SBH14,17.43,17.48,17.34,17.45,24729,195365,False
2013-07-31,SBH14,17.4,17.56,17.18,17.47,39505,197670,False
2013-08-01,SBH14,17.46,17.52,17.29,17.36,20684,201657,False
2013-08-02,SBH14,17.36,17.45,17.28,17.38,38517,210602,False
2013-08-05,SBH14,17.37,17.41,17.14,17.18,12891,213027,False
2013-08-06,SBH14,17.18,17.25,17.13,17.16,11743,215033,False
2013-08-07,SBH14,17.16,17.41,17.13,17.39,11998,216845,False
2013-08-08,SBH14,17.39,17.43,17.28,17.4,17702,217585,False
2013-08-09,SBH14,17.42,17.58,17.39,17.54,19604,218244,False
2013-08-12,SBH14,17.56,17.73,17.45,17.68,26057,219182,False
2013-08-13,SBH14,17.68,17.78,17.61,17.73,27702,219921,False
2013-08-14,SBH14,17.72,17.76,17.64,17.74,14906,218037,False
2013-08-15,SBH14,17.71,17.75,17.52,17.68,15757,219398,False
2013-08-16,SBH14,17.64,17.73,17.42,17.48,27980,222972,False
2013-08-19,SBH14,17.43,17.43,17.02,17.1,27402,229547,False
2013-08-20,SBH14,17.14,17.19,17.06,17.07,20107,232637,False
2013-08-21,SBH14,17.1,17.14,16.89,16.9,20274,236809,False
2013-08-22,SBH14,16.96,16.96,16.79,16.83,42446,239864,False
2013-08-23,SBH14,16.94,17.04,16.85,16.99,25821,241204,False
2013-08-26,SBH14,17.01,17.15,16.99,17.11,18364,243397,False
2013-08-27,SBH14,17.08,17.1,16.84,16.95,32013,246404,False
2013-08-28,SBH14,16.94,17.02,16.88,16.93,24122,251050,False
2013-08-29,SBH14,16.97,17.0,16.84,16.89,29097,257973,False
2013-08-30,SBH14,16.88,16.94,16.85,16.88,19572,261738,False
2013-09-03,SBH14,16.92,17.07,16.92,17.03,40565,277526,False
2013-09-04,SBH14,17.06,17.07,16.92,16.96,39099,281665,False
2013-09-05,SBH14,16.98,17.12,16.96,17.08,28377,290029,False
2013-09-06,SBH14,17.14,17.41,17.11,17.3,59329,295804,False
2013-09-09,SBH14,17.3,17.5,17.3,17.49,67490,316231,False
2013-09-10,SBH14,17.48,17.65,17.41,17.63,85323,333654,False
2013-09-11,SBH14,17.59,17.76,17.57,17.64,109949,356432,False
2013-09-12,SBH14,17.59,17.75,17.59,17.73,84026,379713,False
2013-09-13,SBH14,17.72,17.76,17.55,17.68,77681,407229,False
2013-09-16,SBH14,17.56,17.6,17.48,17.53,70006,422922,False
2013-09-17,SBH14,17.53,17.54,17.36,17.4,79694,426113,False
2013-09-18,SBH14,17.45,17.51,17.35,17.48,55959,440784,False
2013-09-19,SBH14,17.58,17.8,17.54,17.74,91834,457275,False
2013-09-20,SBH14,17.79,17.9,17.67,17.74,74370,460580,False
2013-09-23,SBH14,17.68,17.81,17.52,17.76,65373,470480,False
2013-09-24,SBH14,17.79,17.96,17.77,17.93,89181,481102,False
2013-09-25,SBH14,17.93,18.22,17.83,18.19,106874,499338,False
2013-09-26,SBH14,18.19,18.24,18.09,18.19,70193,501714,False
2013-09-27,SBH14,18.14,18.16,17.65,17.74,119997,501991,False
2013-09-30,SBH14,17.73,18.17,17.61,18.14,74037,505105,False
2013-10-01,SBH14,18.13,18.38,18.06,18.32,56350,500977,False
2013-10-02,SBH14,18.32,18.56,18.22,18.51,77129,499561,False
2013-10-03,SBH14,18.47,18.54,18.42,18.52,54117,500609,False
2013-10-04,SBH14,18.52,18.54,18.36,18.48,34374,500160,False
2013-10-07,SBH14,18.5,18.65,18.49,18.59,52655,506757,False
2013-10-08,SBH14,18.6,18.67,18.45,18.62,40780,506007,False
2013-10-09,SBH14,18.6,18.62,18.47,18.59,41390,508781,False
2013-10-10,SBH14,18.55,18.76,18.46,18.72,50405,510996,False
2013-10-11,SBH14,18.75,18.95,18.72,18.93,58836,510549,False
2013-10-14,SBH14,18.91,19.11,18.84,19.05,50336,507521,False
2013-10-15,SBH14,19.05,19.15,18.55,18.7,75349,505042,False
2013-10-16,SBH14,18.71,19.04,18.63,19.01,61241,508125,False
2013-10-17,SBH14,18.97,19.04,18.87,19.0,35754,506655,False
2013-10-18,SBH14,18.98,20.16,18.93,19.5,205666,495504,False
2013-10-21,SBH14,19.5,19.69,19.33,19.42,57260,494466,False
2013-10-22,SBH14,19.42,19.49,19.25,19.45,43241,494589,False
2013-10-23,SBH14,19.42,19.45,19.22,19.28,33285,492125,False
2013-10-24,SBH14,19.21,19.22,18.8,18.97,55553,489627,False
2013-10-25,SBH14,18.88,19.07,18.8,19.03,42693,489359,False
2013-10-28,SBH14,19.03,19.06,18.86,18.91,28589,491366,False
2013-10-29,SBH14,18.85,18.88,18.43,18.45,67989,479137,False
2013-10-30,SBH14,18.54,18.55,18.28,18.32,56367,476582,False
2013-10-31,SBH14,18.36,18.43,18.26,18.32,39188,474947,False
2013-11-01,SBH14,18.33,18.37,18.2,18.25,41887,474411,False
2013-11-04,SBH14,18.17,18.38,18.17,18.32,37672,473208,False
2013-11-05,SBH14,18.36,18.45,18.23,18.26,44047,467593,False
2013-11-06,SBH14,18.27,18.28,18.08,18.1,60567,459409,False
2013-11-07,SBH14,18.05,18.14,17.93,18.04,65106,458092,False
2013-11-08,SBH14,18.1,18.16,17.95,18.08,41533,456104,False
2013-11-11,SBH14,18.05,18.14,17.94,17.97,33048,447595,False
2013-11-12,SBH14,17.97,18.02,17.84,17.87,48696,444118,False
2013-11-13,SBH14,17.9,17.93,17.79,17.8,34956,443378,False
2013-11-14,SBH14,17.85,17.85,17.62,17.64,56703,443932,False
2013-11-15,SBH14,17.64,17.68,17.5,17.55,52697,441510,False
2013-11-18,SBH14,17.6,17.81,17.6,17.75,44659,436918,False
2013-11-19,SBH14,17.75,17.85,17.64,17.65,30816,436502,False
2013-11-20,SBH14,17.64,17.75,17.57,17.6,38139,435309,False
2013-11-21,SBH14,17.65,17.65,17.5,17.51,48565,432171,False
2013-11-22,SBH14,17.51,17.53,17.33,17.4,67721,421071,False
2013-11-25,SBH14,17.45,17.48,17.3,17.32,36919,419894,False
2013-11-26,SBH14,17.31,17.4,17.26,17.3,42142,416855,False
2013-11-27,SBH14,17.36,17.46,17.21,17.22,36353,412398,False
2013-11-29,SBH14,17.25,17.29,17.15,17.15,26420,408699,False
2013-12-02,SBH14,17.18,17.25,16.92,16.97,62280,408600,False
2013-12-03,SBH14,16.95,16.97,16.8,16.81,63039,407053,False
2013-12-04,SBH14,16.83,16.87,16.66,16.68,46284,408903,False
2013-12-05,SBH14,16.68,16.76,16.55,16.69,48007,414945,False
2013-12-06,SBH14,16.78,16.84,16.56,16.59,49461,417364,False
2013-12-09,SBH14,16.55,16.77,16.52,16.55,45717,419420,False
2013-12-10,SBH14,16.53,16.84,16.45,16.62,71650,425839,False
2013-12-11,SBH14,16.63,16.72,16.48,16.51,45539,426053,False
2013-12-12,SBH14,16.49,16.54,16.29,16.3,56644,426474,False
2013-12-13,SBH14,16.32,16.37,16.22,16.27,50043,426866,False
2013-12-16,SBH14,16.32,16.36,16.24,16.27,44543,421770,False
2013-12-17,SBH14,16.25,16.27,15.91,15.96,72558,426392,False
2013-12-18,SBH14,15.96,16.07,15.86,15.89,45483,424921,False
2013-12-19,SBH14,15.89,16.23,15.89,16.15,53577,421495,False
2013-12-20,SBH14,16.18,16.48,16.18,16.45,66578,419102,False
2013-12-23,SBH14,16.48,16.48,16.22,16.23,31159,420585,False
2013-12-24,SBH14,16.25,16.36,16.2,16.21,15710,421405,False
2013-12-26,SBH14,16.26,16.37,16.21,16.29,12383,418727,False
2013-12-27,SBH14,16.32,16.49,16.29,16.43,29753,415920,False
2013-12-30,SBH14,16.4,16.52,16.34,16.38,23671,416454,False
2013-12-31,SBH14,16.35,16.58,16.3,16.41,18899,413914,False
2014-01-02,SBK14,16.5,16.56,16.4,16.44,11667,150974,True
2014-01-03,SBK14,16.41,16.5,16.23,16.24,14258,152469,False
2014-01-06,SBK14,16.22,16.34,16.15,16.25,11878,152546,False
2014-01-07,SBK14,16.26,16.33,16.14,16.22,13368,151183,False
2014-01-08,SBK14,16.22,16.23,15.89,15.93,29248,149936,False
2014-01-09,SBK14,16.0,16.0,15.58,15.64,36829,154242,False
2014-01-10,SBK14,15.64,15.74,15.57,15.72,23618,149265,False
2014-01-13,SBK14,15.78,15.81,15.59,15.74,13158,147015,False
2014-01-14,SBK14,15.77,15.8,15.6,15.66,20925,142289,False
2014-01-15,SBK14,15.67,15.67,15.32,15.42,33915,146333,False
2014-01-16,SBK14,15.42,15.7,15.3,15.62,18245,147485,False
2014-01-17,SBK14,15.67,15.67,15.33,15.4,18681,147515,False
2014-01-21,SBK14,15.48,15.49,15.33,15.41,24392,151106,False
2014-01-22,SBK14,15.44,15.46,15.2,15.25,35536,155711,False
2014-01-23,SBK14,15.27,15.42,15.23,15.26,25982,159328,False
2014-01-24,SBK14,15.26,15.35,15.21,15.29,25203,165854,False
2014-01-27,SBK14,15.33,15.33,15.0,15.03,31993,168614,False
2014-01-28,SBK14,15.0,15.29,14.92,15.23,34153,167015,False
2014-01-29,SBK14,15.28,15.28,14.94,14.95,27195,169690,False
2014-01-30,SBK14,14.98,15.24,14.94,15.2,27300,170166,False
2014-01-31,SBK14,15.2,15.92,15.19,15.76,68716,179526,False
2014-02-03,SBK14,15.72,15.96,15.66,15.94,40576,185165,False
2014-02-04,SBK14,15.94,16.58,15.81,16.32,62941,195837,False
2014-02-05,SBK14,16.35,16.5,16.18,16.38,54366,203856,False
2014-02-06,SBK14,16.36,16.43,16.0,16.12,51444,211636,False
2014-02-07,SBK14,16.1,16.14,15.86,16.02,62204,230707,False
2014-02-10,SBK14,15.8,15.96,15.68,15.93,63469,252696,False
2014-02-11,SBK14,15.95,16.02,15.7,15.73,84212,282539,False
2014-02-12,SBK14,15.71,16.21,15.57,16.11,88140,299892,False
2014-02-13,SBK14,16.11,16.21,15.85,16.04,84029,321806,False
2014-02-14,SBK14,16.0,16.02,15.87,15.99,49729,338020,False
2014-02-18,SBK14,16.02,16.55,16.01,16.5,112559,366587,False
2014-02-19,SBK14,16.57,16.88,16.4,16.85,81517,375405,False
2014-02-20,SBK14,16.83,16.85,16.62,16.69,63745,381774,False
2014-02-21,SBK14,16.73,17.14,16.71,17.07,81787,390683,False
2014-02-24,SBK14,17.12,17.79,17.1,17.68,160924,398771,False
2014-02-25,SBK14,17.75,18.08,17.57,17.68,127668,394968,False
2014-02-26,SBK14,17.67,17.69,17.03,17.67,103367,393818,False
2014-02-27,SBK14,17.7,18.13,17.61,18.07,93359,394512,False
2014-02-28,SBK14,18.03,18.03,17.51,17.66,90860,382574,False
2014-03-03,SBN14,17.72,18.12,17.57,17.98,35875,182256,True
2014-03-04,SBN14,17.97,17.97,17.68,17.94,28712,180209,False
2014-03-05,SBN14,17.92,18.4,17.92,18.36,36040,182402,False
2014-03-06,SBN14,18.4,18.57,18.2,18.5,46205,182979,False
2014-03-07,SBN14,18.49,18.56,18.07,18.21,28272,184624,False
2014-03-10,SBN14,18.05,18.49,17.64,18.36,26609,182665,False
2014-03-11,SBN14,18.32,18.5,18.01,18.22,27855,180224,False
2014-03-12,SBN14,18.17,18.21,17.83,17.92,44344,182492,False
2014-03-13,SBN14,17.92,18.11,17.8,18.09,26280,182411,False
2014-03-14,SBN14,18.0,18.0,17.45,17.61,43607,182535,False
2014-03-17,SBN14,17.6,17.66,17.31,17.4,18774,181098,False
2014-03-18,SBN14,17.4,17.5,17.29,17.48,14059,180765,False
2014-03-19,SBN14,17.48,17.69,17.43,17.65,18198,182636,False
2014-03-20,SBN14,17.6,17.67,17.36,17.39,22513,183356,False
2014-03-21,SBN14,17.36,17.39,17.08,17.2,22092,183474,False
2014-03-24,SBN14,17.16,17.32,17.05,17.21,15244,183539,False
2014-03-25,SBN14,17.19,17.38,17.13,17.36,13748,183533,False
2014-03-26,SBN14,17.4,17.89,17.36,17.74,25437,186828,False
2014-03-27,SBN14,17.9,18.22,17.85,18.21,40051,187963,False
2014-03-28,SBN14,18.23,18.42,18.0,18.27,40780,189616,False
2014-03-31,SBN14,18.26,18.27,18.03,18.13,25335,192560,False
2014-04-01,SBN14,18.15,18.15,17.49,17.61,47281,203321,False
2014-04-02,SBN14,17.58,17.58,17.26,17.44,32879,211028,False
2014-04-03,SBN14,17.44,17.62,17.34,17.61,25964,217364,False
2014-04-04,SBN14,17.61,17.82,17.44,17.79,32257,221811,False
2014-04-07,SBN14,17.77,17.8,17.45,17.51,68237,243599,False
2014-04-08,SBN14,17.51,17.79,17.39,17.78,59388,264573,False
2014-04-09,SBN14,17.76,17.93,17.54,17.63,65826,286980,False
2014-04-10,SBN14,17.69,17.86,17.59,17.68,62174,309356,False
2014-04-11,SBN14,17.74,17.79,17.42,17.46,65137,334102,False
2014-04-14,SBN14,17.51,17.66,17.24,17.32,60471,352544,False
2014-04-15,SBN14,17.34,17.53,17.31,17.47,64950,372724,False
2014-04-16,SBN14,17.55,17.95,17.44,17.69,78587,390931,False
2014-04-17,SBN14,17.68,17.68,17.18,17.33,70456,396087,False
2014-04-21,SBN14,17.35,17.6,17.3,17.53,26514,400785,False
2014-04-22,SBN14,17.5,17.69,17.42,17.62,41458,402306,False
2014-04-23,SBN14,17.69,18.03,17.59,17.98,69445,414914,False
2014-04-24,SBN14,17.91,18.03,17.68,17.74,60107,422355,False
2014-04-25,SBN14,17.69,17.95,17.63,17.85,41836,428763,False
2014-04-28,SBN14,17.83,17.86,17.53,17.56,49674,432059,False
2014-04-29,SBN14,17.57,17.64,17.34,17.57,48518,431957,False
2014-04-30,SBN14,17.62,17.88,17.61,17.72,56600,435018,False
2014-05-01,SBV14,18.3,18.47,18.26,18.43,10063,157191,True
2014-05-02,SBV14,18.45,18.45,18.06,18.11,16885,160761,False
2014-05-05,SBV14,18.08,18.18,17.95,18.14,10653,163228,False
2014-05-06,SBV14,18.1,18.19,17.82,17.88,20911,164619,False
2014-05-07,SBV14,17.87,18.06,17.81,17.96,26972,166646,False
2014-05-08,SBV14,17.96,18.05,17.79,17.94,21491,172333,False
2014-05-09,SBV14,17.93,17.98,17.85,17.9,13981,175471,False
2014-05-12,SBV14,17.88,18.01,17.83,17.98,7559,177532,False
2014-05-13,SBV14,18.01,18.5,17.99,18.46,30279,187167,False
2014-05-14,SBV14,18.47,18.9,18.47,18.88,32580,196228,False
2014-05-15,SBV14,18.82,18.91,18.5,18.86,41963,202712,False
2014-05-16,SBV14,18.8,18.89,18.55,18.59,17339,203991,False
2014-05-19,SBV14,18.64,18.68,18.44,18.5,19212,207967,False
2014-05-20,SBV14,18.49,18.61,18.33,18.38,28274,212370,False
2014-05-21,SBV14,18.39,18.39,18.19,18.32,36859,216074,False
2014-05-22,SBV14,18.4,18.4,18.18,18.21,30021,220636,False
2014-05-23,SBV14,18.15,18.25,18.1,18.19,15263,220636,False
2014-05-27,SBV14,18.1,18.14,17.8,17.87,40221,230334,False
2014-05-28,SBV14,17.9,18.01,17.87,17.95,21727,237431,False
2014-05-29,SBV14,18.01,18.38,18.0,18.31,25831,241620,False
2014-05-30,SBV14,18.33,18.36,18.09,18.19,31514,252695,False
2014-06-02,SBV14,18.2,18.33,17.99,18.06,45627,265222,False
2014-06-03,SBV14,18.02,18.16,18.01,18.09,37970,274297,False
2014-06-04,SBV14,18.05,18.11,17.89,17.93,46245,282647,False
2014-06-05,SBV14,17.93,17.97,17.64,17.66,48876,292877,False
2014-06-06,SBV14,17.64,17.78,17.56,17.72,63214,313633,False
2014-06-09,SBV14,17.72,17.91,17.7,17.76,63740,333918,False
2014-06-10,SBV14,17.74,17.87,17.64,17.76,84978,364113,False
2014-06-11,SBV14,17.7,17.74,17.55,17.62,71372,389461,False
2014-06-12,SBV14,17.6,17.64,17.5,17.51,70359,418189,False
2014-06-13,SBV14,17.56,17.98,17.47,17.85,63278,435326,False
2014-06-16,SBV14,17.99,18.03,17.82,17.97,63974,448829,False
2014-06-17,SBV14,17.92,17.95,17.83,17.91,43357,455548,False
2014-06-18,SBV14,17.95,18.37,17.86,18.35,90365,474632,False
2014-06-19,SBV14,18.29,18.73,18.19,18.69,92519,486180,False
2014-06-20,SBV14,18.61,18.79,18.58,18.75,57958,488752,False
2014-06-23,SBV14,18.8,18.81,18.59,18.71,66331,500084,False
2014-06-24,SBV14,18.61,18.71,18.47,18.69,64314,511058,False
2014-06-25,SBV14,18.68,18.7,18.42,18.61,65549,517302,False
2014-06-26,SBV14,18.61,18.75,18.58,18.73,70783,520809,False
2014-06-27,SBV14,18.7,18.72,18.23,18.32,75225,512297,False
2014-06-30,SBV14,18.2,18.29,17.98,18.01,66893,504791,False
2014-07-01,SBV14,18.04,18.04,17.71,17.8,72375,498179,False
2014-07-02,SBV14,17.83,17.96,17.65,17.87,63085,489547,False
2014-07-03,SBV14,17.9,17.93,17.73,17.81,31429,484857,False
2014-07-07,SBV14,17.75,17.75,17.34,17.51,70315,480479,False
2014-07-08,SBV14,17.55,17.78,17.4,17.68,59813,478845,False
2014-07-09,SBV14,17.7,17.77,17.27,17.42,57305,472598,False
2014-07-10,SBV14,17.45,17.45,17.15,17.29,65293,463255,False
2014-07-11,SBV14,17.29,17.29,17.0,17.07,53239,460057,False
2014-07-14,SBV14,17.14,17.33,17.1,17.19,48714,455574,False
2014-07-15,SBV14,17.18,17.28,17.15,17.21,41642,452555,False
2014-07-16,SBV14,17.24,17.31,17.02,17.07,47394,454574,False
2014-07-17,SBV14,17.07,17.1,16.87,16.92,47268,460541,False
2014-07-18,SBV14,17.01,17.2,16.93,16.97,36169,463959,False
2014-07-21,SBV14,17.05,17.44,17.0,17.28,63665,464577,False
2014-07-22,SBV14,17.3,17.33,16.96,17.16,53154,467879,False
2014-07-23,SBV14,17.19,17.23,16.92,16.96,36000,467536,False
2014-07-24,SBV14,16.96,17.33,16.94,17.05,39122,465925,False
2014-07-25,SBV14,17.01,17.23,16.98,17.14,34597,463937,False
2014-07-28,SBV14,17.17,17.18,16.9,16.94,36334,458695,False
2014-07-29,SBV14,16.92,16.93,16.6,16.62,60599,455463,False
2014-07-30,SBV14,16.64,16.73,16.52,16.63,37334,455433,False
2014-07-31,SBV14,16.68,16.72,16.42,16.46,51949,456941,False
2014-08-01,SBH15,18.25,18.33,18.02,18.2,24672,231414,True
2014-08-04,SBH15,18.42,18.7,18.1,18.13,46389,236946,False
2014-08-05,SBH15,18.12,18.17,17.91,17.97,21553,235265,False
2014-08-06,SBH15,17.97,18.13,17.88,18.01,33003,241853,False
2014-08-07,SBH15,18.01,18.31,17.68,17.7,28882,240983,False
2014-08-08,SBH15,17.7,17.84,17.67,17.78,16856,241537,False
2014-08-11,SBH15,17.77,17.99,17.67,17.83,19389,244447,False
2014-08-12,SBH15,17.83,18.02,17.72,17.74,26901,247193,False
2014-08-13,SBH15,17.73,17.94,17.7,17.8,19752,246947,False
2014-08-14,SBH15,17.83,17.84,17.67,17.75,17223,247491,False
2014-08-15,SBH15,17.8,17.88,17.68,17.77,16180,250551,False
2014-08-18,SBH15,17.83,17.84,17.54,17.64,28354,247763,False
2014-08-19,SBH15,17.62,17.63,17.32,17.37,33323,246664,False
2014-08-20,SBH15,17.37,17.63,17.29,17.6,21928,247613,False
2014-08-21,SBH15,17.6,17.87,17.56,17.83,29750,246747,False
2014-08-22,SBH15,17.82,17.83,17.43,17.51,20686,248101,False
2014-08-25,SBH15,17.51,17.64,17.27,17.33,25588,248402,False
2014-08-26,SBH15,17.33,17.66,17.33,17.63,30909,252866,False
2014-08-27,SBH15,17.66,17.8,17.49,17.5,32254,255782,False
2014-08-28,SBH15,17.45,17.67,17.42,17.54,20229,257770,False
2014-08-29,SBH15,17.55,17.64,17.39,17.44,18488,257112,False
2014-09-02,SBH15,17.52,17.76,17.49,17.73,27714,266291,False
2014-09-03,SBH15,17.75,17.76,17.52,17.59,39482,277523,False
2014-09-04,SBH15,17.61,17.69,17.16,17.29,64052,289332,False
2014-09-05,SBH15,17.3,17.43,17.21,17.23,37128,291164,False
2014-09-08,SBH15,17.21,17.3,17.19,17.21,51310,313331,False
2014-09-09,SBH15,17.21,17.3,16.97,17.08,67783,335518,False
2014-09-10,SBH15,17.0,17.05,16.67,16.75,82387,359247,False
2014-09-11,SBH15,16.7,16.8,16.61,16.63,84048,386265,False
2014-09-12,SBH15,16.6,16.69,16.31,16.32,112304,418697,False
2014-09-15,SBH15,16.31,16.38,16.1,16.27,81662,433803,False
2014-09-16,SBH15,16.25,16.35,16.13,16.17,51991,444050,False
2014-09-17,SBH15,16.18,16.31,15.89,16.25,85049,463582,False
2014-09-18,SBH15,16.25,16.35,15.9,15.95,73234,475035,False
2014-09-19,SBH15,15.88,16.02,15.77,15.8,48043,479891,False
2014-09-22,SBH15,15.77,15.86,15.55,15.64,99099,485810,False
2014-09-23,SBH15,15.6,16.07,15.51,15.73,86062,496666,False
2014-09-24,SBH15,15.64,15.96,15.64,15.9,53270,500561,False
2014-09-25,SBH15,16.02,16.39,15.97,16.08,95781,511099,False
2014-09-26,SBH15,16.22,16.64,16.2,16.56,67537,506341,False
2014-09-29,SBH15,16.69,16.91,16.26,16.8,71409,501856,False
2014-09-30,SBH15,16.8,16.94,16.39,16.45,64742,493041,False
2014-10-01,SBH15,16.38,16.45,15.89,16.04,64820,489423,False
2014-10-02,SBH15,16.12,16.27,15.9,16.05,42874,485229,False
2014-10-03,SBH15,16.05,16.49,16.0,16.44,32049,485168,False
2014-10-06,SBH15,16.55,16.99,16.55,16.98,55007,476629,False
2014-10-07,SBH15,17.0,17.12,16.88,17.03,48837,471708,False
2014-10-08,SBH15,16.97,16.99,16.7,16.92,43217,468714,False
2014-10-09,SBH15,16.91,17.2,16.62,16.7,59265,470480,False
2014-10-10,SBH15,16.68,16.76,16.52,16.55,32187,468865,False
2014-10-13,SBH15,16.57,16.72,16.52,16.67,22275,468553,False
2014-10-14,SBH15,16.68,16.85,16.57,16.81,31625,468927,False
2014-10-15,SBH15,16.9,16.96,16.41,16.5,59129,470621,False
2014-10-16,SBH15,16.55,16.71,16.28,16.67,54741,469624,False
2014-10-17,SBH15,16.63,16.74,16.43,16.62,33574,467295,False
2014-10-20,SBH15,16.69,16.89,16.6,16.68,43369,464263,False
2014-10-21,SBH15,16.7,16.73,16.36,16.44,37675,464380,False
2014-10-22,SBH15,16.64,16.68,16.47,16.5,32054,470675,False
2014-10-23,SBH15,16.5,16.59,16.13,16.16,62761,475812,False
2014-10-24,SBH15,16.28,16.49,16.23,16.38,48555,476679,False
2014-10-27,SBH15,16.17,16.18,15.91,16.03,60504,477198,False
2014-10-28,SBH15,16.03,16.2,15.94,16.13,35410,475323,False
2014-10-29,SBH15,16.2,16.4,16.18,16.3,36655,473691,False
2014-10-30,SBH15,16.34,16.37,16.15,16.3,31671,476601,False
2014-10-31,SBH15,16.29,16.32,16.0,16.04,40270,479709,False
2014-11-03,SBH15,16.0,16.06,15.91,15.93,33714,479881,False
2014-11-04,SBH15,15.9,15.94,15.65,15.68,63538,480319,False
2014-11-05,SBH15,15.71,15.82,15.5,15.51,52625,480947,False
2014-11-06,SBH15,15.55,15.63,15.42,15.48,43247,484797,False
2014-11-07,SBH15,15.66,15.86,15.53,15.69,58859,481840,False
2014-11-10,SBH15,15.79,15.8,15.54,15.66,31498,480836,False
2014-11-11,SBH15,15.66,16.35,15.6,16.23,90882,477092,False
2014-11-12,SBH15,16.3,16.44,16.09,16.36,58039,468968,False
2014-11-13,SBH15,16.22,16.34,15.94,16.01,53902,468968,False
2014-11-14,SBH15,16.06,16.08,15.74,15.9,37647,468665,False
2014-11-17,SBH15,15.9,15.98,15.66,15.77,38837,467148,False
2014-11-18,SBH15,15.8,15.87,15.65,15.71,36001,467843,False
2014-11-19,SBH15,15.72,15.97,15.65,15.87,37849,465706,False
2014-11-20,SBH15,15.85,16.22,15.83,16.1,47573,459109,False
2014-11-21,SBH15,16.05,16.18,15.87,16.09,45439,456089,False
2014-11-24,SBH15,16.05,16.1,15.96,16.0,31960,455459,False
2014-11-25,SBH15,16.07,16.2,15.9,16.0,39522,457583,False
2014-11-26,SBH15,16.0,16.13,15.96,16.12,30517,455942,False
2014-11-28,SBH15,15.96,15.99,15.53,15.59,63614,462828,False
2014-12-01,SBH15,15.52,15.75,15.35,15.59,50601,461948,False
2014-12-02,SBH15,15.54,15.68,15.21,15.24,67906,460912,False
2014-12-03,SBH15,15.21,15.26,15.07,15.09,49008,460659,False
2014-12-04,SBH15,15.12,15.24,15.02,15.21,43802,459332,False
2014-12-05,SBH15,15.21,15.25,15.06,15.14,33865,452482,False
2014-12-08,SBH15,15.25,15.43,15.19,15.3,43016,446521,False
2014-12-09,SBH15,15.25,15.45,15.21,15.42,43081,447013,False
2014-12-10,SBH15,15.54,15.62,15.44,15.47,46408,444892,False
2014-12-11,SBH15,15.43,15.51,15.1,15.15,45032,447541,False
2014-12-12,SBH15,15.14,15.21,14.96,14.98,39168,449422,False
2014-12-15,SBH15,15.0,15.15,14.89,14.96,49724,447103,False
2014-12-16,SBH15,14.96,14.98,14.67,14.71,61555,441459,False
2014-12-17,SBH15,14.7,14.87,14.62,14.72,51636,441935,False
2014-12-18,SBH15,14.79,15.02,14.76,14.99,39971,440962,False
2014-12-19,SBH15,14.94,15.1,14.88,14.98,24895,442171,False
2014-12-22,SBH15,15.0,15.2,14.8,14.86,40006,436163,False
2014-12-23,SBH15,14.83,14.9,14.75,14.83,22896,432131,False
2014-12-24,SBH15,14.8,14.85,14.75,14.76,8648,432211,False
2014-12-26,SBH15,14.81,14.81,14.7,14.7,8137,433676,False
2014-12-29,SBH15,14.74,14.86,14.53,14.6,20904,432583,False
2014-12-30,SBH15,14.61,14.72,14.57,14.61,19110,433210,False
2014-12-31,SBH15,14.65,14.79,14.47,14.52,28169,431672,False
2015-01-02,SBK15,14.92,14.92,14.54,14.57,9532,151734,True
2015-01-05,SBK15,14.56,14.67,14.45,14.63,10623,151906,False
2015-01-06,SBK15,14.65,15.41,14.64,15.19,18121,152189,False
2015-01-07,SBK15,15.2,15.3,14.97,15.12,18502,151549,False
2015-01-08,SBK15,15.12,15.47,14.99,15.19,19247,149473,False
2015-01-09,SBK15,15.13,15.29,15.13,15.2,16980,145620,False
2015-01-12,SBK15,15.24,15.32,15.02,15.04,18825,144415,False
2015-01-13,SBK15,15.04,15.23,14.95,15.14,16840,143889,False
2015-01-14,SBK15,15.14,15.35,15.06,15.19,25100,148314,False
2015-01-15,SBK15,15.19,15.6,15.18,15.56,25487,146976,False
2015-01-16,SBK15,15.48,15.67,15.47,15.57,23614,144530,False
2015-01-20,SBK15,15.63,16.01,15.6,15.99,27684,146326,False
2015-01-21,SBK15,16.0,16.27,15.95,16.11,40864,150413,False
2015-01-22,SBK15,16.06,16.17,15.86,16.16,30969,153799,False
2015-01-23,SBK15,16.15,16.15,15.38,15.49,46655,157836,False
2015-01-26,SBK15,15.52,15.81,15.46,15.68,35244,163504,False
2015-01-27,SBK15,15.65,15.65,15.27,15.49,51952,175579,False
2015-01-28,SBK15,15.49,15.64,15.27,15.46,30858,179989,False
2015-01-29,SBK15,15.44,15.44,15.06,15.13,43143,190020,False
2015-01-30,SBK15,15.17,15.24,14.9,15.04,47272,201108,False
2015-02-02,SBK15,15.04,15.04,14.37,14.49,53138,219214,False
2015-02-03,SBK15,14.59,14.99,14.49,14.74,43540,233921,False
2015-02-04,SBK15,14.75,14.93,14.6,14.68,39137,244565,False
2015-02-05,SBK15,14.68,14.75,14.5,14.52,65435,253573,False
2015-02-06,SBK15,14.62,14.89,14.56,14.58,86338,272380,False
2015-02-09,SBK15,14.64,14.86,14.58,14.79,84331,283550,False
2015-02-10,SBK15,14.85,14.94,14.57,14.69,131067,313360,False
2015-02-11,SBK15,14.68,14.7,14.47,14.62,94287,337132,False
2015-02-12,SBK15,14.62,14.92,14.55,14.91,90185,361979,False
2015-02-13,SBK15,14.85,14.9,14.66,14.84,58132,368432,False
2015-02-17,SBK15,14.87,15.19,14.57,15.07,72425,370387,False
2015-02-18,SBK15,15.07,15.09,14.86,15.01,51056,367374,False
2015-02-19,SBK15,14.95,14.95,14.51,14.64,74683,371601,False
2015-02-20,SBK15,14.6,14.68,14.25,14.32,67795,373429,False
2015-02-23,SBK15,14.26,14.35,14.1,14.13,87128,377691,False
2015-02-24,SBK15,14.1,14.32,14.02,14.15,78842,388332,False
2015-02-25,SBK15,14.17,14.31,13.75,13.79,80900,395763,False
2015-02-26,SBK15,13.85,14.02,13.81,13.99,62142,396198,False
2015-02-27,SBK15,13.95,13.97,13.7,13.77,59775,403945,False
2015-03-02,SBN15,14.09,14.11,13.85,13.91,22161,175462,True
2015-03-03,SBN15,13.87,13.87,13.62,13.69,33722,172660,False
2015-03-04,SBN15,13.64,13.71,13.37,13.53,37317,172874,False
2015-03-05,SBN15,13.6,13.8,13.51,13.55,48430,175200,False
2015-03-06,SBN15,13.6,13.81,13.57,13.63,48660,175248,False
2015-03-09,SBN15,13.63,13.73,13.43,13.47,21617,175024,False
2015-03-10,SBN15,13.41,13.41,13.18,13.21,38721,175309,False
2015-03-11,SBN15,13.25,13.35,13.16,13.31,40522,177038,False
2015-03-12,SBN15,13.32,13.44,13.27,13.36,36223,180682,False
2015-03-13,SBN15,13.33,13.33,12.7,12.8,51198,185246,False
2015-03-16,SBN15,12.9,13.05,12.86,12.97,24992,184112,False
2015-03-17,SBN15,12.9,12.97,12.78,12.93,25911,189403,False
2015-03-18,SBN15,12.98,13.1,12.81,12.89,36200,191272,False
2015-03-19,SBN15,13.03,13.04,12.75,12.81,27564,195189,False
2015-03-20,SBN15,12.85,12.95,12.6,12.85,30319,197644,False
2015-03-23,SBN15,12.85,12.99,12.75,12.92,25400,201524,False
2015-03-24,SBN15,12.99,13.05,12.57,12.65,41897,196287,False
2015-03-25,SBN15,12.68,12.75,12.5,12.69,33510,197433,False
2015-03-26,SBN15,12.68,12.71,12.49,12.53,29068,204487,False
2015-03-27,SBN15,12.46,12.52,12.26,12.29,33857,210153,False
2015-03-30,SBN15,12.28,12.32,12.1,12.16,47408,215347,False
2015-03-31,SBN15,12.13,12.25,12.03,12.06,38210,219444,False
2015-04-01,SBN15,12.13,12.46,12.09,12.41,46959,228845,False
2015-04-02,SBN15,12.42,12.8,12.42,12.8,51855,234466,False
2015-04-06,SBN15,12.82,12.9,12.58,12.63,29188,242110,False
2015-04-07,SBN15,12.63,12.84,12.38,12.78,77239,257652,False
2015-04-08,SBN15,12.8,13.03,12.76,12.89,97865,277123,False
2015-04-09,SBN15,12.89,12.92,12.56,12.75,75156,288490,False
2015-04-10,SBN15,12.76,12.84,12.65,12.78,86384,314135,False
2015-04-13,SBN15,12.78,12.9,12.61,12.85,98723,342312,False
2015-04-14,SBN15,12.85,13.06,12.79,13.04,107834,369499,False
2015-04-15,SBN15,12.99,13.07,12.86,12.92,86879,379923,False
2015-04-16,SBN15,12.88,13.33,12.84,13.31,93760,399136,False
2015-04-17,SBN15,13.28,13.34,13.05,13.18,64416,405034,False
2015-04-20,SBN15,13.14,13.15,12.64,12.67,74149,406639,False
2015-04-21,SBN15,12.7,12.71,12.35,12.38,76735,412651,False
2015-04-22,SBN15,12.4,12.63,12.37,12.59,47971,415840,False
2015-04-23,SBN15,12.6,13.09,12.46,13.03,96851,428364,False
2015-04-24,SBN15,13.04,13.25,12.95,13.19,71472,426686,False
2015-04-27,SBN15,13.1,13.39,12.9,13.38,90942,429364,False
2015-04-28,SBN15,13.35,13.47,13.11,13.22,66355,429640,False
2015-04-29,SBN15,13.2,13.21,12.92,13.15,70941,430111,False
2015-04-30,SBN15,13.15,13.5,12.85,13.18,105661,429748,False
2015-05-01,SBV15,13.56,13.74,13.27,13.33,24601,168920,True
2015-05-04,SBV15,13.3,13.3,12.88,12.94,20341,172419,False
2015-05-05,SBV15,12.94,13.18,12.83,13.13,24480,175767,False
2015-05-06,SBV15,13.18,13.33,13.13,13.25,24356,177946,False
2015-05-07,SBV15,13.34,13.41,13.05,13.36,31176,186197,False
2015-05-08,SBV15,13.4,13.79,13.31,13.78,32115,192085,False
2015-05-11,SBV15,13.67,13.86,13.58,13.81,41908,196573,False
2015-05-12,SBV15,13.81,13.89,13.67,13.89,28779,202109,False
2015-05-13,SBV15,13.89,13.9,13.26,13.32,55742,206915,False
2015-05-14,SBV15,13.3,13.45,13.1,13.2,18864,206324,False
2015-05-15,SBV15,13.24,13.44,13.17,13.2,19104,207874,False
2015-05-18,SBV15,13.1,13.22,13.04,13.13,23782,211839,False
2015-05-19,SBV15,13.11,13.31,13.08,13.21,21777,212419,False
2015-05-20,SBV15,13.2,13.23,12.94,12.95,20921,213979,False
2015-05-21,SBV15,12.95,13.06,12.82,12.85,24497,214718,False
2015-05-22,SBV15,12.92,13.02,12.63,12.66,26696,216637,False
2015-05-26,SBV15,12.6,12.63,12.32,12.42,41029,221855,False
2015-05-27,SBV15,12.48,12.48,12.16,12.18,53327,224413,False
2015-05-28,SBV15,12.21,12.41,12.17,12.27,43374,236169,False
2015-05-29,SBV15,12.32,12.38,12.22,12.28,35451,248809,False
2015-06-01,SBV15,12.34,12.58,12.17,12.55,46298,258343,False
2015-06-02,SBV15,12.58,12.79,12.55,12.65,67586,279205,False
2015-06-03,SBV15,12.58,12.63,12.38,12.4,52393,288833,False
2015-06-04,SBV15,12.4,12.54,12.36,12.46,36323,297339,False
2015-06-05,SBV15,12.47,12.51,12.22,12.42,56071,313779,False
2015-06-08,SBV15,12.45,12.61,12.42,12.55,67184,325372,False
2015-06-09,SBV15,12.52,12.64,12.38,12.42,82358,348380,False
2015-06-10,SBV15,12.42,12.6,12.32,12.33,102122,386419,False
2015-06-11,SBV15,12.25,12.36,12.01,12.04,119239,430801,False
2015-06-12,SBV15,12.08,12.16,12.03,12.07,88755,457227,False
2015-06-15,SBV15,12.0,12.02,11.81,11.83,68307,464863,False
2015-06-16,SBV15,11.81,11.95,11.67,11.68,79518,469533,False
2015-06-17,SBV15,11.7,11.84,11.66,11.77,58758,479398,False
2015-06-18,SBV15,11.85,11.87,11.68,11.69,46560,491724,False
2015-06-19,SBV15,11.67,11.73,11.52,11.55,51824,496179,False
2015-06-22,SBV15,11.67,11.96,11.61,11.94,82852,503527,False
2015-06-23,SBV15,11.98,11.98,11.69,11.77,83751,511012,False
2015-06-24,SBV15,11.72,12.06,11.69,12.02,68687,516914,False
2015-06-25,SBV15,12.04,12.12,11.86,11.87,83385,524791,False
2015-06-26,SBV15,11.9,12.12,11.76,11.95,95677,530276,False
2015-06-29,SBV15,11.88,12.19,11.83,12.07,58157,531622,False
2015-06-30,SBV15,12.15,12.49,12.08,12.47,78832,517331,False
2015-07-01,SBV15,12.4,12.57,12.3,12.44,78731,503460,False
2015-07-02,SBV15,12.44,12.68,12.24,12.3,99163,488149,False
2015-07-06,SBV15,12.3,12.57,12.15,12.48,66024,485554,False
2015-07-07,SBV15,12.47,12.69,12.19,12.33,75940,478445,False
2015-07-08,SBV15,12.27,12.5,12.21,12.31,68008,475887,False
2015-07-09,SBV15,12.3,12.43,11.84,11.9,75868,469983,False
2015-07-10,SBV15,11.9,12.44,11.9,12.41,64518,468378,False
2015-07-13,SBV15,12.5,12.63,12.33,12.56,49537,466565,False
2015-07-14,SBV15,12.56,12.8,12.55,12.64,58281,458551,False
2015-07-15,SBV15,12.61,12.61,12.41,12.46,47581,456174,False
2015-07-16,SBV15,12.41,12.47,12.16,12.27,47141,452711,False
2015-07-17,SBV15,12.23,12.26,11.92,11.96,56053,451476,False
2015-07-20,SBV15,11.81,11.87,11.35,11.44,90767,454789,False
2015-07-21,SBV15,11.55,11.72,11.38,11.42,70185,457318,False
2015-07-22,SBV15,11.49,11.55,11.37,11.38,38392,459401,False
2015-07-23,SBV15,11.39,11.55,11.35,11.51,55136,465545,False
2015-07-24,SBV15,11.55,11.66,11.2,11.24,56717,467043,False
2015-07-27,SBV15,11.35,11.42,11.17,11.24,50624,459871,False
2015-07-28,SBV15,11.29,11.37,11.16,11.17,41146,458141,False
2015-07-29,SBV15,11.22,11.61,11.22,11.46,56994,458690,False
2015-07-30,SBV15,11.55,11.64,11.25,11.27,52712,458885,False
2015-07-31,SBV15,11.27,11.33,11.12,11.14,55145,452384,False
2015-08-03,SBH16,12.41,12.45,12.14,12.18,26280,218950,True
2015-08-04,SBH16,12.18,12.28,12.08,12.25,19383,219030,False
2015-08-05,SBH16,12.28,12.29,11.99,12.01,16962,220037,False
2015-08-06,SBH16,11.95,12.01,11.79,11.83,30801,218321,False
2015-08-07,SBH16,11.84,12.11,11.84,11.91,39133,223053,False
2015-08-10,SBH16,11.87,11.87,11.65,11.85,28395,224967,False
2015-08-11,SBH16,11.9,11.97,11.65,11.85,41547,231485,False
2015-08-12,SBH16,11.85,11.92,11.65,11.74,30664,236532,False
2015-08-13,SBH16,11.79,11.88,11.69,11.73,23910,238851,False
2015-08-14,SBH16,11.76,11.89,11.69,11.86,24545,243221,False
2015-08-17,SBH16,11.88,11.88,11.72,11.79,11713,245080,False
2015-08-18,SBH16,11.8,12.08,11.65,11.94,25145,246988,False
2015-08-19,SBH16,11.94,11.99,11.78,11.79,20620,250088,False
2015-08-20,SBH16,11.81,11.84,11.65,11.82,22982,250300,False
2015-08-21,SBH16,11.86,11.86,11.55,11.6,24105,251625,False
2015-08-24,SBH16,11.52,11.55,11.28,11.51,34596,250359,False
2015-08-25,SBH16,11.61,11.78,11.59,11.71,40527,243268,False
2015-08-26,SBH16,11.71,11.73,11.56,11.58,39299,242483,False
2015-08-27,SBH16,11.66,11.94,11.61,11.91,62404,241697,False
2015-08-28,SBH16,11.92,11.99,11.81,11.96,44505,241930,False
2015-08-31,SBH16,11.96,11.97,11.56,11.77,34766,247390,False
2015-09-01,SBH16,11.79,11.83,11.65,11.78,39261,249359,False
2015-09-02,SBH16,11.78,12.0,11.69,11.75,57577,255907,False
2015-09-03,SBH16,11.77,12.33,11.7,12.25,89780,254507,False
2015-09-04,SBH16,12.28,12.48,12.07,12.21,69712,266644,False
2015-09-08,SBH16,12.2,12.34,12.03,12.06,68367,284925,False
2015-09-09,SBH16,12.15,12.43,12.08,12.39,83819,304193,False
2015-09-10,SBH16,12.26,12.34,12.07,12.27,87869,319180,False
2015-09-11,SBH16,12.29,12.54,12.19,12.45,119946,346984,False
2015-09-14,SBH16,12.46,12.55,12.28,12.38,97440,369942,False
2015-09-15,SBH16,12.38,12.47,12.16,12.31,94369,384232,False
2015-09-16,SBH16,12.27,12.38,12.12,12.33,76290,395426,False
2015-09-17,SBH16,12.33,12.5,12.17,12.22,61949,400884,False
2015-09-18,SBH16,12.2,12.35,11.67,11.7,129719,408834,False
2015-09-21,SBH16,11.75,11.85,11.64,11.67,52839,413147,False
2015-09-22,SBH16,11.65,11.74,11.48,11.57,56435,419553,False
2015-09-23,SBH16,11.58,11.87,11.54,11.55,64701,426819,False
2015-09-24,SBH16,11.6,11.88,11.5,11.86,74367,437999,False
2015-09-25,SBH16,11.97,12.44,11.97,12.41,104273,444562,False
2015-09-28,SBH16,12.4,12.48,12.27,12.38,68903,441550,False
2015-09-29,SBH16,12.28,12.76,12.12,12.46,104894,448251,False
2015-09-30,SBH16,12.64,13.0,12.58,12.88,105940,448498,False
2015-10-01,SBH16,12.87,13.27,12.87,13.26,85952,452009,False
2015-10-02,SBH16,13.26,13.55,13.24,13.53,77274,448692,False
2015-10-05,SBH16,13.51,13.67,13.39,13.64,56860,444719,False
2015-10-06,SBH16,13.61,13.67,13.42,13.63,60545,441243,False
2015-10-07,SBH16,13.61,14.02,13.53,13.98,97941,446732,False
2015-10-08,SBH16,13.85,14.05,13.7,14.01,64334,447985,False
2015-10-09,SBH16,13.94,14.43,13.91,14.34,85775,449642,False
2015-10-12,SBH16,14.2,14.33,13.96,14.24,67243,443851,False
2015-10-13,SBH16,14.24,14.25,13.76,13.83,79748,433610,False
2015-10-14,SBH16,13.8,14.16,13.69,14.09,65636,435734,False
2015-10-15,SBH16,14.19,14.38,13.88,14.13,72879,430251,False
2015-10-16,SBH16,14.17,14.3,13.86,14.27,51025,432598,False
2015-10-19,SBH16,14.2,14.4,14.12,14.26,48055,432504,False
2015-10-20,SBH16,14.26,14.3,13.94,14.06,47501,436554,False
2015-10-21,SBH16,14.08,14.25,13.97,14.18,54963,437878,False
2015-10-22,SBH16,14.18,14.63,14.18,14.6,86072,450160,False
2015-10-23,SBH16,14.66,14.73,14.21,14.28,71774,450791,False
2015-10-26,SBH16,14.22,14.66,14.18,14.64,59764,447831,False
2015-10-27,SBH16,14.63,14.7,14.36,14.42,51754,444867,False
2015-10-28,SBH16,14.36,14.8,14.34,14.65,67237,452385,False
2015-10-29,SBH16,14.64,14.69,14.42,14.56,47625,451814,False
2015-10-30,SBH16,14.57,14.72,14.36,14.52,55527,448952,False
2015-11-02,SBH16,14.52,15.15,14.52,15.11,70879,460159,False
2015-11-03,SBH16,15.08,15.53,15.05,15.49,88544,452377,False
2015-11-04,SBH16,15.46,15.51,14.57,14.64,109624,442999,False
2015-11-05,SBH16,14.62,15.05,14.47,14.76,74983,439725,False
2015-11-06,SBH16,14.78,14.92,14.35,14.46,65296,437990,False
2015-11-09,SBH16,14.33,14.38,13.93,13.99,72621,428809,False
2015-11-10,SBH16,14.05,14.87,13.97,14.71,88232,440019,False
2015-11-11,SBH16,14.82,15.06,14.64,14.69,55013,434889,False
2015-11-12,SBH16,14.67,15.0,14.59,14.97,49818,435459,False
2015-11-13,SBH16,15.0,15.26,14.85,15.04,52251,435663,False
2015-11-16,SBH16,14.97,15.22,14.82,15.18,51122,436485,False
2015-11-17,SBH16,15.18,15.18,14.57,14.78,63643,428359,False
2015-11-18,SBH16,14.6,14.63,14.26,14.47,65246,424915,False
2015-11-19,SBH16,14.6,15.01,14.47,14.95,62921,425607,False
2015-11-20,SBH16,14.97,15.45,14.91,15.3,68041,437074,False
2015-11-23,SBH16,15.25,15.45,15.17,15.41,40011,438515,False
2015-11-24,SBH16,15.41,15.78,14.97,15.0,101081,434854,False
2015-11-25,SBH16,15.01,15.13,14.66,14.91,56109,424919,False
2015-11-27,SBH16,14.98,15.15,14.93,14.97,25558,423457,False
2015-11-30,SBH16,14.97,15.01,14.73,14.93,60553,428109,False
2015-12-01,SBH16,14.85,15.49,14.75,15.44,74819,432290,False
2015-12-02,SBH16,15.48,15.62,15.06,15.34,59838,427114,False
2015-12-03,SBH16,15.3,15.65,15.21,15.58,43468,431346,False
2015-12-04,SBH16,15.56,15.85,15.42,15.48,51171,431888,False
2015-12-07,SBH16,15.48,15.62,15.26,15.3,39308,427621,False
2015-12-08,SBH16,15.29,15.54,14.95,15.0,66829,421948,False
2015-12-09,SBH16,15.02,15.22,14.96,15.09,39182,418482,False
2015-12-10,SBH16,15.13,15.16,14.5,14.55,78218,404092,False
2015-12-11,SBH16,14.65,14.72,14.51,14.58,46830,403315,False
2015-12-14,SBH16,14.57,14.65,14.23,14.51,60998,395728,False
2015-12-15,SBH16,14.59,14.95,14.56,14.59,69997,389201,False
2015-12-16,SBH16,14.59,14.65,14.33,14.59,58987,384192,False
2015-12-17,SBH16,14.67,14.83,14.55,14.7,35528,386757,False
2015-12-18,SBH16,14.73,15.25,14.6,15.1,61862,394499,False
2015-12-21,SBH16,15.03,15.22,14.73,14.97,38443,391627,False
2015-12-22,SBH16,14.9,15.1,14.88,15.04,24136,393715,False
2015-12-23,SBH16,14.97,15.18,14.97,15.15,25241,393377,False
2015-12-24,SBH16,15.15,15.2,15.03,15.06,11218,392819,False
2015-12-28,SBH16,15.05,15.05,14.74,14.76,27926,388600,False
2015-12-29,SBH16,14.75,14.88,14.7,14.78,31862,383926,False
2015-12-30,SBH16,14.85,15.2,14.75,15.15,41708,390010,False
2015-12-31,SBH16,15.17,15.44,15.12,15.24,32319,397010,False
2016-01-04,SBK16,14.85,14.9,14.47,14.65,14489,185405,True
2016-01-05,SBK16,14.69,14.75,14.22,14.25,22945,183861,False
2016-01-06,SBK16,14.35,14.35,14.1,14.12,30208,182691,False
2016-01-07,SBK16,14.12,14.61,14.05,14.45,31011,181099,False
2016-01-08,SBK16,14.42,14.65,14.17,14.18,27972,181964,False
2016-01-11,SBK16,14.26,14.37,13.79,13.91,43401,180455,False
2016-01-12,SBK16,13.97,14.02,13.7,13.78,41166,179111,False
2016-01-13,SBK16,13.79,14.25,13.78,14.11,43612,178853,False
2016-01-14,SBK16,14.17,14.53,14.04,14.44,55624,180558,False
2016-01-15,SBK16,14.41,14.67,14.33,14.48,36407,180762,False
2016-01-19,SBK16,14.45,14.66,14.32,14.41,39124,182124,False
2016-01-20,SBK16,14.39,14.39,13.87,13.91,45874,181888,False
2016-01-21,SBK16,13.91,14.36,13.86,14.16,41557,183607,False
2016-01-22,SBK16,14.25,14.48,14.08,14.17,31660,186134,False
2016-01-25,SBK16,14.16,14.16,13.91,13.94,36115,193011,False
2016-01-26,SBK16,13.96,14.15,13.81,13.87,41128,197651,False
2016-01-27,SBK16,13.98,13.98,13.51,13.55,74414,209705,False
2016-01-28,SBK16,13.55,13.56,13.15,13.25,68406,220620,False
2016-01-29,SBK16,13.32,13.38,13.04,13.08,45175,222239,False
2016-02-01,SBK16,13.11,13.38,12.79,12.88,72847,226823,False
2016-02-02,SBK16,12.95,13.07,12.75,12.97,56320,227814,False
2016-02-03,SBK16,12.97,13.22,12.79,12.84,56820,227076,False
2016-02-04,SBK16,12.87,13.08,12.81,12.84,53195,230980,False
2016-02-05,SBK16,12.9,13.21,12.88,13.14,68325,238101,False
2016-02-08,SBK16,13.23,13.41,13.13,13.35,66178,242392,False
2016-02-09,SBK16,13.4,13.48,13.25,13.35,54775,252236,False
2016-02-10,SBK16,13.29,13.41,13.12,13.33,66823,264198,False
2016-02-11,SBK16,13.34,13.38,13.0,13.02,81587,284150,False
2016-02-12,SBK16,13.02,13.22,12.97,13.12,55176,289590,False
2016-02-16,SBK16,13.29,13.4,13.01,13.2,76523,295661,False
2016-02-17,SBK16,13.24,13.29,13.04,13.15,57354,302740,False
2016-02-18,SBK16,13.22,13.22,12.81,12.85,73514,305814,False
2016-02-19,SBK16,12.85,12.87,12.61,12.67,69333,312912,False
2016-02-22,SBK16,12.73,12.89,12.63,12.76,57365,325933,False
2016-02-23,SBK16,12.91,13.92,12.85,13.9,155744,322641,False
2016-02-24,SBK16,13.84,14.06,13.64,13.88,88639,319137,False
2016-02-25,SBK16,13.85,14.23,13.71,14.2,60472,316645,False
2016-02-26,SBK16,14.2,14.38,13.86,14.0,64523,313172,False
2016-02-29,SBK16,14.0,14.37,13.95,14.36,63301,314552,False
2016-03-01,SBN16,14.22,14.3,13.99,14.25,22314,208513,True
2016-03-02,SBN16,14.25,14.49,14.16,14.48,28412,208504,False
2016-03-03,SBN16,14.48,14.7,14.45,14.67,24484,209202,False
2016-03-04,SBN16,14.62,14.8,14.56,14.7,23009,205867,False
2016-03-07,SBN16,14.62,14.76,14.48,14.61,37758,210058,False
2016-03-08,SBN16,14.53,14.79,14.38,14.78,22765,210599,False
2016-03-09,SBN16,14.79,14.84,14.51,14.58,25733,211952,False
2016-03-10,SBN16,14.63,14.82,14.53,14.79,22543,213152,False
2016-03-11,SBN16,14.83,15.25,14.81,15.06,40241,217678,False
2016-03-14,SBN16,15.06,15.36,14.96,15.33,21688,219179,False
2016-03-15,SBN16,15.31,15.33,15.01,15.27,20204,219819,False
2016-03-16,SBN16,15.25,15.42,15.03,15.41,33938,224708,False
2016-03-17,SBN16,15.45,15.94,15.4,15.91,38429,227598,False
2016-03-18,SBN16,15.81,16.0,15.64,15.91,29091,226468,False
2016-03-21,SBN16,15.84,16.22,15.72,16.19,24592,231624,False
2016-03-22,SBN16,16.17,16.45,16.05,16.43,42286,234922,False
2016-03-23,SBN16,16.36,16.63,16.23,16.59,35606,236126,False
2016-03-24,SBN16,16.63,16.63,15.77,15.88,36561,237642,False
2016-03-28,SBN16,15.8,16.28,15.61,16.03,31085,248186,False
2016-03-29,SBN16,15.99,16.01,15.73,15.94,30241,254396,False
2016-03-30,SBN16,15.95,16.19,15.87,15.96,30006,257707,False
2016-03-31,SBN16,16.0,16.04,15.42,15.45,41732,258378,False
2016-04-01,SBN16,15.47,15.5,15.07,15.27,35705,262861,False
2016-04-04,SBN16,15.0,15.04,14.77,14.82,60721,267866,False
2016-04-05,SBN16,15.0,15.0,14.76,14.79,44216,270130,False
2016-04-06,SBN16,14.84,14.92,14.72,14.77,53617,271713,False
2016-04-07,SBN16,14.9,14.9,14.57,14.61,54063,275565,False
2016-04-08,SBN16,14.65,14.92,14.44,14.88,65231,282675,False
2016-04-11,SBN16,14.72,14.77,14.37,14.39,76775,296048,False
2016-04-12,SBN16,14.42,14.59,14.32,14.34,64738,306697,False
2016-04-13,SBN16,14.45,14.48,14.28,14.29,71227,322063,False
2016-04-14,SBN16,14.35,14.66,14.3,14.37,58983,333677,False
2016-04-15,SBN16,14.46,15.28,14.42,15.2,99345,342095,False
2016-04-18,SBN16,15.2,15.71,15.17,15.54,110109,341135,False
2016-04-19,SBN16,15.46,15.62,15.27,15.42,59174,344781,False
2016-04-20,SBN16,15.28,15.93,15.01,15.81,97041,347197,False
2016-04-21,SBN16,15.85,15.93,15.4,15.79,72880,348091,False
2016-04-22,SBN16,15.7,15.97,15.34,15.47,69821,353868,False
2016-04-25,SBN16,15.55,15.95,15.41,15.89,67850,356880,False
2016-04-26,SBN16,15.89,16.09,15.68,16.05,70780,363915,False
2016-04-27,SBN16,16.06,16.09,15.66,15.84,68730,373761,False
2016-04-28,SBN16,15.83,15.83,15.55,15.71,49573,380617,False
2016-04-29,SBN16,15.71,16.4,15.63,16.32,75778,397149,False
2016-05-02,SBV16,16.68,16.73,16.37,16.53,11843,186365,True
2016-05-03,SBV16,16.42,16.59,16.22,16.53,18696,185940,False
2016-05-04,SBV16,16.54,17.02,16.51,16.9,29677,187560,False
2016-05-05,SBV16,16.85,17.09,16.04,16.16,35676,187128,False
2016-05-06,SBV16,16.05,16.35,15.97,16.09,28838,190756,False
2016-05-09,SBV16,16.07,16.54,15.93,16.26,29998,198196,False
2016-05-10,SBV16,16.26,16.54,16.21,16.39,21788,200859,False
2016-05-11,SBV16,16.4,17.1,16.4,17.08,41297,207722,False
2016-05-12,SBV16,17.0,17.23,16.87,17.21,46278,220864,False
2016-05-13,SBV16,17.21,17.21,16.58,16.99,23694,222338,False
2016-05-16,SBV16,16.9,17.15,16.67,17.12,20920,224981,False
2016-05-17,SBV16,17.12,17.18,16.83,17.1,25985,230489,False
2016-05-18,SBV16,17.03,17.13,16.65,17.08,20898,233473,False
2016-05-19,SBV16,17.02,17.17,16.81,16.99,28533,235313,False
2016-05-20,SBV16,16.97,17.5,16.88,17.33,35740,242293,False
2016-05-23,SBV16,17.26,17.42,17.0,17.09,33835,248279,False
2016-05-24,SBV16,17.11,17.23,16.9,16.96,28430,251378,False
2016-05-25,SBV16,16.95,17.46,16.76,17.43,37365,258123,False
2016-05-26,SBV16,17.43,17.66,17.26,17.63,64661,269077,False
2016-05-27,SBV16,17.57,17.74,17.46,17.68,45239,277128,False
2016-05-31,SBV16,17.68,17.82,17.39,17.66,46238,285906,False
2016-06-01,SBV16,17.56,17.7,17.34,17.6,47260,291534,False
2016-06-02,SBV16,17.57,18.19,17.53,18.1,90520,296620,False
2016-06-03,SBV16,18.1,18.83,18.1,18.78,69844,304254,False
2016-06-06,SBV16,18.81,19.33,18.71,18.87,80299,319604,False
2016-06-07,SBV16,18.8,19.17,18.4,19.12,82576,329590,False
2016-06-08,SBV16,19.12,19.82,19.07,19.66,101434,353752,False
2016-06-09,SBV16,19.69,19.94,19.5,19.8,85300,382432,False
2016-06-10,SBV16,19.8,19.81,19.31,19.73,81342,399304,False
2016-06-13,SBV16,19.73,19.84,19.45,19.64,76132,429441,False
2016-06-14,SBV16,19.5,19.55,19.09,19.42,77844,440734,False
2016-06-15,SBV16,19.42,19.87,19.37,19.85,74896,456165,False
2016-06-16,SBV16,19.85,20.22,19.35,19.76,85505,462663,False
2016-06-17,SBV16,19.84,20.2,19.73,19.9,71251,469308,False
2016-06-20,SBV16,19.98,19.98,19.59,19.76,51767,466694,False
2016-06-21,SBV16,19.77,19.77,19.25,19.34,60604,468337,False
2016-06-22,SBV16,19.28,19.36,19.12,19.17,53439,465762,False
2016-06-23,SBV16,19.12,19.53,18.76,19.19,75059,463955,False
2016-06-24,SBV16,18.71,19.29,18.53,19.16,71872,467305,False
2016-06-27,SBV16,19.25,19.89,19.16,19.64,76299,468841,False
2016-06-28,SBV16,19.79,20.15,19.72,19.94,72898,473485,False
2016-06-29,SBV16,20.06,21.2,19.85,21.01,110069,483116,False
2016-06-30,SBV16,21.01,21.22,20.2,20.33,86093,474201,False
2016-07-01,SBV16,20.38,21.05,20.31,20.78,47716,475726,False
2016-07-05,SBV16,20.56,21.1,20.46,20.87,53876,474962,False
2016-07-06,SBV16,20.93,20.96,20.18,20.57,64056,471615,False
2016-07-07,SBV16,20.48,20.65,19.56,19.73,71387,463407,False
2016-07-08,SBV16,19.61,19.89,19.44,19.57,43643,460641,False
2016-07-11,SBV16,19.64,20.4,19.57,20.28,50633,466717,False
2016-07-12,SBV16,20.38,20.58,19.6,19.72,58726,458332,False
2016-07-13,SBV16,19.79,20.19,19.37,19.48,61119,456080,False
2016-07-14,SBV16,19.48,20.32,19.43,19.91,62478,458606,False
2016-07-15,SBV16,19.81,19.86,19.17,19.31,65059,446423,False
2016-07-18,SBV16,19.35,19.55,19.13,19.37,36083,439620,False
2016-07-19,SBV16,19.47,19.69,19.22,19.36,32836,437788,False
2016-07-20,SBV16,19.46,19.5,19.16,19.28,33956,438639,False
2016-07-21,SBV16,19.33,19.86,19.29,19.56,48553,440526,False
2016-07-22,SBV16,19.61,19.68,19.28,19.59,38095,436498,False
2016-07-25,SBV16,19.6,20.11,19.56,19.89,47840,441364,False
2016-07-26,SBV16,19.98,20.07,19.34,19.52,55753,435190,False
2016-07-27,SBV16,19.46,19.54,18.99,19.1,63546,431826,False
2016-07-28,SBV16,19.11,19.17,18.75,18.8,62412,431800,False
2016-07-29,SBV16,18.79,19.35,18.71,19.05,57296,432217,False
2016-08-01,SBH17,19.46,19.68,19.19,19.24,16415,237297,True
2016-08-02,SBH17,19.26,19.6,19.18,19.48,20230,238942,False
2016-08-03,SBH17,19.45,19.66,19.28,19.45,21654,241238,False
2016-08-04,SBH17,19.49,20.21,19.29,20.07,15828,241846,False
2016-08-05,SBH17,20.25,20.81,20.02,20.71,30875,242882,False
2016-08-08,SBH17,20.77,21.25,20.71,20.95,30005,243745,False
2016-08-09,SBH17,20.95,21.27,20.7,20.82,25902,243870,False
2016-08-10,SBH17,20.81,20.96,20.06,20.11,36767,246915,False
2016-08-11,SBH17,20.11,20.36,20.02,20.09,25626,248446,False
2016-08-12,SBH17,20.04,20.42,20.0,20.2,14115,251700,False
2016-08-15,SBH17,20.34,20.54,20.02,20.45,11518,253207,False
2016-08-16,SBH17,20.5,20.92,20.5,20.74,18261,254954,False
2016-08-17,SBH17,20.76,20.76,20.15,20.21,19448,256677,False
2016-08-18,SBH17,20.25,20.68,20.19,20.46,17663,258720,False
2016-08-19,SBH17,20.53,20.59,20.2,20.28,17847,262233,False
2016-08-22,SBH17,20.31,20.92,20.17,20.88,24602,265956,False
2016-08-23,SBH17,20.87,21.25,20.68,21.16,24428,269654,False
2016-08-24,SBH17,21.17,21.37,20.43,20.73,31841,272114,False
2016-08-25,SBH17,20.82,21.2,20.7,21.02,25435,273084,False
2016-08-26,SBH17,21.17,21.17,20.8,21.09,15033,274435,False
2016-08-29,SBH17,21.09,21.3,20.82,21.15,19346,278694,False
2016-08-30,SBH17,21.2,21.27,20.92,21.01,30338,281667,False
2016-08-31,SBH17,21.02,21.08,20.48,20.56,32347,284554,False
2016-09-01,SBH17,20.55,20.71,20.1,20.18,62229,299748,False
2016-09-02,SBH17,20.22,20.98,20.18,20.77,37802,305288,False
2016-09-06,SBH17,20.91,20.91,20.36,20.85,42254,315136,False
2016-09-07,SBH17,20.81,21.12,20.62,20.9,61962,324869,False
2016-09-08,SBH17,20.82,20.9,20.61,20.88,74979,338848,False
2016-09-09,SBH17,20.85,21.03,20.65,20.69,101062,371373,False
2016-09-12,SBH17,20.63,20.9,20.5,20.85,66793,384965,False
2016-09-13,SBH17,20.84,21.06,20.77,20.96,85874,407139,False
2016-09-14,SBH17,20.96,21.0,20.64,20.73,78875,423295,False
2016-09-15,SBH17,20.85,21.2,20.71,21.16,93526,443870,False
2016-09-16,SBH17,21.17,22.86,21.12,22.47,148290,470684,False
2016-09-19,SBH17,22.43,22.95,22.4,22.75,95526,465952,False
2016-09-20,SBH17,22.74,22.85,22.37,22.7,63941,472122,False
2016-09-21,SBH17,22.75,22.88,22.48,22.76,57546,471173,False
2016-09-22,SBH17,22.88,23.88,22.54,22.67,120918,477345,False
2016-09-23,SBH17,22.65,22.85,22.22,22.7,70512,483742,False
2016-09-26,SBH17,22.6,23.18,22.51,23.12,60591,490794,False
2016-09-27,SBH17,23.13,23.55,22.84,23.44,65866,489909,False
2016-09-28,SBH17,23.59,23.85,23.36,23.78,67555,493587,False
2016-09-29,SBH17,23.84,24.1,23.24,23.35,75905,488257,False
2016-09-30,SBH17,23.39,23.56,22.79,23.0,73212,488725,False
2016-10-03,SBH17,22.8,23.13,22.52,22.67,45980,486112,False
2016-10-04,SBH17,22.62,23.47,22.56,23.26,47384,488026,False
2016-10-05,SBH17,23.35,23.86,23.25,23.81,48565,485818,False
2016-10-06,SBH17,23.9,23.9,22.83,23.11,47681,482175,False
2016-10-07,SBH17,23.02,23.69,22.92,23.42,37971,484173,False
2016-10-10,SBH17,23.24,23.38,22.82,23.13,42887,479997,False
2016-10-11,SBH17,23.0,23.4,22.66,23.29,68953,477792,False
2016-10-12,SBH17,23.42,23.59,22.87,23.15,42678,477249,False
2016-10-13,SBH17,23.15,23.3,22.88,22.92,32876,476896,False
2016-10-14,SBH17,22.95,23.33,22.73,22.91,47617,475770,False
2016-10-17,SBH17,23.12,23.29,22.71,23.16,47129,475236,False
2016-10-18,SBH17,23.14,23.18,22.83,23.02,33635,473274,False
2016-10-19,SBH17,22.9,23.1,22.8,22.95,32803,472087,False
2016-10-20,SBH17,22.91,22.98,22.35,22.62,64664,466538,False
2016-10-21,SBH17,22.67,22.75,22.44,22.71,30730,466836,False
2016-10-24,SBH17,22.75,23.32,22.72,23.2,54976,470893,False
2016-10-25,SBH17,23.14,23.2,22.76,22.93,43956,467655,False
2016-10-26,SBH17,22.9,22.95,22.62,22.67,38862,465324,False
2016-10-27,SBH17,22.6,22.7,22.44,22.59,37581,465610,False
2016-10-28,SBH17,22.63,22.65,22.12,22.16,54417,458775,False
2016-10-31,SBH17,22.2,22.2,21.55,21.57,75772,454950,False
2016-11-01,SBH17,21.52,21.57,21.11,21.19,68894,446647,False
2016-11-02,SBH17,21.19,21.85,21.08,21.7,60121,445200,False
2016-11-03,SBH17,21.8,21.85,21.34,21.48,47119,446640,False
2016-11-04,SBH17,21.48,21.81,21.28,21.73,46906,443677,False
2016-11-07,SBH17,21.83,22.59,21.73,22.27,74431,447658,False
2016-11-08,SBH17,22.27,22.32,21.91,21.97,41897,443529,False
2016-11-09,SBH17,21.5,22.2,21.34,22.11,51643,440768,False
2016-11-10,SBH17,22.25,22.5,21.57,21.65,51624,437802,False
2016-11-11,SBH17,21.6,21.81,21.5,21.7,47340,439199,False
2016-11-14,SBH17,21.85,21.9,21.58,21.63,35038,435748,False
2016-11-15,SBH17,21.79,21.83,20.77,21.15,85422,431901,False
2016-11-16,SBH17,21.15,21.17,20.31,20.36,92099,422760,False
2016-11-17,SBH17,20.31,20.53,20.18,20.22,47830,414247,False
2016-11-18,SBH17,20.2,20.5,20.05,20.15,43808,411189,False
2016-11-21,SBH17,20.28,20.47,20.21,20.35,34479,407785,False
2016-11-22,SBH17,20.38,20.45,19.65,19.75,64935,398946,False
2016-11-23,SBH17,19.75,19.89,19.57,19.58,52470,393941,False
2016-11-25,SBH17,19.72,20.05,19.58,19.84,30333,394529,False
2016-11-28,SBH17,19.98,20.15,19.81,19.94,35195,389334,False
2016-11-29,SBH17,20.15,20.32,19.58,19.66,40088,389793,False
2016-11-30,SBH17,19.66,19.85,19.5,19.81,38471,391299,False
2016-12-01,SBH17,19.88,19.99,19.33,19.36,50667,388447,False
2016-12-02,SBH17,19.31,19.38,18.88,19.12,64885,389850,False
2016-12-05,SBH17,19.19,19.2,18.89,18.94,33318,387032,False
2016-12-06,SBH17,19.0,19.86,18.8,19.51,79056,390251,False
2016-12-07,SBH17,19.53,19.76,19.22,19.63,40874,391470,False
2016-12-08,SBH17,19.63,19.82,19.33,19.45,31594,391175,False
2016-12-09,SBH17,19.51,19.58,19.07,19.24,38529,388577,False
2016-12-12,SBH17,19.34,19.84,19.17,19.25,48093,390166,False
2016-12-13,SBH17,19.25,19.27,18.51,18.6,75665,387215,False
2016-12-14,SBH17,18.5,18.6,17.96,18.03,76977,383799,False
2016-12-15,SBH17,17.91,18.69,17.84,18.56,54146,370554,False
2016-12-16,SBH17,18.66,18.72,17.96,18.22,46016,369495,False
2016-12-19,SBH17,18.21,18.55,18.13,18.23,28961,366618,False
2016-12-20,SBH17,18.37,18.37,18.1,18.25,27001,365249,False
2016-12-21,SBH17,18.28,18.45,18.12,18.2,27475,362866,False
2016-12-22,SBH17,18.24,18.31,18.13,18.16,17491,361823,False
2016-12-23,SBH17,18.19,18.31,18.14,18.15,19643,358410,False
2016-12-27,SBH17,18.15,18.94,18.15,18.54,29261,358572,False
2016-12-28,SBH17,18.65,19.13,18.57,18.99,34147,356200,False
2016-12-29,SBH17,19.04,19.72,19.01,19.49,38710,353676,False
2016-12-30,SBH17,19.58,19.69,19.4,19.51,23897,352843,False
2017-01-03,SBK17,19.38,20.16,19.32,20.12,31053,165646,True
2017-01-04,SBK17,20.12,20.46,20.02,20.41,24448,162965,False
2017-01-05,SBK17,20.41,20.65,20.21,20.43,32213,164380,False
2017-01-06,SBK17,20.4,20.49,20.05,20.41,21696,163671,False
2017-01-09,SBK17,20.4,20.44,20.17,20.23,27359,163210,False
2017-01-10,SBK17,20.3,20.37,19.99,20.31,30051,163490,False
2017-01-11,SBK17,20.4,20.65,20.33,20.38,36693,164526,False
2017-01-12,SBK17,20.45,20.62,20.35,20.52,28071,167054,False
2017-01-13,SBK17,20.57,20.64,20.31,20.35,36521,164832,False
2017-01-17,SBK17,20.35,20.6,20.35,20.55,27770,167552,False
2017-01-18,SBK17,20.55,20.82,20.38,20.8,27339,171752,False
2017-01-19,SBK17,20.82,21.17,20.1,20.22,73502,176398,False
2017-01-20,SBK17,20.19,20.46,20.03,20.22,30440,176647,False
2017-01-23,SBK17,20.32,20.69,20.26,20.63,28078,177352,False
2017-01-24,SBK17,20.64,20.94,20.59,20.64,35048,175999,False
2017-01-25,SBK17,20.6,20.77,20.32,20.4,29657,177873,False
2017-01-26,SBK17,20.48,20.64,20.3,20.36,26302,178576,False
2017-01-27,SBK17,20.37,20.5,20.29,20.36,26581,181803,False
2017-01-30,SBK17,20.43,20.49,20.2,20.37,25300,182292,False
2017-01-31,SBK17,20.37,20.53,20.3,20.46,28129,182293,False
2017-02-01,SBK17,20.53,20.72,20.46,20.7,47298,181392,False
2017-02-02,SBK17,20.71,20.98,20.29,20.51,61187,184432,False
2017-02-03,SBK17,20.41,21.15,20.35,20.91,45706,187997,False
2017-02-06,SBK17,20.97,21.21,20.86,20.97,39474,193824,False
2017-02-07,SBK17,21.04,21.09,20.6,20.63,52391,208504,False
2017-02-08,SBK17,20.66,20.85,20.56,20.73,68721,224526,False
2017-02-09,SBK17,20.72,20.97,20.61,20.65,54981,242652,False
2017-02-10,SBK17,20.65,20.72,20.31,20.43,63439,259596,False
2017-02-13,SBK17,20.49,20.6,19.89,19.99,64133,275518,False
2017-02-14,SBK17,20.0,20.43,20.0,20.37,48188,276411,False
2017-02-15,SBK17,20.37,20.7,20.31,20.43,51885,276949,False
2017-02-16,SBK17,20.44,20.5,20.05,20.3,57673,279422,False
2017-02-17,SBK17,20.35,20.37,20.13,20.26,33959,280983,False
2017-02-21,SBK17,20.4,20.83,20.26,20.74,56173,288523,False
2017-02-22,SBK17,20.77,20.94,20.61,20.68,72135,291696,False
2017-02-23,SBK17,20.72,20.72,20.09,20.13,83005,294550,False
2017-02-24,SBK17,20.11,20.21,19.75,19.81,91241,298478,False
2017-02-27,SBK17,19.81,19.84,19.1,19.15,90193,300578,False
2017-02-28,SBK17,19.25,19.54,19.1,19.23,64989,298025,False
2017-03-01,SBN17,19.16,19.37,18.99,19.34,25392,169227,True
2017-03-02,SBN17,19.4,19.55,19.2,19.46,23330,168593,False
2017-03-03,SBN17,19.38,19.57,19.25,19.33,17667,167012,False
2017-03-06,SBN17,19.42,19.62,19.01,19.04,23632,168023,False
2017-03-07,SBN17,19.0,19.02,18.37,18.41,49153,170153,False
2017-03-08,SBN17,18.45,18.54,18.16,18.38,39858,167348,False
2017-03-09,SBN17,18.5,18.68,18.0,18.02,39376,169345,False
2017-03-10,SBN17,18.1,18.32,18.0,18.19,34012,172470,False
2017-03-13,SBN17,18.34,18.35,18.06,18.15,24700,173454,False
2017-03-14,SBN17,18.22,18.26,18.07,18.09,15368,174383,False
2017-03-15,SBN17,18.13,18.21,18.07,18.17,16671,175200,False
2017-03-16,SBN17,18.21,18.42,18.1,18.17,27054,177371,False
2017-03-17,SBN17,18.24,18.29,17.5,18.1,47290,178800,False
2017-03-20,SBN17,18.25,18.26,17.62,17.69,24348,179379,False
2017-03-21,SBN17,17.72,17.72,17.12,17.32,40767,179263,False
2017-03-22,SBN17,17.32,17.42,17.11,17.29,30409,180730,False
2017-03-23,SBN17,17.38,17.64,17.17,17.59,22101,180637,False
2017-03-24,SBN17,17.72,17.93,17.55,17.69,22879,181267,False
2017-03-27,SBN17,17.55,17.88,17.49,17.68,31437,184655,False
2017-03-28,SBN17,17.71,18.12,17.51,17.6,26482,185929,False
2017-03-29,SBN17,17.62,17.64,17.12,17.22,34695,187309,False
2017-03-30,SBN17,17.15,17.2,16.78,16.94,45458,193478,False
2017-03-31,SBN17,16.96,17.09,16.82,16.88,28603,196639,False
2017-04-03,SBN17,17.04,17.26,16.61,16.68,45684,199533,False
2017-04-04,SBN17,16.68,16.72,16.31,16.33,54657,202150,False
2017-04-05,SBN17,16.72,17.06,16.2,16.24,67165,211845,False
2017-04-06,SBN17,16.22,16.55,16.22,16.49,58376,227156,False
2017-04-07,SBN17,16.5,16.84,16.5,16.74,70409,242290,False
2017-04-10,SBN17,16.78,16.89,16.56,16.62,69298,255260,False
2017-04-11,SBN17,16.6,16.87,16.27,16.76,78410,269955,False
2017-04-12,SBN17,16.82,16.95,16.63,16.74,61236,287601,False
2017-04-13,SBN17,16.74,17.13,16.55,16.57,86840,308162,False
2017-04-17,SBN17,16.63,16.89,16.44,16.52,39151,315869,False
2017-04-18,SBN17,16.54,17.03,16.31,16.83,82367,330175,False
2017-04-19,SBN17,16.96,16.99,16.44,16.52,64407,335999,False
2017-04-20,SBN17,16.52,16.76,16.39,16.41,45055,341285,False
2017-04-21,SBN17,16.44,16.7,16.35,16.51,60525,346600,False
2017-04-24,SBN17,16.56,16.67,16.17,16.32,60083,352528,False
2017-04-25,SBN17,16.31,16.48,16.23,16.28,51733,364721,False
2017-04-26,SBN17,16.31,16.43,15.52,15.57,116402,371377,False
2017-04-27,SBN17,15.7,15.86,15.35,15.43,88969,375685,False
2017-04-28,SBN17,15.4,16.24,15.4,16.13,74209,379329,False
2017-05-01,SBV17,16.33,16.56,16.16,16.4,16986,158123,True
2017-05-02,SBV17,16.38,16.7,16.08,16.15,26785,158933,False
2017-05-03,SBV17,16.1,16.15,15.86,16.02,21903,159539,False
2017-05-04,SBV17,16.01,16.03,15.54,15.63,21643,159852,False
2017-05-05,SBV17,15.74,15.91,15.53,15.59,22120,162157,False
2017-05-08,SBV17,15.71,15.79,15.57,15.68,23097,163094,False
2017-05-09,SBV17,15.76,16.0,15.68,15.76,31540,166543,False
2017-05-10,SBV17,15.8,16.18,15.75,16.14,23506,172668,False
2017-05-11,SBV17,16.18,16.22,15.89,15.96,23680,177926,False
2017-05-12,SBV17,15.93,16.12,15.77,15.82,17602,180731,False
2017-05-15,SBV17,15.88,16.24,15.81,15.89,23291,181956,False
2017-05-16,SBV17,16.06,16.27,16.02,16.15,23011,187342,False
2017-05-17,SBV17,16.27,16.57,16.15,16.54,31141,189470,False
2017-05-18,SBV17,16.28,16.41,15.86,16.24,44368,192516,False
2017-05-19,SBV17,16.24,16.63,16.13,16.59,28857,194427,False
2017-05-22,SBV17,16.52,16.77,16.45,16.72,29813,195051,False
2017-05-23,SBV17,16.64,16.64,16.05,16.13,31391,197759,False
2017-05-24,SBV17,16.16,16.2,15.66,15.94,38761,200661,False
2017-05-25,SBV17,15.98,16.02,15.74,15.96,26291,201982,False
2017-05-26,SBV17,15.92,15.92,15.35,15.37,34077,203186,False
2017-05-30,SBV17,15.54,15.54,15.05,15.28,55562,208281,False
2017-05-31,SBV17,15.3,15.39,15.06,15.13,29256,211251,False
2017-06-01,SBV17,15.26,15.27,14.5,14.53,69166,231532,False
2017-06-02,SBV17,14.58,14.63,13.93,14.04,45064,239531,False
2017-06-05,SBV17,14.1,14.51,14.1,14.16,37005,244448,False
2017-06-06,SBV17,14.27,14.43,13.96,14.22,51819,250977,False
2017-06-07,SBV17,14.26,14.52,13.99,14.33,61430,265951,False
2017-06-08,SBV17,14.36,14.64,14.27,14.53,50762,274779,False
2017-06-09,SBV17,14.61,14.61,14.37,14.47,61212,293445,False
2017-06-12,SBV17,14.48,14.72,14.17,14.21,70656,323787,False
2017-06-13,SBV17,14.21,14.25,13.98,14.02,65680,349562,False
2017-06-14,SBV17,13.97,13.99,13.61,13.85,100392,368933,False
2017-06-15,SBV17,13.83,13.85,13.65,13.68,66858,385009,False
2017-06-16,SBV17,13.69,13.85,13.5,13.63,51457,391318,False
2017-06-19,SBV17,13.62,13.77,13.54,13.67,39728,393521,False
2017-06-20,SBV17,13.68,13.89,13.53,13.82,49917,395105,False
2017-06-21,SBV17,13.83,13.86,13.23,13.26,71520,404559,False
2017-06-22,SBV17,13.34,13.34,13.03,13.06,52782,409478,False
2017-06-23,SBV17,13.06,13.24,12.96,13.17,56835,422229,False
2017-06-26,SBV17,13.23,13.25,12.82,12.85,52110,430388,False
2017-06-27,SBV17,12.88,12.96,12.78,12.89,55095,435604,False
2017-06-28,SBV17,12.98,13.06,12.74,12.76,68661,444875,False
2017-06-29,SBV17,12.78,13.58,12.74,13.5,82882,448551,False
2017-06-30,SBV17,13.6,14.07,13.54,13.81,77206,447854,False
2017-07-03,SBV17,13.67,13.98,13.28,13.92,63354,448954,False
2017-07-05,SBV17,13.95,13.97,13.48,13.72,72669,441355,False
2017-07-06,SBV17,13.65,13.94,13.53,13.92,39828,440314,False
2017-07-07,SBV17,13.93,14.3,13.62,14.15,58902,438995,False
2017-07-10,SBV17,14.1,14.39,13.51,13.56,74166,433601,False
2017-07-11,SBV17,13.6,13.71,13.21,13.44,54451,433460,False
2017-07-12,SBV17,13.44,13.68,13.27,13.49,39722,436091,False
2017-07-13,SBV17,13.5,14.18,13.5,14.14,70836,432533,False
2017-07-14,SBV17,14.12,14.31,13.82,14.3,38950,429688,False
2017-07-17,SBV17,14.27,14.38,13.91,14.09,47752,427917,False
2017-07-18,SBV17,14.13,14.28,13.91,14.1,44628,427542,False
2017-07-19,SBV17,14.11,14.6,14.08,14.5,56676,425158,False
2017-07-20,SBV17,14.6,14.63,14.33,14.41,35204,424975,False
2017-07-21,SBV17,14.5,14.69,14.28,14.4,46424,421545,False
2017-07-24,SBV17,14.38,14.48,14.18,14.4,31962,420855,False
2017-07-25,SBV17,14.42,14.48,13.88,13.9,61160,419126,False
2017-07-26,SBV17,13.82,14.34,13.73,14.23,56931,411732,False
2017-07-27,SBV17,14.24,14.64,14.23,14.43,55624,410593,False
2017-07-28,SBV17,14.48,14.55,14.12,14.37,43092,405938,False
2017-07-31,SBV17,14.5,14.99,14.41,14.91,75818,398895,False
2017-08-01,SBH18,15.5,15.82,15.46,15.56,23808,193457,True
2017-08-02,SBH18,15.5,15.65,15.33,15.5,11417,194020,False
2017-08-03,SBH18,15.5,15.53,14.65,15.05,20886,194478,False
2017-08-04,SBH18,15.19,15.19,14.83,14.88,11774,193481,False
2017-08-07,SBH18,14.93,15.02,14.56,14.66,21977,194995,False
2017-08-08,SBH18,14.75,14.91,14.58,14.61,29582,198204,False
2017-08-09,SBH18,14.63,14.69,14.43,14.5,27587,199878,False
2017-08-10,SBH18,14.49,14.59,14.1,14.14,40820,202550,False
2017-08-11,SBH18,14.17,14.25,14.01,14.05,25605,205147,False
2017-08-14,SBH18,14.16,14.39,13.96,14.3,22914,205864,False
2017-08-15,SBH18,14.35,14.35,13.94,13.95,17079,208253,False
2017-08-16,SBH18,14.0,14.2,13.77,13.79,21249,213087,False
2017-08-17,SBH18,13.82,14.17,13.77,14.1,22268,214898,False
2017-08-18,SBH18,14.22,14.33,13.97,14.17,19138,216594,False
2017-08-21,SBH18,14.21,14.37,14.18,14.26,15664,219545,False
2017-08-22,SBH18,14.25,14.3,14.03,14.26,19355,223077,False
2017-08-23,SBH18,14.26,14.47,14.11,14.39,25478,222816,False
2017-08-24,SBH18,14.46,14.71,14.39,14.68,28867,225044,False
2017-08-25,SBH18,14.73,14.77,14.56,14.69,27547,230662,False
2017-08-28,SBH18,14.71,14.88,14.51,14.84,36944,234445,False
2017-08-29,SBH18,14.81,14.88,14.38,14.48,34285,236321,False
2017-08-30,SBH18,14.49,14.61,14.3,14.53,21539,240538,False
2017-08-31,SBH18,14.45,15.01,14.4,14.98,36791,245712,False
2017-09-01,SBH18,14.88,14.96,14.31,14.36,0,251326,False
2017-09-05,SBH18,14.5,14.72,14.27,14.63,39085,252889,False
2017-09-06,SBH18,14.61,14.88,14.47,14.85,34348,256994,False
2017-09-07,SBH18,14.81,14.84,14.57,14.64,39459,262352,False
2017-09-08,SBH18,14.67,14.81,14.55,14.64,55146,278211,False
2017-09-11,SBH18,14.64,14.89,14.36,14.84,64998,293837,False
2017-09-12,SBH18,14.82,14.91,14.5,14.54,78635,309815,False
2017-09-13,SBH18,14.55,14.83,14.53,14.8,90603,341946,False
2017-09-14,SBH18,14.81,14.88,14.58,14.85,91159,360588,False
2017-09-15,SBH18,14.81,15.2,14.69,15.17,81086,381332,False
2017-09-18,SBH18,15.17,15.18,14.65,14.92,121869,394662,False
2017-09-19,SBH18,14.83,14.95,14.33,14.37,86963,396452,False
2017-09-20,SBH18,14.4,14.78,14.38,14.7,68423,398815,False
2017-09-21,SBH18,14.71,14.77,14.54,14.73,46704,400291,False
2017-09-22,SBH18,14.76,14.93,14.6,14.64,65641,407348,False
2017-09-25,SBH18,14.6,14.74,14.26,14.35,70789,412504,False
2017-09-26,SBH18,14.4,14.47,13.81,13.91,96808,415530,False
2017-09-27,SBH18,14.08,14.18,13.72,13.83,71737,424394,False
2017-09-28,SBH18,13.8,14.0,13.77,13.95,54077,428457,False
2017-09-29,SBH18,14.01,14.15,13.76,14.1,49926,433750,False
2017-10-02,SBH18,14.1,14.45,13.85,14.31,49386,428143,False
2017-10-03,SBH18,14.33,14.38,14.01,14.04,40169,426413,False
2017-10-04,SBH18,14.08,14.35,14.04,14.25,48294,426613,False
2017-10-05,SBH18,14.29,14.57,14.16,14.39,44498,424960,False
2017-10-06,SBH18,14.38,14.42,13.83,13.98,60589,424256,False
2017-10-09,SBH18,14.09,14.18,13.84,14.0,32968,427266,False
2017-10-10,SBH18,14.05,14.27,13.91,14.17,41545,429071,False
2017-10-11,SBH18,14.14,14.37,14.13,14.3,28017,427815,False
2017-10-12,SBH18,14.24,14.34,13.96,14.28,39206,428478,False
2017-10-13,SBH18,14.33,14.43,14.09,14.41,36704,428054,False
2017-10-16,SBH18,14.42,14.42,14.11,14.18,31013,427047,False
2017-10-17,SBH18,14.11,14.33,13.99,14.03,37678,428453,False
2017-10-18,SBH18,14.08,14.22,14.02,14.08,33115,429781,False
2017-10-19,SBH18,14.05,14.35,14.05,14.13,38449,428370,False
2017-10-20,SBH18,14.13,14.23,13.9,14.0,43275,430183,False
2017-10-23,SBH18,14.02,14.12,13.84,13.88,40919,433813,False
2017-10-24,SBH18,13.93,14.29,13.87,14.28,64837,435011,False
2017-10-25,SBH18,14.3,14.37,14.14,14.18,36984,431031,False
2017-10-26,SBH18,14.27,14.31,14.0,14.11,35267,431456,False
2017-10-27,SBH18,14.04,14.7,14.03,14.63,79272,437754,False
2017-10-30,SBH18,14.7,14.82,14.58,14.73,62144,429334,False
2017-10-31,SBH18,14.65,14.79,14.59,14.74,50022,420659,False
2017-11-01,SBH18,14.72,14.84,14.57,14.61,51016,419204,False
2017-11-02,SBH18,14.65,14.65,14.15,14.23,77243,415024,False
2017-11-03,SBH18,14.27,14.68,14.2,14.38,72986,410704,False
2017-11-06,SBH18,14.38,14.58,14.23,14.56,49722,409655,False
2017-11-07,SBH18,14.56,14.76,14.43,14.72,43815,407379,False
2017-11-08,SBH18,14.7,14.86,14.62,14.84,46073,405792,False
2017-11-09,SBH18,14.83,14.94,14.74,14.88,52565,408191,False
2017-11-10,SBH18,14.88,14.99,14.81,14.96,54014,407570,False
2017-11-13,SBH18,14.99,15.18,14.86,15.13,74351,407282,False
2017-11-14,SBH18,15.17,15.18,14.95,15.1,74343,398348,False
2017-11-15,SBH18,15.05,15.12,14.9,15.09,43343,395289,False
2017-11-16,SBH18,15.09,15.28,14.94,15.26,50895,397446,False
2017-11-17,SBH18,15.26,15.46,15.2,15.37,59583,400124,False
2017-11-20,SBH18,15.3,15.3,14.92,14.98,64446,386533,False
2017-11-21,SBH18,14.98,15.07,14.73,14.88,64445,380098,False
2017-11-22,SBH18,14.92,15.31,14.9,15.28,60523,383765,False
2017-11-24,SBH18,15.28,15.49,15.22,15.45,44246,388577,False
2017-11-27,SBH18,15.45,15.49,15.29,15.39,40883,389522,False
2017-11-28,SBH18,15.35,15.38,15.01,15.04,60114,385858,False
2017-11-29,SBH18,15.14,15.24,14.92,15.07,37806,387093,False
2017-11-30,SBH18,15.07,15.3,15.04,15.08,43083,388658,False
2017-12-01,SBH18,15.06,15.21,14.95,14.98,50259,384322,False
2017-12-04,SBH18,15.02,15.15,14.84,15.06,48839,382302,False
2017-12-05,SBH18,15.04,15.15,14.87,14.9,42547,380472,False
2017-12-06,SBH18,14.89,14.89,14.44,14.45,81646,378544,False
2017-12-07,SBH18,14.52,14.59,14.19,14.31,77006,382208,False
2017-12-08,SBH18,14.35,14.39,13.97,14.05,69851,392002,False
2017-12-11,SBH18,14.05,14.14,13.9,13.95,57503,396718,False
2017-12-12,SBH18,13.99,14.04,13.7,13.77,61864,404630,False
2017-12-13,SBH18,13.93,14.02,13.75,13.85,69005,415352,False
2017-12-14,SBH18,13.79,13.94,13.72,13.77,49916,417336,False
2017-12-15,SBH18,13.81,13.94,13.64,13.66,61722,420661,False
2017-12-18,SBH18,13.76,13.96,13.71,13.76,57231,419989,False
2017-12-19,SBH18,13.8,14.43,13.78,14.41,79511,415181,False
2017-12-20,SBH18,14.4,14.6,14.33,14.57,49886,407278,False
2017-12-21,SBH18,14.59,14.82,14.41,14.77,58692,398513,False
2017-12-22,SBH18,14.77,14.8,14.47,14.6,42692,388326,False
2017-12-26,SBH18,14.6,14.75,14.57,14.7,17873,387036,False
2017-12-27,SBH18,14.64,14.94,14.55,14.93,36075,383400,False
2017-12-28,SBH18,14.86,15.05,14.86,15.0,32414,379473,False
2017-12-29,SBH18,14.9,15.18,14.89,15.16,37455,379502,False
2018-01-02,SBK18,14.95,15.2,14.92,15.19,24608,158463,True
2018-01-03,SBK18,15.2,15.24,15.06,15.21,22127,158998,False
2018-01-04,SBK18,15.18,15.22,14.77,15.16,18844,159144,False
2018-01-05,SBK18,15.09,15.15,14.91,15.02,14495,159849,False
2018-01-08,SBK18,14.98,14.99,14.53,14.78,32667,164365,False
2018-01-09,SBK18,14.73,14.81,14.46,14.77,34619,172769,False
2018-01-10,SBK18,14.77,14.86,14.58,14.72,31675,178222,False
2018-01-11,SBK18,14.63,14.65,14.23,14.32,41027,188982,False
2018-01-12,SBK18,14.37,14.4,14.1,14.32,40414,200079,False
2018-01-16,SBK18,14.25,14.25,13.75,13.77,51657,204651,False
2018-01-17,SBK18,13.9,13.9,13.53,13.58,39577,209233,False
2018-01-18,SBK18,13.63,13.73,13.2,13.24,45459,212093,False
2018-01-19,SBK18,13.33,13.59,13.17,13.4,27253,214328,False
2018-01-22,SBK18,13.46,13.57,13.3,13.31,23675,217223,False
2018-01-23,SBK18,13.27,13.41,13.24,13.36,28931,220018,False
2018-01-24,SBK18,13.37,13.4,13.21,13.31,30374,224570,False
2018-01-25,SBK18,13.38,13.52,13.26,13.42,36004,227407,False
2018-01-26,SBK18,13.49,13.58,13.39,13.52,27673,230702,False
2018-01-29,SBK18,13.58,13.79,13.55,13.76,45108,236089,False
2018-01-30,SBK18,13.8,13.84,13.59,13.82,54067,233580,False
2018-01-31,SBK18,13.8,13.81,13.31,13.37,52744,241656,False
2018-02-01,SBK18,13.37,13.53,13.37,13.49,54897,252921,False
2018-02-02,SBK18,13.54,13.72,13.47,13.68,39243,258337,False
2018-02-05,SBK18,13.73,13.89,13.35,13.86,64972,265439,False
2018-02-06,SBK18,13.89,14.02,13.7,13.85,57605,271472,False
2018-02-07,SBK18,13.85,14.01,13.63,13.98,80489,286433,False
2018-02-08,SBK18,13.99,13.99,13.55,13.59,71740,293775,False
2018-02-09,SBK18,13.63,13.77,13.49,13.55,103474,316992,False
2018-02-12,SBK18,13.6,13.7,13.43,13.61,97959,342436,False
2018-02-13,SBK18,13.53,13.6,13.29,13.44,99728,361288,False
2018-02-14,SBK18,13.4,13.48,13.26,13.31,89352,382761,False
2018-02-15,SBK18,13.39,13.59,13.32,13.51,84218,399521,False
2018-02-16,SBK18,13.55,13.55,13.2,13.28,60513,408385,False
2018-02-20,SBK18,13.38,13.44,13.23,13.29,62303,414830,False
2018-02-21,SBK18,13.25,13.37,13.21,13.27,55260,423973,False
2018-02-22,SBK18,13.28,13.63,13.28,13.58,67536,434963,False
2018-02-23,SBK18,13.58,13.59,13.42,13.46,58679,438002,False
2018-02-26,SBK18,13.43,13.56,13.31,13.43,57994,443745,False
2018-02-27,SBK18,13.42,13.44,12.84,12.87,113498,456603,False
2018-02-28,SBK18,12.9,13.49,12.82,13.38,108612,454050,False
2018-03-01,SBN18,13.54,13.82,13.42,13.82,44895,165683,True
2018-03-02,SBN18,13.8,13.92,13.47,13.6,29185,162674,False
2018-03-05,SBN18,13.59,13.8,13.53,13.75,23493,163577,False
2018-03-06,SBN18,13.71,13.81,13.58,13.63,21223,159376,False
2018-03-07,SBN18,13.55,13.55,12.97,12.99,51685,169898,False
2018-03-08,SBN18,13.1,13.29,13.01,13.1,45897,178817,False
2018-03-09,SBN18,13.15,13.16,12.97,13.06,32922,183411,False
2018-03-12,SBN18,13.07,13.18,12.99,13.16,38075,194047,False
2018-03-13,SBN18,13.16,13.19,12.8,12.89,40363,208511,False
2018-03-14,SBN18,12.9,13.02,12.84,12.97,28132,211487,False
2018-03-15,SBN18,13.05,13.08,12.8,12.95,18975,215261,False
2018-03-16,SBN18,12.96,12.96,12.82,12.85,13553,217295,False
2018-03-19,SBN18,12.85,13.05,12.52,13.05,38874,219521,False
2018-03-20,SBN18,13.05,13.08,12.73,12.75,18512,222464,False
2018-03-21,SBN18,12.75,13.0,12.74,12.87,17288,225188,False
2018-03-22,SBN18,12.86,12.98,12.8,12.95,17659,230269,False
2018-03-23,SBN18,12.93,13.03,12.68,12.76,25047,234853,False
2018-03-26,SBN18,12.75,12.91,12.61,12.61,23761,236270,False
2018-03-27,SBN18,12.63,12.72,12.54,12.66,48865,247558,False
2018-03-28,SBN18,12.58,12.61,12.32,12.34,49672,255741,False
2018-03-29,SBN18,12.38,12.49,12.33,12.46,27500,261222,False
2018-04-02,SBN18,12.43,12.65,12.38,12.63,25786,266476,False
2018-04-03,SBN18,12.51,12.64,12.38,12.61,46055,272824,False
2018-04-04,SBN18,12.61,12.61,12.39,12.43,41249,279500,False
2018-04-05,SBN18,12.42,12.51,12.4,12.47,57126,287242,False
2018-04-06,SBN18,12.48,12.49,12.35,12.38,84933,308113,False
2018-04-09,SBN18,12.38,12.46,12.35,12.42,79842,334404,False
2018-04-10,SBN18,12.39,12.42,12.05,12.19,116598,368715,False
2018-04-11,SBN18,12.19,12.3,12.01,12.12,121513,409098,False
2018-04-12,SBN18,12.08,12.19,12.04,12.13,107859,440074,False
2018-04-13,SBN18,12.1,12.35,12.1,12.2,91928,452377,False
2018-04-16,SBN18,12.2,12.42,12.13,12.17,101485,467774,False
2018-04-17,SBN18,12.14,12.14,11.81,11.82,88206,479823,False
2018-04-18,SBN18,11.84,11.94,11.77,11.91,58615,487136,False
2018-04-19,SBN18,11.82,11.99,11.81,11.95,66622,491314,False
2018-04-20,SBN18,11.92,12.0,11.78,11.87,56642,491107,False
2018-04-23,SBN18,11.91,11.91,11.37,11.4,88963,497081,False
2018-04-24,SBN18,11.41,11.47,11.19,11.38,91824,504408,False
2018-04-25,SBN18,11.4,11.4,10.93,11.12,88664,511302,False
2018-04-26,SBN18,11.12,11.45,11.06,11.38,96580,519232,False
2018-04-27,SBN18,11.39,11.68,11.18,11.52,84198,525830,False
2018-04-30,SBN18,11.6,11.79,11.52,11.75,68813,535498,False
2018-05-01,SBV18,12.01,12.04,11.78,11.96,34954,207145,True
2018-05-02,SBV18,11.81,12.1,11.6,12.01,61459,210734,False
2018-05-03,SBV18,11.96,12.0,11.87,11.95,15631,211493,False
2018-05-04,SBV18,11.99,11.99,11.77,11.79,20763,211903,False
2018-05-07,SBV18,11.83,11.85,11.65,11.68,27321,216083,False
2018-05-08,SBV18,11.7,11.94,11.66,11.92,33166,223850,False
2018-05-09,SBV18,11.92,11.92,11.64,11.69,35537,232411,False
2018-05-10,SBV18,11.7,11.7,11.54,11.67,33260,241882,False
2018-05-11,SBV18,11.67,11.67,11.51,11.6,27995,254270,False
2018-05-14,SBV18,11.6,11.65,11.52,11.64,17792,257218,False
2018-05-15,SBV18,11.63,11.87,11.59,11.85,42910,257099,False
2018-05-16,SBV18,11.8,11.9,11.72,11.89,34721,257214,False
2018-05-17,SBV18,11.89,12.04,11.82,11.87,30577,259202,False
2018-05-18,SBV18,11.86,12.01,11.76,11.97,32446,259460,False
2018-05-21,SBV18,12.0,12.51,11.99,12.39,50903,258847,False
2018-05-22,SBV18,12.38,12.64,12.37,12.52,64071,264188,False
2018-05-23,SBV18,12.55,12.8,12.47,12.72,55665,265224,False
2018-05-24,SBV18,12.71,12.91,12.55,12.7,57480,266561,False
2018-05-25,SBV18,12.56,12.78,12.49,12.76,35642,269671,False
2018-05-29,SBV18,12.79,12.84,12.65,12.71,57684,275324,False
2018-05-30,SBV18,12.55,12.84,12.5,12.82,53359,282089,False
2018-05-31,SBV18,12.81,13.08,12.8,13.02,59980,286854,False
2018-06-01,SBV18,13.01,13.18,12.7,12.81,66393,295537,False
2018-06-04,SBV18,12.83,12.83,12.18,12.22,82839,299522,False
2018-06-05,SBV18,12.25,12.48,12.19,12.33,51990,306328,False
2018-06-06,SBV18,12.33,12.55,12.27,12.47,54904,319387,False
2018-06-07,SBV18,12.51,12.6,12.0,12.02,98795,339938,False
2018-06-08,SBV18,12.07,12.54,11.91,12.52,79591,350405,False
2018-06-11,SBV18,12.56,12.83,12.43,12.64,128887,386608,False
2018-06-12,SBV18,12.65,12.85,12.55,12.67,86644,408974,False
2018-06-13,SBV18,12.64,12.78,12.52,12.76,100055,437989,False
2018-06-14,SBV18,12.76,12.78,12.52,12.56,86822,459158,False
2018-06-15,SBV18,12.52,12.59,12.26,12.35,69482,459901,False
2018-06-18,SBV18,12.37,12.5,12.25,12.28,53648,460188,False
2018-06-19,SBV18,12.24,12.27,11.97,12.13,76873,466395,False
2018-06-20,SBV18,12.15,12.43,12.15,12.19,70161,474489,False
2018-06-21,SBV18,12.16,12.35,12.15,12.21,51215,481668,False
2018-06-22,SBV18,12.21,12.5,12.21,12.41,61359,494398,False
2018-06-25,SBV18,12.41,12.49,12.27,12.32,54514,496424,False
2018-06-26,SBV18,12.31,12.65,12.29,12.45,77805,506544,False
2018-06-27,SBV18,12.44,12.51,12.02,12.05,85408,509776,False
2018-06-28,SBV18,12.08,12.34,12.07,12.25,68383,514435,False
2018-06-29,SBV18,12.25,12.29,12.05,12.25,53953,515832,False
2018-07-02,SBV18,12.21,12.24,11.51,11.56,108066,517531,False
2018-07-03,SBV18,11.65,11.69,11.24,11.39,80134,520662,False
2018-07-05,SBV18,11.45,11.74,11.29,11.48,70655,521069,False
2018-07-06,SBV18,11.47,11.55,11.34,11.51,34506,518880,False
2018-07-09,SBV18,11.53,11.61,11.37,11.4,44186,518958,False
2018-07-10,SBV18,11.41,11.52,11.3,11.41,40048,519414,False
2018-07-11,SBV18,11.39,11.43,11.25,11.29,39850,521259,False
2018-07-12,SBV18,11.28,11.28,10.95,11.08,62362,526769,False
2018-07-13,SBV18,11.1,11.14,10.91,10.96,54568,525085,False
2018-07-16,SBV18,10.93,11.39,10.86,11.14,69054,520494,False
2018-07-17,SBV18,11.15,11.21,11.01,11.13,38364,518327,False
2018-07-18,SBV18,11.09,11.19,11.04,11.08,25122,518565,False
2018-07-19,SBV18,11.08,11.11,10.93,10.97,29929,517573,False
2018-07-20,SBV18,10.94,11.26,10.94,11.12,42402,521168,False
2018-07-23,SBV18,11.18,11.3,11.01,11.08,39710,518085,False
2018-07-24,SBV18,11.08,11.26,11.08,11.19,25623,520362,False
2018-07-25,SBV18,11.23,11.35,11.09,11.19,47596,518841,False
2018-07-26,SBV18,11.2,11.26,10.83,11.03,78396,523511,False
2018-07-27,SBV18,11.02,11.12,10.85,10.88,55255,529220,False
2018-07-30,SBV18,10.95,11.0,10.8,10.82,51100,534198,False
2018-07-31,SBV18,10.83,10.85,10.45,10.55,89708,542258,False
2018-08-01,SBH19,11.52,11.53,11.26,11.29,45497,304716,True
2018-08-02,SBH19,11.38,11.59,11.19,11.39,32782,303935,False
2018-08-03,SBH19,11.41,11.84,11.37,11.66,19658,301352,False
2018-08-06,SBH19,11.77,11.9,11.69,11.77,21306,300844,False
2018-08-07,SBH19,11.82,11.9,11.69,11.78,35352,300002,False
2018-08-08,SBH19,11.78,11.79,11.62,11.69,31333,296396,False
2018-08-09,SBH19,11.71,11.9,11.65,11.79,36133,296711,False
2018-08-10,SBH19,11.75,11.75,11.4,11.5,41307,301175,False
2018-08-13,SBH19,11.51,11.51,11.26,11.34,47767,301584,False
2018-08-14,SBH19,11.32,11.46,11.26,11.28,37969,304625,False
2018-08-15,SBH19,11.3,11.33,11.11,11.13,25402,309453,False
2018-08-16,SBH19,11.15,11.27,11.12,11.14,26733,309873,False
2018-08-17,SBH19,11.18,11.21,11.0,11.05,24320,311588,False
2018-08-20,SBH19,11.06,11.11,10.89,10.96,23733,314340,False
2018-08-21,SBH19,10.9,11.09,10.86,11.05,33030,319133,False
2018-08-22,SBH19,10.99,11.1,10.83,11.07,26472,322626,False
2018-08-23,SBH19,11.05,11.09,10.94,11.0,20957,325570,False
2018-08-24,SBH19,10.95,11.3,10.95,11.05,37218,327504,False
2018-08-27,SBH19,11.17,11.25,11.13,11.22,36763,327110,False
2018-08-28,SBH19,11.17,11.27,11.06,11.11,57276,334266,False
2018-08-29,SBH19,11.11,11.26,11.05,11.12,37560,336301,False
2018-08-30,SBH19,11.08,11.45,11.08,11.34,50707,332674,False
2018-08-31,SBH19,11.33,11.52,11.24,11.42,61609,326410,False
2018-09-04,SBH19,11.45,11.53,11.34,11.46,42558,330306,False
2018-09-05,SBH19,11.46,11.72,11.34,11.69,63068,326589,False
2018-09-06,SBH19,11.62,11.71,11.52,11.56,62767,326373,False
2018-09-07,SBH19,11.57,11.8,11.53,11.78,50050,334135,False
2018-09-10,SBH19,11.82,12.08,11.82,12.03,107098,351200,False
2018-09-11,SBH19,12.03,12.1,11.91,12.0,103165,362595,False
2018-09-12,SBH19,11.95,12.36,11.92,12.33,158019,389387,False
2018-09-13,SBH19,12.3,12.55,12.24,12.45,129458,399226,False
2018-09-14,SBH19,12.43,12.45,11.85,12.02,119689,409909,False
2018-09-17,SBH19,12.0,12.0,11.56,11.58,97487,418724,False
2018-09-18,SBH19,11.6,11.75,11.39,11.5,81507,430388,False
2018-09-19,SBH19,11.52,11.8,11.51,11.64,63482,439957,False
2018-09-20,SBH19,11.64,11.89,11.55,11.62,64854,449965,False
2018-09-21,SBH19,11.7,11.81,11.57,11.68,55705,455654,False
2018-09-24,SBH19,11.68,11.7,11.11,11.23,99971,459581,False
2018-09-25,SBH19,11.33,11.37,11.09,11.15,69869,466441,False
2018-09-26,SBH19,11.15,11.24,10.85,10.91,100432,476561,False
2018-09-27,SBH19,10.92,10.97,10.8,10.91,83624,482770,False
2018-09-28,SBH19,10.9,11.26,10.86,11.2,60619,487422,False
2018-10-01,SBH19,11.17,11.79,11.03,11.61,96948,481823,False
2018-10-02,SBH19,11.61,12.26,11.57,12.07,107514,475846,False
2018-10-03,SBH19,12.09,12.38,11.91,12.23,101918,461297,False
2018-10-04,SBH19,12.23,12.36,12.05,12.33,68859,453349,False
2018-10-05,SBH19,12.33,12.7,12.32,12.63,83277,443311,False
2018-10-08,SBH19,12.71,12.98,12.7,12.94,87439,437979,False
2018-10-09,SBH19,12.94,12.99,12.73,12.97,83178,425138,False
2018-10-10,SBH19,12.92,13.14,12.62,12.85,87687,421477,False
2018-10-11,SBH19,12.82,13.08,12.63,12.92,69245,414154,False
2018-10-12,SBH19,12.95,13.28,12.95,13.07,70281,411072,False
2018-10-15,SBH19,13.1,13.55,13.04,13.43,95149,404276,False
2018-10-16,SBH19,13.43,13.45,13.19,13.25,66335,396446,False
2018-10-17,SBH19,13.25,13.76,13.23,13.73,88052,396245,False
2018-10-18,SBH19,13.73,13.95,13.53,13.87,90625,393787,False
2018-10-19,SBH19,13.82,13.9,13.66,13.89,61457,391344,False
2018-10-22,SBH19,13.85,13.95,13.75,13.82,59607,391112,False
2018-10-23,SBH19,13.82,13.91,13.68,13.81,70692,389592,False
2018-10-24,SBH19,13.73,14.24,13.71,14.01,98158,391690,False
2018-10-25,SBH19,14.02,14.22,13.85,13.97,78229,388953,False
2018-10-26,SBH19,13.9,13.97,13.72,13.84,61354,385499,False
2018-10-29,SBH19,13.84,14.05,13.45,13.5,77937,382660,False
2018-10-30,SBH19,13.5,13.5,13.17,13.32,66353,376468,False
2018-10-31,SBH19,13.3,13.37,13.14,13.19,74473,371565,False
2018-11-01,SBH19,13.12,13.54,13.08,13.19,78105,365856,False
2018-11-02,SBH19,13.23,13.5,13.18,13.44,46129,365816,False
2018-11-05,SBH19,13.44,13.44,13.13,13.15,39507,360289,False
2018-11-06,SBH19,13.12,13.23,12.89,12.96,63755,352172,False
2018-11-07,SBH19,13.01,13.17,12.95,13.01,50130,345423,False
2018-11-08,SBH19,13.01,13.11,12.78,12.84,64645,341363,False
2018-11-09,SBH19,12.8,12.84,12.65,12.73,55727,332728,False
2018-11-12,SBH19,12.81,13.16,12.76,12.94,61536,330732,False
2018-11-13,SBH19,12.91,12.91,12.57,12.61,67126,334778,False
2018-11-14,SBH19,12.56,12.79,12.53,12.65,53686,333747,False
2018-11-15,SBH19,12.74,12.88,12.58,12.65,50987,329773,False
2018-11-16,SBH19,12.65,12.78,12.61,12.69,37266,328204,False
2018-11-19,SBH19,12.69,12.98,12.63,12.8,45724,331391,False
2018-11-20,SBH19,12.89,12.91,12.36,12.46,81278,338427,False
2018-11-21,SBH19,12.57,12.78,12.41,12.68,53057,340499,False
2018-11-23,SBH19,12.58,12.64,12.33,12.47,46670,343862,False
2018-11-26,SBH19,12.51,12.64,12.39,12.48,41230,344644,False
2018-11-27,SBH19,12.49,12.5,12.32,12.34,45663,347605,False
2018-11-28,SBH19,12.38,12.87,12.36,12.84,67338,345845,False
2018-11-29,SBH19,12.82,13.21,12.72,12.87,75984,344346,False
2018-11-30,SBH19,12.87,13.03,12.62,12.84,52355,345801,False
2018-12-03,SBH19,12.95,13.07,12.8,12.91,49371,347526,False
2018-12-04,SBH19,12.91,13.0,12.68,12.75,39929,347553,False
2018-12-05,SBH19,12.74,12.88,12.65,12.72,27883,347482,False
2018-12-06,SBH19,12.71,12.8,12.49,12.64,50368,345288,False
2018-12-07,SBH19,12.66,13.07,12.57,12.87,60890,344989,False
2018-12-10,SBH19,12.83,12.84,12.62,12.72,37528,345124,False
2018-12-11,SBH19,12.72,12.88,12.66,12.83,37941,345472,False
2018-12-12,SBH19,12.85,12.9,12.67,12.74,43215,349563,False
2018-12-13,SBH19,12.72,12.8,12.43,12.75,77711,353803,False
2018-12-14,SBH19,12.75,12.78,12.58,12.65,31927,354111,False
2018-12-17,SBH19,12.65,12.79,12.47,12.49,46971,358928,False
2018-12-18,SBH19,12.49,12.5,12.26,12.3,65417,369406,False
2018-12-19,SBH19,12.3,12.88,12.27,12.47,70467,366128,False
2018-12-20,SBH19,12.47,12.49,12.33,12.43,40853,370613,False
2018-12-21,SBH19,12.43,12.47,12.23,12.34,40611,372782,False
2018-12-24,SBH19,12.34,12.5,12.32,12.4,19188,374838,False
2018-12-26,SBH19,12.4,12.51,12.33,12.39,19779,371993,False
2018-12-27,SBH19,12.39,12.44,12.23,12.25,30208,371267,False
2018-12-28,SBH19,12.27,12.45,12.18,12.39,36381,371393,False
2018-12-31,SBH19,12.39,12.41,12.03,12.03,45053,376773,False
2019-01-02,SBK19,12.15,12.17,11.93,12.03,35267,184212,True
2019-01-03,SBK19,11.99,12.02,11.82,11.82,22182,187472,False
2019-01-04,SBK19,11.87,12.08,11.85,12.02,30396,188201,False
2019-01-07,SBK19,12.04,12.73,12.03,12.72,30902,188191,False
2019-01-08,SBK19,12.73,12.93,12.7,12.89,61170,190780,False
2019-01-09,SBK19,12.9,13.05,12.78,13.01,38169,198259,False
2019-01-10,SBK19,13.01,13.02,12.77,12.81,38225,207123,False
2019-01-11,SBK19,12.82,13.04,12.82,12.92,37256,213693,False
2019-01-14,SBK19,12.89,12.96,12.77,12.89,24596,217190,False
2019-01-15,SBK19,12.88,13.28,12.87,13.25,69323,216338,False
2019-01-16,SBK19,13.22,13.37,13.19,13.3,32783,214720,False
2019-01-17,SBK19,13.25,13.27,12.97,13.0,26245,214515,False
2019-01-18,SBK19,13.0,13.21,12.99,13.16,41346,218298,False
2019-01-22,SBK19,13.2,13.2,12.96,13.06,39011,217379,False
2019-01-23,SBK19,13.05,13.11,12.99,13.08,27766,220084,False
2019-01-24,SBK19,13.08,13.17,13.06,13.11,32087,223173,False
2019-01-25,SBK19,13.09,13.14,12.52,12.59,57365,219887,False
2019-01-28,SBK19,12.61,13.02,12.6,12.89,50143,216709,False
2019-01-29,SBK19,12.9,12.96,12.67,12.79,42110,217855,False
2019-01-30,SBK19,12.85,12.88,12.58,12.64,50328,224825,False
2019-01-31,SBK19,12.65,12.93,12.64,12.81,44709,234448,False
2019-02-01,SBK19,12.81,12.85,12.64,12.65,34506,236005,False
2019-02-04,SBK19,12.67,12.9,12.57,12.86,51168,247859,False
2019-02-05,SBK19,12.88,12.94,12.78,12.84,30606,250247,False
2019-02-06,SBK19,12.75,12.91,12.75,12.89,44449,261861,False
2019-02-07,SBK19,12.89,12.89,12.67,12.7,66632,274741,False
2019-02-08,SBK19,12.76,12.82,12.64,12.66,60323,286095,False
2019-02-11,SBK19,12.7,12.7,12.46,12.49,91183,297558,False
2019-02-12,SBK19,12.54,12.77,12.53,12.66,93549,305735,False
2019-02-13,SBK19,12.72,12.75,12.53,12.58,80277,321820,False
2019-02-14,SBK19,12.62,12.64,12.34,12.42,97101,338651,False
2019-02-15,SBK19,12.46,13.15,12.45,13.0,113645,351968,False
2019-02-19,SBK19,13.06,13.27,13.03,13.23,83359,351574,False
2019-02-20,SBK19,13.24,13.42,13.06,13.38,97877,351511,False
2019-02-21,SBK19,13.34,13.38,13.12,13.2,81022,353119,False
2019-02-22,SBK19,13.17,13.37,13.15,13.3,56885,355158,False
2019-02-25,SBK19,13.3,13.36,12.95,13.0,84495,355799,False
2019-02-26,SBK19,13.01,13.1,12.8,12.85,69483,354851,False
2019-02-27,SBK19,12.88,12.99,12.8,12.97,48612,352522,False
2019-02-28,SBK19,13.0,13.0,12.64,12.78,58692,358259,False
2019-03-01,SBN19,13.13,13.13,12.84,12.87,28854,171038,True
2019-03-04,SBN19,12.91,12.95,12.58,12.59,24144,172357,False
2019-03-05,SBN19,12.62,12.75,12.6,12.64,37296,169071,False
2019-03-06,SBN19,12.67,12.67,12.36,12.38,28734,170692,False
2019-03-07,SBN19,12.43,12.46,12.29,12.36,54725,168568,False
2019-03-08,SBN19,12.4,12.44,12.3,12.37,49842,177099,False
2019-03-11,SBN19,12.41,12.67,12.4,12.5,45486,189561,False
2019-03-12,SBN19,12.5,12.64,12.38,12.54,44324,200180,False
2019-03-13,SBN19,12.56,12.56,12.43,12.54,48403,216668,False
2019-03-14,SBN19,12.5,12.84,12.45,12.57,35785,217372,False
2019-03-15,SBN19,12.58,12.74,12.43,12.68,19487,220007,False
2019-03-18,SBN19,12.8,13.03,12.72,13.01,37372,222766,False
2019-03-19,SBN19,13.01,13.01,12.84,12.96,39927,222727,False
2019-03-20,SBN19,12.97,12.99,12.87,12.95,24428,222222,False
2019-03-21,SBN19,12.96,12.96,12.68,12.73,30842,226115,False
2019-03-22,SBN19,12.72,12.88,12.65,12.74,28020,227474,False
2019-03-25,SBN19,12.75,12.77,12.5,12.65,41879,229909,False
2019-03-26,SBN19,12.65,12.8,12.57,12.74,31096,226877,False
2019-03-27,SBN19,12.7,12.85,12.63,12.69,55605,220859,False
2019-03-28,SBN19,12.67,12.7,12.56,12.63,38647,217356,False
2019-03-29,SBN19,12.62,12.75,12.61,12.65,26513,216770,False
2019-04-01,SBN19,12.63,12.8,12.42,12.78,36998,218164,False
2019-04-02,SBN19,12.77,12.89,12.72,12.8,36707,226650,False
2019-04-03,SBN19,12.8,12.84,12.53,12.55,56149,235632,False
2019-04-04,SBN19,12.61,12.9,12.55,12.81,63706,253117,False
2019-04-05,SBN19,12.8,12.92,12.78,12.87,68918,269468,False
2019-04-08,SBN19,12.87,12.87,12.62,12.68,57002,282812,False
2019-04-09,SBN19,12.66,12.91,12.62,12.9,67150,299402,False
2019-04-10,SBN19,12.9,12.99,12.84,12.98,119926,322691,False
2019-04-11,SBN19,12.98,12.98,12.8,12.82,97434,345220,False
2019-04-12,SBN19,12.86,12.93,12.75,12.92,92787,357181,False
2019-04-15,SBN19,12.88,12.96,12.76,12.79,97780,368737,False
2019-04-16,SBN19,12.79,12.81,12.56,12.67,87526,372785,False
2019-04-17,SBN19,12.67,12.8,12.5,12.53,66855,380508,False
2019-04-18,SBN19,12.53,13.01,12.51,12.98,123478,394344,False
2019-04-22,SBN19,12.95,13.05,12.71,12.77,75937,385869,False
2019-04-23,SBN19,12.72,12.95,12.7,12.9,82532,386535,False
2019-04-24,SBN19,12.85,12.96,12.75,12.9,79399,383239,False
2019-04-25,SBN19,12.9,12.94,12.66,12.69,106102,379270,False
2019-04-26,SBN19,12.72,12.76,12.52,12.65,95732,378278,False
2019-04-29,SBN19,12.63,12.64,12.3,12.33,126907,397669,False
2019-04-30,SBN19,12.38,12.75,12.3,12.34,110695,405676,False
2019-05-01,SBV19,12.74,12.75,12.48,12.54,71999,224401,True
2019-05-02,SBV19,12.57,12.63,12.48,12.55,31626,228822,False
2019-05-03,SBV19,12.56,12.56,12.32,12.35,36052,235029,False
2019-05-06,SBV19,12.3,12.33,12.18,12.22,25576,237751,False
2019-05-07,SBV19,12.21,12.37,12.18,12.28,46982,241139,False
2019-05-08,SBV19,12.28,12.29,12.01,12.02,63210,248407,False
2019-05-09,SBV19,12.01,12.27,12.01,12.12,43468,250525,False
2019-05-10,SBV19,12.17,12.48,12.05,12.07,34943,255100,False
2019-05-13,SBV19,12.09,12.21,12.01,12.19,22201,260814,False
2019-05-14,SBV19,12.18,12.31,12.09,12.26,21046,262742,False
2019-05-15,SBV19,12.3,12.37,12.11,12.19,29569,259590,False
2019-05-16,SBV19,12.22,12.22,12.06,12.14,22726,258859,False
2019-05-17,SBV19,12.12,12.12,11.83,11.93,53490,259024,False
2019-05-20,SBV19,11.97,12.13,11.97,12.02,29044,260209,False
2019-05-21,SBV19,12.05,12.21,11.85,12.17,74250,274863,False
2019-05-22,SBV19,12.24,12.33,12.03,12.04,37149,277362,False
2019-05-23,SBV19,12.06,12.16,11.82,11.97,41470,279245,False
2019-05-24,SBV19,12.0,12.17,11.96,12.05,18162,279031,False
2019-05-28,SBV19,12.13,12.21,12.02,12.09,43570,286095,False
2019-05-29,SBV19,12.14,12.33,12.11,12.24,48679,285085,False
2019-05-30,SBV19,12.23,12.33,12.15,12.18,35665,284390,False
2019-05-31,SBV19,12.14,12.46,12.04,12.43,58066,284096,False
2019-06-03,SBV19,12.44,12.51,12.29,12.5,66895,285658,False
2019-06-04,SBV19,12.52,12.66,12.39,12.64,75530,295147,False
2019-06-05,SBV19,12.64,12.76,12.41,12.49,70795,303142,False
2019-06-06,SBV19,12.45,12.72,12.37,12.72,63796,310797,False
2019-06-07,SBV19,12.69,12.8,12.65,12.78,69275,333306,False
2019-06-10,SBV19,12.77,12.77,12.64,12.7,95647,358654,False
2019-06-11,SBV19,12.71,12.83,12.58,12.83,113573,387688,False
2019-06-12,SBV19,12.8,12.87,12.74,12.86,101647,414339,False
2019-06-13,SBV19,12.83,12.94,12.83,12.91,140196,436780,False
2019-06-14,SBV19,12.9,12.95,12.85,12.92,78946,456554,False
2019-06-17,SBV19,12.91,12.93,12.75,12.84,73376,459185,False
2019-06-18,SBV19,12.82,12.85,12.67,12.83,82938,458567,False
2019-06-19,SBV19,12.78,12.8,12.63,12.74,60239,459202,False
2019-06-20,SBV19,12.7,12.76,12.66,12.68,55700,458323,False
2019-06-21,SBV19,12.67,12.72,12.42,12.48,70015,457484,False
2019-06-24,SBV19,12.42,12.69,12.38,12.47,88658,456072,False
2019-06-25,SBV19,12.5,12.66,12.48,12.57,60739,453327,False
2019-06-26,SBV19,12.59,12.65,12.29,12.32,102393,458774,False
2019-06-27,SBV19,12.35,12.79,12.3,12.78,137129,460110,False
2019-06-28,SBV19,12.78,12.84,12.57,12.62,65380,460566,False
2019-07-01,SBV19,12.71,12.82,12.5,12.57,73850,459716,False
2019-07-02,SBV19,12.54,12.61,12.25,12.35,76902,466447,False
2019-07-03,SBV19,12.35,12.62,12.3,12.54,0,468070,False
2019-07-05,SBV19,12.57,12.65,12.33,12.36,49389,471323,False
2019-07-08,SBV19,12.38,12.55,12.34,12.45,44106,468038,False
2019-07-09,SBV19,12.43,12.43,12.26,12.35,54018,465440,False
2019-07-10,SBV19,12.4,12.54,12.31,12.5,50031,463373,False
2019-07-11,SBV19,12.5,12.62,12.36,12.38,48833,463583,False
2019-07-12,SBV19,12.38,12.42,12.28,12.3,48496,462826,False
2019-07-15,SBV19,12.3,12.32,11.95,12.06,98754,468515,False
2019-07-16,SBV19,12.06,12.07,11.9,11.99,52582,468471,False
2019-07-17,SBV19,12.05,12.14,11.76,11.79,73983,475932,False
2019-07-18,SBV19,11.81,11.84,11.53,11.55,83131,484897,False
2019-07-19,SBV19,11.59,11.7,11.56,11.59,60027,491507,False
2019-07-22,SBV19,11.61,11.66,11.54,11.56,55406,497780,False
2019-07-23,SBV19,11.56,11.99,11.39,11.98,107466,501842,False
2019-07-24,SBV19,11.94,12.23,11.85,12.06,86997,498317,False
2019-07-25,SBV19,12.12,12.2,11.93,12.0,43545,498139,False
2019-07-26,SBV19,12.02,12.11,11.93,12.02,26025,492952,False
2019-07-29,SBV19,12.04,12.21,12.0,12.07,38561,493258,False
2019-07-30,SBV19,12.07,12.3,12.05,12.15,43802,494561,False
2019-07-31,SBV19,12.15,12.23,12.03,12.21,37245,498479,False
2019-08-01,SBH20,13.2,13.2,13.02,13.14,21261,266310,True
2019-08-02,SBH20,13.11,13.13,12.92,13.03,27816,267182,False
2019-08-05,SBH20,13.0,13.07,12.75,12.86,35128,268248,False
2019-08-06,SBH20,12.83,13.0,12.74,12.77,30119,271612,False
2019-08-07,SBH20,12.8,12.81,12.43,12.48,67178,276385,False
2019-08-08,SBH20,12.55,12.62,12.48,12.56,38806,278167,False
2019-08-09,SBH20,12.56,12.98,12.56,12.95,29495,279826,False
2019-08-12,SBH20,12.96,12.98,12.59,12.67,43696,281332,False
2019-08-13,SBH20,12.7,12.88,12.61,12.77,40219,282611,False
2019-08-14,SBH20,12.77,12.85,12.62,12.64,24780,279996,False
2019-08-15,SBH20,12.67,12.77,12.55,12.68,24492,283683,False
2019-08-16,SBH20,12.68,12.74,12.62,12.69,12045,282848,False
2019-08-19,SBH20,12.66,12.66,12.5,12.54,23376,284554,False
2019-08-20,SBH20,12.52,12.64,12.48,12.52,26341,286760,False
2019-08-21,SBH20,12.52,12.62,12.46,12.48,22150,292021,False
2019-08-22,SBH20,12.48,12.71,12.48,12.65,22350,291681,False
2019-08-23,SBH20,12.69,12.7,12.51,12.52,20520,294524,False
2019-08-26,SBH20,12.51,12.65,12.46,12.48,23019,294005,False
2019-08-27,SBH20,12.48,12.52,12.27,12.35,46820,302385,False
2019-08-28,SBH20,12.38,12.55,12.24,12.48,45202,306899,False
2019-08-29,SBH20,12.5,12.55,12.26,12.31,32119,309137,False
2019-08-30,SBH20,12.32,12.38,12.15,12.23,40260,310266,False
2019-09-03,SBH20,12.34,12.41,12.12,12.17,72303,313919,False
2019-09-04,SBH20,12.16,12.22,12.03,12.04,80579,318683,False
2019-09-05,SBH20,12.06,12.15,11.89,11.97,73630,329161,False
2019-09-06,SBH20,12.0,12.02,11.9,11.97,69773,341463,False
2019-09-09,SBH20,11.96,12.03,11.88,11.9,100195,365797,False
2019-09-10,SBH20,11.87,12.05,11.85,11.89,100714,392227,False
2019-09-11,SBH20,11.89,11.94,11.78,11.85,117489,421112,False
2019-09-12,SBH20,11.84,11.89,11.74,11.84,132814,453586,False
2019-09-13,SBH20,11.83,12.07,11.82,11.94,141070,491609,False
2019-09-16,SBH20,12.15,12.48,12.1,12.26,176151,513180,False
2019-09-17,SBH20,12.26,12.37,12.07,12.1,127612,501166,False
2019-09-18,SBH20,12.07,12.19,12.04,12.07,100729,513410,False
2019-09-19,SBH20,12.06,12.13,11.92,12.0,81777,527143,False
2019-09-20,SBH20,12.0,12.09,11.96,12.07,70617,536169,False
2019-09-23,SBH20,12.1,12.28,12.1,12.21,81770,547270,False
2019-09-24,SBH20,12.19,12.5,12.17,12.41,113657,553642,False
2019-09-25,SBH20,12.41,12.7,12.39,12.66,101556,550649,False
2019-09-26,SBH20,12.7,12.72,12.58,12.62,95745,542452,False
2019-09-27,SBH20,12.56,12.7,12.51,12.62,68534,530828,False
2019-09-30,SBH20,12.62,12.85,12.57,12.65,77203,523382,False
2019-10-01,SBH20,12.65,12.9,12.63,12.88,75381,512948,False
2019-10-02,SBH20,12.88,12.93,12.78,12.89,61825,506444,False
2019-10-03,SBH20,12.87,12.89,12.59,12.74,65356,501056,False
2019-10-04,SBH20,12.72,12.83,12.69,12.76,41570,499849,False
2019-10-07,SBH20,12.71,12.71,12.31,12.52,78958,505817,False
2019-10-08,SBH20,12.59,12.59,12.36,12.46,44386,505397,False
2019-10-09,SBH20,12.43,12.55,12.38,12.41,36474,506824,False
2019-10-10,SBH20,12.39,12.48,12.32,12.41,43381,503463,False
2019-10-11,SBH20,12.4,12.48,12.22,12.41,59214,507120,False
2019-10-14,SBH20,12.44,12.59,12.43,12.52,37724,507355,False
2019-10-15,SBH20,12.5,12.62,12.35,12.59,59154,508415,False
2019-10-16,SBH20,12.53,12.55,12.28,12.35,61926,505610,False
2019-10-17,SBH20,12.34,12.46,12.21,12.24,50960,507701,False
2019-10-18,SBH20,12.21,12.34,12.2,12.32,45952,509900,False
2019-10-21,SBH20,12.34,12.39,12.2,12.27,38413,511042,False
2019-10-22,SBH20,12.27,12.28,12.1,12.18,55279,517999,False
2019-10-23,SBH20,12.13,12.25,12.05,12.15,52326,524730,False
2019-10-24,SBH20,12.17,12.33,12.17,12.3,44287,528917,False
2019-10-25,SBH20,12.25,12.39,12.23,12.35,38669,531681,False
2019-10-28,SBH20,12.35,12.59,12.34,12.54,49592,535817,False
2019-10-29,SBH20,12.53,12.55,12.28,12.34,63353,535871,False
2019-10-30,SBH20,12.34,12.44,12.24,12.41,38321,536477,False
2019-10-31,SBH20,12.42,12.52,12.31,12.48,45911,535060,False
2019-11-01,SBH20,12.47,12.52,12.34,12.48,54009,539767,False
2019-11-04,SBH20,12.48,12.57,12.44,12.51,45597,540929,False
2019-11-05,SBH20,12.51,12.73,12.49,12.71,76628,535795,False
2019-11-06,SBH20,12.71,12.71,12.54,12.56,55684,530256,False
2019-11-07,SBH20,12.56,12.56,12.35,12.39,64453,532850,False
2019-11-08,SBH20,12.36,12.61,12.29,12.57,71897,529046,False
2019-11-11,SBH20,12.56,12.67,12.46,12.57,63068,524754,False
2019-11-12,SBH20,12.62,12.63,12.51,12.59,44856,518720,False
2019-11-13,SBH20,12.62,12.91,12.57,12.85,120555,508759,False
2019-11-14,SBH20,12.83,12.89,12.77,12.81,65133,497588,False
2019-11-15,SBH20,12.81,12.84,12.68,12.73,54115,493997,False
2019-11-18,SBH20,12.73,12.8,12.6,12.76,50098,489116,False
2019-11-19,SBH20,12.68,12.75,12.66,12.69,42565,489200,False
2019-11-20,SBH20,12.69,12.81,12.68,12.75,43268,485095,False
2019-11-21,SBH20,12.74,12.77,12.57,12.61,51635,484633,False
2019-11-22,SBH20,12.63,12.87,12.62,12.83,70207,480360,False
2019-11-25,SBH20,12.78,12.86,12.74,12.82,43947,482656,False
2019-11-26,SBH20,12.8,12.89,12.66,12.78,65447,479054,False
2019-11-27,SBH20,12.74,12.83,12.72,12.79,46996,474232,False
2019-11-29,SBH20,12.8,13.01,12.78,12.94,96217,486340,False
2019-12-02,SBH20,12.97,12.97,12.73,12.75,75483,475994,False
2019-12-03,SBH20,12.75,12.92,12.74,12.86,60534,475040,False
2019-12-04,SBH20,12.89,13.1,12.88,13.06,82993,470770,False
2019-12-05,SBH20,13.06,13.17,13.0,13.08,69342,461274,False
2019-12-06,SBH20,13.08,13.21,13.07,13.18,47322,460689,False
2019-12-09,SBH20,13.21,13.42,13.19,13.38,78327,459931,False
2019-12-10,SBH20,13.38,13.49,13.31,13.46,64274,456724,False
2019-12-11,SBH20,13.46,13.51,13.28,13.42,81050,456544,False
2019-12-12,SBH20,13.38,13.55,13.34,13.52,60830,453597,False
2019-12-13,SBH20,13.52,13.67,13.47,13.5,86785,453259,False
2019-12-16,SBH20,13.45,13.58,13.22,13.29,92355,452042,False
2019-12-17,SBH20,13.32,13.41,13.23,13.27,57844,446081,False
2019-12-18,SBH20,13.27,13.5,13.26,13.43,51750,442367,False
2019-12-19,SBH20,13.4,13.62,13.39,13.55,50736,440779,False
2019-12-20,SBH20,13.55,13.59,13.47,13.54,56534,441552,False
2019-12-23,SBH20,13.54,13.57,13.41,13.45,35559,437906,False
2019-12-24,SBH20,13.47,13.49,13.36,13.37,23964,436447,False
2019-12-26,SBH20,13.37,13.53,13.36,13.44,26095,434628,False
2019-12-27,SBH20,13.48,13.6,13.42,13.54,44076,431472,False
2019-12-30,SBH20,13.54,13.58,13.45,13.53,36081,428028,False
2019-12-31,SBH20,13.54,13.56,13.39,13.42,34736,424400,False
2020-01-02,SBK20,13.56,13.62,13.2,13.24,24739,202173,True
2020-01-03,SBK20,13.38,13.49,13.31,13.39,23072,198521,False
2020-01-06,SBK20,13.46,13.81,13.45,13.79,38002,202758,False
2020-01-07,SBK20,13.77,13.83,13.63,13.67,30590,203769,False
2020-01-08,SBK20,13.8,13.8,13.5,13.56,36491,203864,False
2020-01-09,SBK20,13.57,13.79,13.49,13.76,48572,207767,False
2020-01-10,SBK20,13.75,14.09,13.68,14.07,81714,219807,False
2020-01-13,SBK20,14.06,14.2,13.97,14.15,62837,232316,False
2020-01-14,SBK20,14.13,14.47,14.11,14.31,79346,241499,False
2020-01-15,SBK20,14.24,14.53,14.21,14.48,42467,246101,False
2020-01-16,SBK20,14.48,14.52,14.3,14.38,41357,248928,False
2020-01-17,SBK20,14.39,14.44,14.32,14.4,24849,250128,False
2020-01-21,SBK20,14.42,14.52,14.34,14.49,29740,255021,False
2020-01-22,SBK20,14.49,14.68,14.47,14.57,71295,261321,False
2020-01-23,SBK20,14.57,14.75,14.41,14.47,54180,262433,False
2020-01-24,SBK20,14.47,14.55,14.19,14.32,46555,266982,False
2020-01-27,SBK20,14.26,14.26,14.04,14.13,54663,268122,False
2020-01-28,SBK20,14.11,14.57,13.98,14.4,70247,273761,False
2020-01-29,SBK20,14.4,14.65,14.25,14.32,60283,275492,False
2020-01-30,SBK20,14.29,14.46,14.19,14.31,70329,274705,False
2020-01-31,SBK20,14.33,14.45,14.25,14.35,73726,275976,False
2020-02-03,SBK20,14.34,14.66,14.24,14.6,80923,282011,False
2020-02-04,SBK20,14.62,14.8,14.41,14.49,84161,291706,False
2020-02-05,SBK20,14.48,14.6,14.38,14.51,55716,293260,False
2020-02-06,SBK20,14.53,14.58,14.35,14.54,72812,305218,False
2020-02-07,SBK20,14.54,14.76,14.5,14.69,85202,316177,False
2020-02-10,SBK20,14.69,14.83,14.69,14.74,85273,339500,False
2020-02-11,SBK20,14.76,15.1,14.71,15.04,119786,368748,False
2020-02-12,SBK20,15.02,15.29,14.96,15.06,189878,397754,False
2020-02-13,SBK20,15.02,15.24,14.73,14.78,155934,429674,False
2020-02-14,SBK20,14.79,14.9,14.5,14.55,103324,439666,False
2020-02-18,SBK20,14.64,14.9,14.56,14.87,81347,446440,False
2020-02-19,SBK20,14.9,15.2,14.87,15.08,87571,450934,False
2020-02-20,SBK20,15.12,15.14,14.88,14.94,56410,458118,False
2020-02-21,SBK20,14.97,15.15,14.87,15.12,69344,466836,False
2020-02-24,SBK20,15.09,15.09,14.71,14.73,74254,466909,False
2020-02-25,SBK20,14.8,14.92,14.67,14.74,78531,470776,False
2020-02-26,SBK20,14.69,14.72,14.41,14.54,92061,471748,False
2020-02-27,SBK20,14.49,14.49,14.02,14.2,117268,468453,False
2020-02-28,SBK20,14.09,14.2,13.86,14.14,101889,465241,False
2020-03-02,SBN20,14.15,14.3,13.77,13.81,53285,263680,True
2020-03-03,SBN20,13.9,13.9,13.62,13.74,57520,262207,False
2020-03-04,SBN20,13.67,13.75,13.43,13.47,57706,259809,False
2020-03-05,SBN20,13.5,13.53,13.34,13.39,51892,266995,False
2020-03-06,SBN20,13.45,13.48,12.97,13.02,83832,269299,False
2020-03-09,SBN20,12.62,12.7,12.29,12.58,84506,277266,False
2020-03-10,SBN20,12.78,12.91,12.35,12.53,69124,275265,False
2020-03-11,SBN20,12.58,12.59,12.23,12.25,52668,279305,False
2020-03-12,SBN20,12.12,12.12,11.53,11.63,70972,286852,False
2020-03-13,SBN20,11.8,12.04,11.61,11.64,60244,285310,False
2020-03-16,SBN20,11.55,11.58,10.94,11.06,81600,271742,False
2020-03-17,SBN20,11.15,11.15,10.83,10.86,48853,267006,False
2020-03-18,SBN20,10.78,10.91,10.62,10.63,65624,262621,False
2020-03-19,SBN20,10.63,10.82,10.41,10.54,49201,260276,False
2020-03-20,SBN20,10.78,11.13,10.78,10.83,56122,262005,False
2020-03-23,SBN20,10.75,11.01,10.66,10.9,54875,254945,False
2020-03-24,SBN20,11.13,11.4,11.06,11.11,37694,251355,False
2020-03-25,SBN20,11.37,11.5,11.21,11.27,55378,247654,False
2020-03-26,SBN20,11.4,11.42,11.15,11.22,47601,249659,False
2020-03-27,SBN20,11.25,11.36,11.01,11.05,49310,251209,False
2020-03-30,SBN20,11.01,11.13,10.73,10.77,53419,252661,False
2020-03-31,SBN20,10.8,10.83,10.48,10.5,49051,256406,False
2020-04-01,SBN20,10.48,10.49,10.05,10.08,48081,252722,False
2020-04-02,SBN20,10.21,10.85,10.07,10.32,59760,257382,False
2020-04-03,SBN20,10.32,10.67,10.28,10.33,55030,258529,False
2020-04-06,SBN20,10.49,10.55,10.3,10.42,46923,262298,False
2020-04-07,SBN20,10.46,10.59,10.33,10.38,54488,268758,False
2020-04-08,SBN20,10.39,10.48,10.23,10.39,61245,279108,False
2020-04-09,SBN20,10.48,10.64,10.33,10.49,69307,295781,False
2020-04-13,SBN20,10.61,10.61,10.2,10.29,55778,309261,False
2020-04-14,SBN20,10.37,10.38,10.12,10.25,87248,325986,False
2020-04-15,SBN20,10.2,10.31,10.12,10.28,83872,342709,False
2020-04-16,SBN20,10.3,10.45,10.27,10.33,72516,346421,False
2020-04-17,SBN20,10.35,10.6,10.29,10.53,53720,344344,False
2020-04-20,SBN20,10.53,10.55,10.22,10.26,64387,339401,False
2020-04-21,SBN20,10.18,10.2,9.77,10.01,92528,343191,False
2020-04-22,SBN20,9.91,10.22,9.91,10.01,82440,344162,False
2020-04-23,SBN20,10.1,10.18,9.93,10.01,54613,352355,False
2020-04-24,SBN20,9.99,10.01,9.72,9.81,83788,356665,False
2020-04-27,SBN20,9.7,9.84,9.34,9.38,78407,359949,False
2020-04-28,SBN20,9.37,9.63,9.21,9.52,66496,364668,False
2020-04-29,SBN20,9.6,10.04,9.57,9.92,73554,367824,False
2020-04-30,SBN20,10.06,10.44,10.04,10.37,85482,368786,False
2020-05-01,SBV20,10.71,11.24,10.52,11.2,42863,214366,True
2020-05-04,SBV20,11.07,11.12,10.57,10.65,43734,216365,False
2020-05-05,SBV20,10.66,11.09,10.65,11.02,44983,219118,False
2020-05-06,SBV20,10.9,10.99,10.51,10.53,29651,220007,False
2020-05-07,SBV20,10.58,10.78,10.52,10.56,39175,222264,False
2020-05-08,SBV20,10.52,10.59,10.34,10.5,31687,225262,False
2020-05-11,SBV20,10.55,10.64,10.31,10.34,28145,228079,False
2020-05-12,SBV20,10.36,10.57,10.27,10.45,35236,231847,False
2020-05-13,SBV20,10.45,10.52,10.31,10.44,44559,238087,False
2020-05-14,SBV20,10.46,10.73,10.45,10.56,53196,237216,False
2020-05-15,SBV20,10.64,10.76,10.39,10.5,41652,239325,False
2020-05-18,SBV20,10.63,10.93,10.59,10.9,31857,239213,False
2020-05-19,SBV20,10.93,10.98,10.78,10.9,45458,236310,False
2020-05-20,SBV20,10.9,11.27,10.88,11.16,66513,245060,False
2020-05-21,SBV20,11.16,11.27,10.89,11.0,36289,247525,False
2020-05-22,SBV20,10.88,10.99,10.7,10.93,38094,255934,False
2020-05-26,SBV20,11.15,11.17,10.91,11.1,40364,257760,False
2020-05-27,SBV20,11.11,11.15,10.82,10.94,44693,265526,False
2020-05-28,SBV20,10.89,10.98,10.7,10.91,25729,266444,False
2020-05-29,SBV20,10.96,11.04,10.78,10.97,28030,268659,False
2020-06-01,SBV20,11.04,11.19,10.92,11.08,31585,273836,False
2020-06-02,SBV20,11.1,11.36,11.1,11.3,35314,279862,False
2020-06-03,SBV20,11.38,11.71,11.33,11.7,42142,286207,False
2020-06-04,SBV20,11.7,11.82,11.54,11.8,44710,289688,False
2020-06-05,SBV20,11.78,12.12,11.78,12.09,68393,300509,False
2020-06-08,SBV20,12.15,12.29,11.98,12.03,86784,307698,False
2020-06-09,SBV20,12.05,12.19,11.92,12.16,107447,335276,False
2020-06-10,SBV20,12.17,12.4,12.12,12.38,91617,358675,False
2020-06-11,SBV20,12.29,12.34,12.02,12.1,79480,375736,False
2020-06-12,SBV20,12.02,12.24,11.77,12.04,73591,381444,False
2020-06-15,SBV20,11.9,12.14,11.71,12.13,81000,381118,False
2020-06-16,SBV20,12.2,12.33,12.1,12.28,74454,383246,False
2020-06-17,SBV20,12.18,12.29,12.04,12.26,55486,387037,False
2020-06-18,SBV20,12.2,12.3,11.96,12.04,66561,398527,False
2020-06-19,SBV20,12.06,12.32,12.04,12.18,55926,406381,False
2020-06-22,SBV20,12.14,12.25,11.95,12.06,54724,412365,False
2020-06-23,SBV20,12.09,12.1,11.91,11.92,44965,412788,False
2020-06-24,SBV20,11.93,12.16,11.75,11.84,76264,414469,False
2020-06-25,SBV20,11.78,11.93,11.73,11.92,49417,413985,False
2020-06-26,SBV20,11.92,11.99,11.53,11.62,62368,414109,False
2020-06-29,SBV20,11.51,11.84,11.39,11.77,57983,412474,False
2020-06-30,SBV20,11.84,12.1,11.76,11.96,77366,410481,False
2020-07-01,SBV20,12.03,12.25,12.01,12.17,66016,398738,False
2020-07-02,SBV20,12.18,12.25,12.02,12.24,41858,410194,False
2020-07-06,SBV20,12.2,12.27,11.9,11.93,43237,410718,False
2020-07-07,SBV20,11.88,12.23,11.78,12.18,45004,408607,False
2020-07-08,SBV20,12.14,12.29,11.97,12.08,55011,405924,False
2020-07-09,SBV20,12.11,12.15,11.82,11.84,58010,400768,False
2020-07-10,SBV20,11.81,11.93,11.68,11.76,55821,395538,False
2020-07-13,SBV20,11.71,11.75,11.53,11.58,47419,394871,False
2020-07-14,SBV20,11.49,11.55,11.27,11.32,64725,392771,False
2020-07-15,SBV20,11.38,11.9,11.36,11.82,75226,387896,False
2020-07-16,SBV20,11.89,11.97,11.68,11.79,37059,384064,False
2020-07-17,SBV20,11.77,11.87,11.68,11.73,20939,383540,False
2020-07-20,SBV20,11.69,11.76,11.52,11.72,31208,384665,False
2020-07-21,SBV20,11.77,11.94,11.63,11.67,40999,382865,False
2020-07-22,SBV20,11.7,11.88,11.64,11.86,32078,378650,False
2020-07-23,SBV20,11.89,11.89,11.72,11.77,25862,378989,False
2020-07-24,SBV20,11.67,11.73,11.48,11.49,42171,381217,False
2020-07-27,SBV20,11.51,12.19,11.51,12.12,102600,385337,False
2020-07-28,SBV20,12.2,12.27,11.95,12.01,56710,380481,False
2020-07-29,SBV20,12.05,12.1,11.84,12.01,36285,380175,False
2020-07-30,SBV20,11.9,12.19,11.89,12.11,46003,381909,False
2020-07-31,SBV20,12.12,12.72,12.11,12.64,96843,388719,False
2020-08-03,SBH21,13.15,13.36,12.99,13.29,36359,238328,True
2020-08-04,SBH21,13.25,13.38,13.13,13.35,27583,236888,False
2020-08-05,SBH21,13.38,13.51,13.1,13.15,29912,236062,False
2020-08-06,SBH21,13.21,13.53,13.12,13.5,32798,235981,False
2020-08-07,SBH21,13.5,13.55,13.22,13.25,38005,238918,False
2020-08-10,SBH21,13.18,13.4,13.04,13.16,23333,237565,False
2020-08-11,SBH21,13.11,13.39,13.05,13.32,21207,237188,False
2020-08-12,SBH21,13.3,13.48,13.25,13.4,25419,236729,False
2020-08-13,SBH21,13.4,13.65,13.4,13.61,40690,238923,False
2020-08-14,SBH21,13.6,13.74,13.56,13.6,28031,238779,False
2020-08-17,SBH21,13.6,13.75,13.57,13.62,25478,243740,False
2020-08-18,SBH21,13.62,13.66,13.3,13.44,21118,245144,False
2020-08-19,SBH21,13.44,13.77,13.44,13.76,23839,248608,False
2020-08-20,SBH21,13.75,13.75,13.5,13.55,28985,251178,False
2020-08-21,SBH21,13.59,13.61,13.35,13.39,22913,252371,False
2020-08-24,SBH21,13.4,13.54,13.26,13.33,32694,257631,False
2020-08-25,SBH21,13.32,13.47,13.24,13.38,23283,258698,False
2020-08-26,SBH21,13.38,13.48,13.18,13.21,31859,262236,False
2020-08-27,SBH21,13.22,13.43,13.15,13.39,27023,266219,False
2020-08-28,SBH21,13.4,13.45,13.21,13.22,23723,268754,False
2020-08-31,SBH21,13.27,13.37,13.19,13.28,15717,269984,False
2020-09-01,SBH21,13.28,13.43,13.19,13.24,44992,274264,False
2020-09-02,SBH21,13.22,13.27,13.1,13.12,49598,282917,False
2020-09-03,SBH21,13.11,13.13,12.6,12.74,66369,292874,False
2020-09-04,SBH21,12.75,12.8,12.55,12.61,48446,297406,False
2020-09-08,SBH21,12.7,12.75,12.47,12.68,68191,307427,False
2020-09-09,SBH21,12.75,12.78,12.55,12.67,82864,323370,False
2020-09-10,SBH21,12.65,12.68,12.52,12.58,65419,334346,False
2020-09-11,SBH21,12.61,12.65,12.44,12.6,60908,342683,False
2020-09-14,SBH21,12.6,12.65,12.45,12.5,91776,362287,False
2020-09-15,SBH21,12.5,12.73,12.47,12.71,96206,370603,False
2020-09-16,SBH21,12.75,13.02,12.69,12.92,88755,386216,False
2020-09-17,SBH21,12.85,13.29,12.78,13.23,85180,389728,False
2020-09-18,SBH21,13.3,13.4,13.1,13.38,66695,395066,False
2020-09-21,SBH21,13.42,13.43,13.03,13.13,86558,393710,False
2020-09-22,SBH21,13.13,13.49,13.11,13.41,75743,398933,False
2020-09-23,SBH21,13.36,13.57,13.27,13.33,75730,402843,False
2020-09-24,SBH21,13.3,13.48,13.24,13.37,58945,403844,False
2020-09-25,SBH21,13.38,13.54,13.38,13.51,54067,408603,False
2020-09-28,SBH21,13.55,13.65,13.02,13.05,74850,405119,False
2020-09-29,SBH21,13.06,13.53,12.93,13.42,74093,405660,False
2020-09-30,SBH21,13.42,13.54,13.23,13.51,46571,402757,False
2020-10-01,SBH21,13.51,13.77,13.36,13.58,63588,408706,False
2020-10-02,SBH21,13.52,13.68,13.31,13.55,49777,410353,False
2020-10-05,SBH21,13.55,13.75,13.49,13.61,41567,413084,False
2020-10-06,SBH21,13.61,13.9,13.56,13.88,56877,418795,False
2020-10-07,SBH21,13.83,14.18,13.77,14.14,75667,429485,False
2020-10-08,SBH21,14.09,14.24,14.08,14.17,44949,432995,False
2020-10-09,SBH21,14.15,14.31,14.03,14.23,45524,441085,False
2020-10-12,SBH21,14.28,14.55,13.78,13.84,81220,438230,False
2020-10-13,SBH21,13.86,14.15,13.85,14.01,50102,441398,False
2020-10-14,SBH21,13.96,14.26,13.93,14.2,40088,444289,False
2020-10-15,SBH21,14.22,14.49,14.02,14.18,64609,444397,False
2020-10-16,SBH21,14.21,14.46,14.15,14.43,35371,444967,False
2020-10-19,SBH21,14.47,14.75,14.36,14.72,48759,449961,False
2020-10-20,SBH21,14.7,14.74,14.51,14.54,43812,449874,False
2020-10-21,SBH21,14.53,14.59,14.3,14.5,45120,450446,False
2020-10-22,SBH21,14.5,14.94,14.47,14.78,58019,457033,False
2020-10-23,SBH21,14.78,14.88,14.59,14.72,39798,457957,False
2020-10-26,SBH21,14.66,14.85,14.37,14.77,48030,457458,False
2020-10-27,SBH21,14.83,15.04,14.68,14.83,55067,458943,False
2020-10-28,SBH21,14.71,14.95,14.62,14.89,56936,460254,False
2020-10-29,SBH21,14.81,14.84,14.34,14.4,63512,449252,False
2020-10-30,SBH21,14.36,14.44,13.94,14.36,83239,444423,False
2020-11-02,SBH21,14.24,15.04,14.23,14.97,65224,453417,False
2020-11-03,SBH21,15.0,15.23,14.66,14.72,71764,443582,False
2020-11-04,SBH21,14.65,14.81,14.42,14.65,40379,441515,False
2020-11-05,SBH21,14.7,14.83,14.38,14.48,42195,434601,False
2020-11-06,SBH21,14.38,15.0,14.27,14.91,64861,432560,False
2020-11-09,SBH21,14.97,15.05,14.58,14.88,58556,429554,False
2020-11-10,SBH21,14.88,14.92,14.53,14.68,50302,427862,False
2020-11-11,SBH21,14.66,14.68,14.42,14.49,47175,424889,False
2020-11-12,SBH21,14.51,15.0,14.5,14.92,68150,422299,False
2020-11-13,SBH21,14.86,15.08,14.79,14.96,39595,424473,False
2020-11-16,SBH21,14.96,15.58,14.96,15.47,64744,430630,False
2020-11-17,SBH21,15.46,15.66,15.22,15.31,48208,425481,False
2020-11-18,SBH21,15.32,15.56,15.31,15.45,32857,428959,False
2020-11-19,SBH21,15.45,15.52,15.22,15.28,32738,430796,False
2020-11-20,SBH21,15.31,15.4,14.87,15.21,53154,430028,False
2020-11-23,SBH21,15.3,15.49,15.08,15.15,31163,428364,False
2020-11-24,SBH21,15.08,15.13,14.92,15.04,33930,429541,False
2020-11-25,SBH21,15.06,15.15,14.66,14.77,50162,427461,False
2020-11-27,SBH21,14.88,15.18,14.76,14.82,38000,426604,False
2020-11-30,SBH21,14.82,14.91,14.41,14.51,56056,422186,False
2020-12-01,SBH21,14.55,14.85,14.4,14.51,65514,418166,False
2020-12-02,SBH21,14.63,14.74,14.33,14.6,54769,413003,False
2020-12-03,SBH21,14.62,14.89,14.58,14.71,37185,408173,False
2020-12-04,SBH21,14.75,14.77,14.39,14.44,37281,406913,False
2020-12-07,SBH21,14.4,14.66,14.3,14.45,35682,404994,False
2020-12-08,SBH21,14.46,14.53,14.34,14.39,26516,402809,False
2020-12-09,SBH21,14.45,14.99,14.41,14.97,63150,400792,False
2020-12-10,SBH21,14.92,15.07,14.6,14.66,40630,399018,False
2020-12-11,SBH21,14.66,14.7,14.38,14.43,47666,398006,False
2020-12-14,SBH21,14.43,14.45,14.09,14.12,51744,393297,False
2020-12-15,SBH21,14.15,14.32,14.09,14.21,37497,388466,False
2020-12-16,SBH21,14.28,14.54,14.24,14.49,40351,384900,False
2020-12-17,SBH21,14.49,14.72,14.45,14.68,36633,381289,False
2020-12-18,SBH21,14.68,14.76,14.39,14.44,32680,380012,False
2020-12-21,SBH21,14.36,14.63,14.28,14.53,33771,380820,False
2020-12-22,SBH21,14.55,14.64,14.4,14.54,24319,380557,False
2020-12-23,SBH21,14.59,14.9,14.56,14.83,50732,380475,False
2020-12-24,SBH21,14.89,15.0,14.74,14.9,24391,382297,False
2020-12-28,SBH21,14.93,15.13,14.83,14.98,21611,381548,False
2020-12-29,SBH21,15.03,15.07,14.85,15.04,28854,385996,False
2020-12-30,SBH21,15.07,15.45,14.98,15.28,43017,389104,False
2020-12-31,SBH21,15.28,15.53,15.16,15.49,41485,391368,False
2021-01-04,SBK21,14.78,15.2,14.74,14.95,54659,215269,True
2021-01-05,SBK21,14.87,15.2,14.83,15.15,37794,210093,False
2021-01-06,SBK21,15.13,15.3,15.07,15.23,30857,209182,False
2021-01-07,SBK21,15.3,15.3,14.75,14.78,29781,210114,False
2021-01-08,SBK21,14.88,14.98,14.72,14.77,26441,208389,False
2021-01-11,SBK21,14.72,14.83,14.57,14.77,34587,208345,False
2021-01-12,SBK21,14.79,14.96,14.6,14.61,30689,207998,False
2021-01-13,SBK21,14.7,15.04,14.65,14.95,30840,206953,False
2021-01-14,SBK21,15.05,15.78,15.05,15.72,42105,205960,False
2021-01-15,SBK21,15.68,15.72,15.38,15.58,41196,207987,False
2021-01-19,SBK21,15.64,15.79,15.21,15.25,34178,206686,False
2021-01-20,SBK21,15.24,15.66,15.17,15.41,23250,206413,False
2021-01-21,SBK21,15.46,15.52,15.02,15.29,36132,209849,False
2021-01-22,SBK21,15.26,15.26,14.95,15.08,28781,212079,False
2021-01-25,SBK21,15.13,15.28,15.0,15.02,29762,213701,False
2021-01-26,SBK21,15.02,15.13,14.94,15.04,30964,217251,False
2021-01-27,SBK21,15.14,15.42,14.97,15.11,29176,221669,False
2021-01-28,SBK21,15.09,15.28,14.92,14.94,31817,228204,False
2021-01-29,SBK21,14.92,15.23,14.91,15.08,31921,229890,False
2021-02-01,SBK21,15.22,15.4,15.11,15.3,35855,232131,False
2021-02-02,SBK21,15.34,15.52,15.19,15.35,38501,235692,False
2021-02-03,SBK21,15.36,15.42,15.2,15.21,38339,242394,False
2021-02-04,SBK21,15.25,15.34,15.12,15.32,45804,256994,False
2021-02-05,SBK21,15.38,15.77,15.36,15.7,69386,280059,False
2021-02-08,SBK21,15.72,15.88,15.6,15.61,70355,302084,False
2021-02-09,SBK21,15.64,15.84,15.55,15.76,93176,335870,False
2021-02-10,SBK21,15.83,16.12,15.65,15.84,117290,367476,False
2021-02-11,SBK21,15.87,15.99,15.73,15.79,82418,391137,False
2021-02-12,SBK21,15.75,15.81,15.59,15.64,53437,402611,False
2021-02-16,SBK21,15.76,15.97,15.71,15.92,45663,408526,False
2021-02-17,SBK21,15.99,16.19,15.94,16.11,54485,411278,False
2021-02-18,SBK21,16.15,16.62,16.12,16.59,60311,416177,False
2021-02-19,SBK21,16.66,17.04,16.66,16.89,78610,421477,False
2021-02-22,SBK21,16.91,17.5,16.71,17.44,91305,424324,False
2021-02-23,SBK21,17.41,17.52,16.95,17.01,84534,419200,False
2021-02-24,SBK21,17.0,17.24,16.85,17.17,57596,418345,False
2021-02-25,SBK21,17.21,17.36,16.68,16.84,74362,417694,False
2021-02-26,SBK21,16.82,16.82,16.41,16.45,60938,412027,False
2021-03-01,SBN21,15.9,16.07,15.65,15.71,27874,196893,True
2021-03-02,SBN21,15.7,15.94,15.51,15.84,24846,196859,False
2021-03-03,SBN21,15.89,15.93,15.51,15.62,23132,198999,False
2021-03-04,SBN21,15.61,15.8,15.46,15.7,35316,197816,False
2021-03-05,SBN21,15.71,15.95,15.55,15.84,32941,198219,False
2021-03-08,SBN21,15.95,15.97,15.61,15.71,25000,200741,False
2021-03-09,SBN21,15.62,15.67,15.4,15.44,44273,206453,False
2021-03-10,SBN21,15.48,15.64,15.46,15.53,28485,212294,False
2021-03-11,SBN21,15.63,15.93,15.59,15.89,31198,217691,False
2021-03-12,SBN21,15.84,15.84,15.62,15.72,26375,222680,False
2021-03-15,SBN21,15.78,15.85,15.56,15.73,36087,227400,False
2021-03-16,SBN21,15.82,16.1,15.67,15.88,24044,230349,False
2021-03-17,SBN21,15.86,15.91,15.62,15.66,29382,234034,False
2021-03-18,SBN21,15.76,15.76,15.49,15.56,14964,237029,False
2021-03-19,SBN21,15.51,15.55,15.27,15.45,27912,238218,False
2021-03-22,SBN21,15.47,15.55,15.27,15.29,23627,239925,False
2021-03-23,SBN21,15.29,15.31,14.92,15.18,45344,240802,False
2021-03-24,SBN21,15.12,15.44,15.08,15.4,17871,243073,False
2021-03-25,SBN21,15.33,15.4,14.89,14.95,33835,244738,False
2021-03-26,SBN21,15.0,15.12,14.95,15.02,21609,243719,False
2021-03-29,SBN21,14.98,15.0,14.78,14.83,35260,247267,False
2021-03-30,SBN21,14.88,15.01,14.8,14.85,22156,249391,False
2021-03-31,SBN21,14.88,14.98,14.68,14.77,41812,255784,False
2021-04-01,SBN21,14.71,14.95,14.67,14.72,31861,263657,False
2021-04-05,SBN21,14.76,14.87,14.69,14.74,21783,262889,False
2021-04-06,SBN21,14.75,15.07,14.75,15.03,47338,264711,False
2021-04-07,SBN21,15.05,15.23,14.92,15.05,40176,272501,False
2021-04-08,SBN21,15.06,15.3,15.04,15.18,58921,285864,False
2021-04-09,SBN21,15.26,15.64,15.21,15.41,81114,308354,False
2021-04-12,SBN21,15.42,15.58,15.31,15.36,74969,325268,False
2021-04-13,SBN21,15.36,15.64,15.33,15.5,73905,346224,False
2021-04-14,SBN21,15.58,15.95,15.56,15.88,96046,373089,False
2021-04-15,SBN21,15.94,16.39,15.87,16.31,101092,387617,False
2021-04-16,SBN21,16.29,16.62,16.17,16.57,83888,398814,False
2021-04-19,SBN21,16.52,16.6,16.18,16.21,53855,401432,False
2021-04-20,SBN21,16.25,16.8,16.25,16.72,70077,406501,False
2021-04-21,SBN21,16.66,16.93,16.55,16.89,47596,410852,False
2021-04-22,SBN21,16.83,17.05,16.76,16.88,49821,418125,False
2021-04-23,SBN21,16.9,17.05,16.79,16.88,47371,425833,False
2021-04-26,SBN21,16.88,17.18,16.76,17.09,52641,430064,False
2021-04-27,SBN21,17.11,17.79,17.05,17.75,82587,434967,False
2021-04-28,SBN21,17.59,17.6,17.0,17.14,66524,436357,False
2021-04-29,SBN21,17.21,17.38,16.46,16.93,61625,433573,False
2021-04-30,SBN21,16.91,17.08,16.63,16.98,47760,432593,False
2021-05-03,SBV21,16.9,17.23,16.65,16.68,18666,190456,True
2021-05-04,SBV21,16.72,17.19,16.71,17.07,15951,191968,False
2021-05-05,SBV21,17.2,17.52,17.13,17.48,24215,195870,False
2021-05-06,SBV21,17.48,17.81,17.31,17.58,39004,199378,False
2021-05-07,SBV21,17.61,17.7,17.36,17.56,27992,205514,False
2021-05-10,SBV21,17.48,17.77,17.33,17.55,28478,210248,False
2021-05-11,SBV21,17.52,18.13,17.46,18.09,40028,215899,False
2021-05-12,SBV21,18.15,18.23,17.82,17.9,31517,221979,False
2021-05-13,SBV21,17.85,17.86,17.12,17.23,41443,227204,False
2021-05-14,SBV21,17.29,17.54,17.03,17.06,28651,232686,False
2021-05-17,SBV21,17.1,17.23,16.91,17.12,20629,236786,False
2021-05-18,SBV21,17.19,17.49,17.1,17.36,31022,242347,False
2021-05-19,SBV21,17.23,17.25,17.02,17.1,25419,246699,False
2021-05-20,SBV21,17.17,17.26,17.03,17.17,16211,245968,False
2021-05-21,SBV21,17.12,17.14,16.76,16.84,27843,249198,False
2021-05-24,SBV21,16.8,17.07,16.72,16.98,21661,249752,False
2021-05-25,SBV21,17.03,17.41,17.01,17.18,21902,249951,False
2021-05-26,SBV21,17.2,17.26,16.78,16.93,35575,251453,False
2021-05-27,SBV21,16.95,17.29,16.94,17.22,32680,247426,False
2021-05-28,SBV21,17.15,17.72,17.15,17.39,39054,250249,False
2021-06-01,SBV21,17.5,17.87,17.5,17.71,41000,257294,False
2021-06-02,SBV21,17.73,17.94,17.55,17.73,34896,265209,False
2021-06-03,SBV21,17.79,17.79,17.36,17.48,29554,266552,False
2021-06-04,SBV21,17.48,17.86,17.48,17.77,35038,275574,False
2021-06-07,SBV21,17.8,17.88,17.41,17.47,45683,289082,False
2021-06-08,SBV21,17.4,17.82,17.4,17.75,64942,307848,False
2021-06-09,SBV21,17.77,17.91,17.59,17.75,96593,338956,False
2021-06-10,SBV21,17.74,17.87,17.63,17.73,82630,365712,False
2021-06-11,SBV21,17.72,17.76,17.47,17.67,83779,398349,False
2021-06-14,SBV21,17.63,17.63,17.08,17.39,85182,407236,False
2021-06-15,SBV21,17.43,17.58,17.08,17.2,65279,410795,False
2021-06-16,SBV21,17.1,17.45,17.1,17.2,48739,415066,False
2021-06-17,SBV21,17.1,17.1,16.69,16.71,87497,411689,False
2021-06-18,SBV21,16.78,16.94,16.56,16.66,69093,411950,False
2021-06-21,SBV21,16.64,17.2,16.44,17.07,68424,417327,False
2021-06-22,SBV21,17.05,17.05,16.61,16.74,54084,414399,False
2021-06-23,SBV21,16.85,17.14,16.81,17.01,44431,417709,False
2021-06-24,SBV21,16.95,17.29,16.79,17.24,45702,420641,False
2021-06-25,SBV21,17.3,17.38,17.08,17.31,56483,429720,False
2021-06-28,SBV21,17.4,17.64,17.16,17.61,53305,435687,False
2021-06-29,SBV21,17.66,17.66,17.35,17.54,44387,436418,False
2021-06-30,SBV21,17.55,17.93,17.46,17.89,61870,437884,False
2021-07-01,SBV21,17.92,18.49,17.73,17.94,90263,444758,False
2021-07-02,SBV21,18.0,18.34,17.89,18.15,49059,448751,False
2021-07-06,SBV21,18.35,18.43,17.82,17.87,68543,451910,False
2021-07-07,SBV21,17.89,18.11,17.45,17.75,64646,450678,False
2021-07-08,SBV21,17.78,17.81,17.32,17.45,44061,446097,False
2021-07-09,SBV21,17.33,17.46,17.17,17.28,49666,443093,False
2021-07-12,SBV21,17.24,17.25,16.93,16.99,54273,435284,False
2021-07-13,SBV21,17.1,17.22,16.73,17.08,64237,430116,False
2021-07-14,SBV21,17.24,17.25,16.84,16.93,44426,431025,False
2021-07-15,SBV21,16.86,17.37,16.83,17.33,44815,423578,False
2021-07-16,SBV21,17.33,17.78,17.24,17.71,45802,419754,False
2021-07-19,SBV21,17.7,17.79,17.05,17.07,48089,415346,False
2021-07-20,SBV21,17.2,17.53,17.2,17.41,40680,416286,False
2021-07-21,SBV21,17.55,17.69,17.27,17.67,32967,415664,False
2021-07-22,SBV21,17.7,17.74,17.47,17.62,37980,421069,False
2021-07-23,SBV21,17.65,18.28,17.65,18.17,60326,423590,False
2021-07-26,SBV21,18.22,18.64,17.77,18.42,60241,427966,False
2021-07-27,SBV21,18.65,18.73,18.26,18.35,59754,431513,False
2021-07-28,SBV21,18.4,18.69,18.1,18.61,48428,435170,False
2021-07-29,SBV21,18.7,18.81,18.23,18.3,55830,441376,False
2021-07-30,SBV21,18.3,18.45,17.8,17.91,58615,436221,False
2021-08-02,SBH22,18.43,18.67,18.43,18.5,25132,231145,True
2021-08-03,SBH22,18.48,18.75,18.31,18.55,26379,230870,False
2021-08-04,SBH22,18.62,18.76,18.5,18.53,33575,235399,False
2021-08-05,SBH22,18.61,19.21,18.42,19.18,28548,237063,False
2021-08-06,SBH22,19.15,19.44,19.08,19.23,24881,237426,False
2021-08-09,SBH22,19.17,19.22,18.93,19.01,24294,239710,False
2021-08-10,SBH22,19.12,20.21,19.08,19.94,58467,236785,False
2021-08-11,SBH22,19.94,20.03,19.77,19.96,32843,237074,False
2021-08-12,SBH22,19.96,20.17,19.9,20.11,33651,242476,False
2021-08-13,SBH22,20.13,20.64,20.09,20.52,35852,251194,False
2021-08-16,SBH22,20.54,20.73,20.48,20.63,28410,255336,False
2021-08-17,SBH22,20.62,20.94,20.53,20.63,27526,257326,False
2021-08-18,SBH22,20.63,20.88,20.57,20.78,21282,261056,False
2021-08-19,SBH22,20.7,20.7,20.31,20.41,34038,260543,False
2021-08-20,SBH22,20.41,20.59,20.14,20.25,27950,263209,False
2021-08-23,SBH22,20.26,20.44,20.17,20.29,23504,265810,False
2021-08-24,SBH22,20.3,20.54,20.23,20.31,32057,270508,False
2021-08-25,SBH22,20.29,20.54,20.16,20.46,19631,270506,False
2021-08-26,SBH22,20.48,20.56,20.22,20.34,19568,270159,False
2021-08-27,SBH22,20.37,20.73,20.31,20.68,22485,270493,False
2021-08-30,SBH22,20.69,20.9,20.65,20.85,23768,268474,False
2021-08-31,SBH22,20.9,20.9,20.44,20.55,40211,272815,False
2021-09-01,SBH22,20.61,20.74,20.39,20.44,43943,284713,False
2021-09-02,SBH22,20.45,20.64,20.37,20.62,43451,288893,False
2021-09-03,SBH22,20.6,20.6,20.24,20.32,36946,286691,False
2021-09-07,SBH22,20.37,20.41,20.12,20.15,55092,293417,False
2021-09-08,SBH22,20.18,20.37,20.06,20.08,88816,316675,False
2021-09-09,SBH22,20.13,20.14,19.72,19.92,91411,335365,False
2021-09-10,SBH22,19.92,19.92,19.46,19.51,93469,354249,False
2021-09-13,SBH22,19.54,19.75,19.31,19.69,83812,373649,False
2021-09-14,SBH22,19.75,19.9,19.51,19.66,83951,387686,False
2021-09-15,SBH22,19.69,20.37,19.68,20.26,83062,394728,False
2021-09-16,SBH22,20.29,20.35,19.96,20.13,65402,389958,False
2021-09-17,SBH22,20.16,20.22,19.69,19.86,51327,393926,False
2021-09-20,SBH22,19.68,19.81,19.49,19.59,50326,394655,False
2021-09-21,SBH22,19.66,19.97,19.56,19.75,43166,399936,False
2021-09-22,SBH22,19.82,20.15,19.8,20.07,44557,408425,False
2021-09-23,SBH22,20.15,20.34,20.04,20.29,37040,410869,False
2021-09-24,SBH22,20.3,20.32,19.84,19.93,39826,414877,False
2021-09-27,SBH22,20.1,20.12,19.66,19.68,54259,419023,False
2021-09-28,SBH22,19.66,19.91,19.45,19.84,53994,416568,False
2021-09-29,SBH22,19.85,19.94,19.61,19.72,38579,417210,False
2021-09-30,SBH22,19.74,20.38,19.56,20.34,56454,420744,False
2021-10-01,SBH22,20.31,20.35,20.02,20.06,39699,420907,False
2021-10-04,SBH22,20.03,20.1,19.63,19.69,47481,421979,False
2021-10-05,SBH22,19.74,20.04,19.62,19.85,36898,419611,False
2021-10-06,SBH22,19.8,19.87,19.65,19.77,29675,416529,False
2021-10-07,SBH22,19.77,20.02,19.76,19.84,32009,413719,False
2021-10-08,SBH22,19.89,20.34,19.84,20.29,45555,414775,False
2021-10-11,SBH22,20.34,20.61,20.22,20.33,44428,418020,False
2021-10-12,SBH22,20.32,20.38,20.03,20.07,38159,417831,False
2021-10-13,SBH22,20.11,20.15,19.83,19.86,44155,415463,False
2021-10-14,SBH22,19.88,20.01,19.48,19.59,74891,411456,False
2021-10-15,SBH22,19.6,19.97,19.59,19.8,48617,409386,False
2021-10-18,SBH22,19.77,19.8,19.14,19.35,68103,406415,False
2021-10-19,SBH22,19.35,19.44,18.82,18.87,78462,399265,False
2021-10-20,SBH22,19.01,19.11,18.84,18.97,48794,393168,False
2021-10-21,SBH22,19.0,19.19,18.87,18.94,41910,390827,False
2021-10-22,SBH22,19.03,19.15,18.92,19.08,33440,389332,False
2021-10-25,SBH22,19.15,19.44,18.98,19.39,46854,381131,False
2021-10-26,SBH22,19.37,19.69,19.32,19.66,41996,391918,False
2021-10-27,SBH22,19.6,19.86,19.53,19.7,42565,393015,False
2021-10-28,SBH22,19.7,19.83,19.5,19.62,41433,394567,False
2021-10-29,SBH22,19.62,19.7,19.21,19.27,41160,393276,False
2021-11-01,SBH22,19.28,19.54,19.19,19.37,29774,394166,False
2021-11-02,SBH22,19.37,19.65,19.29,19.54,38147,393927,False
2021-11-03,SBH22,19.53,19.53,19.33,19.38,31455,389621,False
2021-11-04,SBH22,19.42,19.83,19.38,19.63,55253,389721,False
2021-11-05,SBH22,19.66,19.99,19.56,19.94,48965,391172,False
2021-11-08,SBH22,19.99,20.1,19.88,19.92,40920,389485,False
2021-11-09,SBH22,19.94,20.1,19.8,19.9,38927,390848,False
2021-11-10,SBH22,19.9,19.98,19.52,19.6,56007,387178,False
2021-11-11,SBH22,19.62,20.15,19.62,20.12,52172,387202,False
2021-11-12,SBH22,20.11,20.17,19.92,20.01,40905,388318,False
2021-11-15,SBH22,20.01,20.12,19.64,19.74,38841,385463,False
2021-11-16,SBH22,19.7,20.01,19.67,19.99,35087,384572,False
2021-11-17,SBH22,19.99,20.51,19.96,20.42,67013,389712,False
2021-11-18,SBH22,20.46,20.69,20.1,20.18,58679,396185,False
2021-11-19,SBH22,20.18,20.29,19.89,19.99,43167,394426,False
2021-11-22,SBH22,19.99,20.1,19.68,19.76,46856,390107,False
2021-11-23,SBH22,19.7,20.15,19.6,20.11,50674,388691,False
2021-11-24,SBH22,20.01,20.19,19.8,19.93,40232,385001,False
2021-11-26,SBH22,19.7,19.73,19.15,19.35,83607,376760,False
2021-11-29,SBH22,19.56,19.66,19.15,19.19,45661,369879,False
2021-11-30,SBH22,19.12,19.19,18.55,18.6,97896,359400,False
2021-12-01,SBH22,18.86,18.88,18.56,18.6,65162,355188,False
2021-12-02,SBH22,18.69,18.78,18.46,18.62,63603,349343,False
2021-12-03,SBH22,18.68,18.96,18.67,18.75,47456,346912,False
2021-12-06,SBH22,18.84,19.25,18.76,19.16,41358,346945,False
2021-12-07,SBH22,19.22,19.51,19.2,19.48,50073,344301,False
2021-12-08,SBH22,19.4,19.9,19.36,19.82,55820,348926,False
2021-12-09,SBH22,19.82,19.87,19.53,19.69,35036,349500,False
2021-12-10,SBH22,19.66,19.84,19.52,19.71,28238,350901,False
2021-12-13,SBH22,19.76,19.85,19.58,19.64,26777,348885,False
2021-12-14,SBH22,19.72,19.79,19.61,19.65,31851,348288,False
2021-12-15,SBH22,19.58,19.59,19.18,19.29,47159,346465,False
2021-12-16,SBH22,19.4,19.53,19.19,19.4,32520,345330,False
2021-12-17,SBH22,19.34,19.39,19.01,19.11,30045,343144,False
2021-12-20,SBH22,18.95,18.95,18.52,18.59,59193,343663,False
2021-12-21,SBH22,18.68,18.78,18.57,18.74,40477,339411,False
2021-12-22,SBH22,18.8,19.38,18.74,19.26,47809,340042,False
2021-12-23,SBH22,19.23,19.38,19.12,19.24,32233,336484,False
2021-12-27,SBH22,19.15,19.29,19.05,19.21,17256,336514,False
2021-12-28,SBH22,19.22,19.36,18.91,18.96,27692,334132,False
2021-12-29,SBH22,18.97,19.17,18.83,19.1,28388,335076,False
2021-12-30,SBH22,19.1,19.1,18.62,18.78,36449,332371,False
2021-12-31,SBH22,18.78,18.98,18.75,18.88,22011,332499,False
2022-01-03,SBK22,18.73,18.73,18.42,18.5,7901,152836,True
2022-01-04,SBK22,18.56,18.59,18.35,18.47,16938,154713,False
2022-01-05,SBK22,18.58,18.58,18.07,18.1,24889,154012,False
2022-01-06,SBK22,18.07,18.14,17.9,17.92,18611,152763,False
2022-01-07,SBK22,18.0,18.15,17.78,17.8,22617,152774,False
2022-01-10,SBK22,17.85,17.93,17.39,17.59,39887,153644,False
2022-01-11,SBK22,17.71,17.91,17.63,17.83,30084,157110,False
2022-01-12,SBK22,17.93,18.17,17.86,18.08,28941,158794,False
2022-01-13,SBK22,18.1,18.17,17.74,17.87,26916,159346,False
2022-01-14,SBK22,17.92,18.14,17.82,18.08,20147,160787,False
2022-01-18,SBK22,18.21,18.52,18.2,18.42,31974,163685,False
2022-01-19,SBK22,18.5,18.83,18.45,18.78,29552,163479,False
2022-01-20,SBK22,18.71,18.98,18.63,18.67,32162,168142,False
2022-01-21,SBK22,18.56,18.78,18.43,18.6,23963,170386,False
2022-01-24,SBK22,18.52,18.66,18.25,18.49,26705,172057,False
2022-01-25,SBK22,18.5,18.56,18.29,18.41,36020,174841,False
2022-01-26,SBK22,18.38,18.43,18.07,18.19,35759,174490,False
2022-01-27,SBK22,18.13,18.19,18.01,18.08,24645,175315,False
2022-01-28,SBK22,18.15,18.15,17.79,17.86,26846,178485,False
2022-01-31,SBK22,17.99,18.03,17.58,17.8,40032,179378,False
2022-02-01,SBK22,17.84,18.13,17.8,18.03,38830,185184,False
2022-02-02,SBK22,18.03,18.1,17.54,17.61,50248,193995,False
2022-02-03,SBK22,17.61,17.82,17.48,17.7,43313,199549,False
2022-02-04,SBK22,17.76,17.97,17.67,17.79,55379,214211,False
2022-02-07,SBK22,17.75,17.89,17.65,17.7,51799,231923,False
2022-02-08,SBK22,17.7,17.75,17.51,17.72,49824,246678,False
2022-02-09,SBK22,17.75,18.07,17.68,17.98,143824,275132,False
2022-02-10,SBK22,18.0,18.08,17.8,17.89,73160,288398,False
2022-02-11,SBK22,17.9,17.94,17.64,17.81,80107,311721,False
2022-02-14,SBK22,17.82,17.9,17.55,17.66,53436,315817,False
2022-02-15,SBK22,17.74,17.8,17.49,17.57,47121,316528,False
2022-02-16,SBK22,17.64,17.72,17.52,17.56,39809,317338,False
2022-02-17,SBK22,17.54,17.83,17.5,17.74,41647,322309,False
2022-02-18,SBK22,17.74,17.91,17.54,17.62,45327,324182,False
2022-02-22,SBK22,17.79,17.93,17.7,17.89,62399,331233,False
2022-02-23,SBK22,17.9,17.97,17.82,17.88,56196,335913,False
2022-02-24,SBK22,18.04,18.33,17.84,17.91,90650,339390,False
2022-02-25,SBK22,17.96,17.97,17.56,17.6,62836,336236,False
2022-02-28,SBK22,17.77,17.78,17.58,17.7,43427,338725,False
2022-03-01,SBN22,17.55,18.19,17.52,18.12,35988,163589,True
2022-03-02,SBN22,18.24,18.49,18.09,18.48,34657,164980,False
2022-03-03,SBN22,18.48,18.75,18.32,18.72,28644,163530,False
2022-03-04,SBN22,18.67,19.17,18.6,19.09,66107,163848,False
2022-03-07,SBN22,19.2,19.55,19.05,19.14,60937,167742,False
2022-03-08,SBN22,19.1,19.56,18.87,19.31,45664,170460,False
2022-03-09,SBN22,19.31,19.46,18.86,18.92,46200,172910,False
2022-03-10,SBN22,19.01,19.47,18.9,19.06,49765,175852,False
2022-03-11,SBN22,19.06,19.22,18.84,19.19,28644,179603,False
2022-03-14,SBN22,19.12,19.13,18.96,19.1,17910,179739,False
2022-03-15,SBN22,18.86,18.86,18.55,18.68,25981,175543,False
2022-03-16,SBN22,18.72,18.78,18.44,18.47,15663,174208,False
2022-03-17,SBN22,18.51,18.86,18.49,18.61,15238,173309,False
2022-03-18,SBN22,18.66,18.88,18.5,18.81,13608,174142,False
2022-03-21,SBN22,18.92,19.19,18.86,19.16,18445,175742,False
2022-03-22,SBN22,19.18,19.2,19.03,19.1,17551,177201,False
2022-03-23,SBN22,19.12,19.27,18.97,19.18,15609,179765,False
2022-03-24,SBN22,19.17,19.37,19.15,19.19,18056,180119,False
2022-03-25,SBN22,19.25,19.49,19.15,19.46,25753,179079,False
2022-03-28,SBN22,19.42,19.5,19.25,19.48,24482,182656,False
2022-03-29,SBN22,19.48,19.48,18.77,19.01,40682,183255,False
2022-03-30,SBN22,19.15,19.45,19.11,19.36,32512,189435,False
2022-03-31,SBN22,19.27,19.4,19.13,19.32,24397,188161,False
2022-04-01,SBN22,19.21,19.36,19.11,19.19,34614,196841,False
2022-04-04,SBN22,19.19,19.55,19.19,19.42,44412,206605,False
2022-04-05,SBN22,19.42,19.59,19.4,19.5,43198,216874,False
2022-04-06,SBN22,19.54,19.59,19.3,19.44,55978,231287,False
2022-04-07,SBN22,19.48,19.84,19.43,19.7,96853,262096,False
2022-04-08,SBN22,19.75,20.31,19.7,20.27,114097,296756,False
2022-04-11,SBN22,20.15,20.23,19.94,20.2,95022,318225,False
2022-04-12,SBN22,20.26,20.37,20.07,20.18,120810,349395,False
2022-04-13,SBN22,20.15,20.46,20.0,20.1,92201,380068,False
2022-04-14,SBN22,20.11,20.3,19.87,20.03,63130,386832,False
2022-04-18,SBN22,20.08,20.25,19.93,20.2,32405,387154,False
2022-04-19,SBN22,20.14,20.15,19.64,19.67,71508,387300,False
2022-04-20,SBN22,19.7,19.77,19.54,19.55,50551,390187,False
2022-04-21,SBN22,19.59,19.86,19.49,19.81,58426,395312,False
2022-04-22,SBN22,19.73,19.78,19.17,19.21,78317,386469,False
2022-04-25,SBN22,19.12,19.12,18.81,18.88,65058,371635,False
2022-04-26,SBN22,18.93,19.14,18.83,18.93,48974,370846,False
2022-04-27,SBN22,18.91,19.26,18.73,18.9,60530,374549,False
2022-04-28,SBN22,18.9,19.29,18.75,19.23,64223,374219,False
2022-04-29,SBN22,19.25,19.4,19.12,19.15,64223,371417,False
2022-05-02,SBV22,19.23,19.23,18.83,18.99,19605,180747,True
2022-05-03,SBV22,18.98,19.03,18.74,18.78,20472,180143,False
2022-05-04,SBV22,18.82,19.03,18.68,18.78,22500,181627,False
2022-05-05,SBV22,18.85,18.97,18.74,18.91,22638,181627,False
2022-05-06,SBV22,18.99,19.29,18.71,19.26,23938,183345,False
2022-05-09,SBV22,19.07,19.12,18.68,18.8,21014,182784,False
2022-05-10,SBV22,18.76,18.88,18.64,18.66,21079,181981,False
2022-05-11,SBV22,18.74,18.82,18.58,18.69,17318,181395,False
2022-05-12,SBV22,18.63,18.8,18.45,18.76,22926,183819,False
2022-05-13,SBV22,18.81,19.28,18.79,19.26,27076,185758,False
2022-05-16,SBV22,19.4,19.8,19.37,19.79,38748,189548,False
2022-05-17,SBV22,19.76,20.29,19.68,20.08,45271,192364,False
2022-05-18,SBV22,19.98,20.19,19.86,19.95,24990,196755,False
2022-05-19,SBV22,19.9,19.98,19.65,19.9,21185,198983,False
2022-05-20,SBV22,19.92,20.18,19.86,20.07,17781,200105,False
2022-05-23,SBV22,20.13,20.2,19.88,19.93,34774,203753,False
2022-05-24,SBV22,19.92,20.13,19.63,19.91,37220,211224,False
2022-05-25,SBV22,19.98,20.08,19.7,19.84,24665,212724,False
2022-05-26,SBV22,19.68,19.78,19.45,19.7,24560,216356,False
2022-05-27,SBV22,19.7,19.86,19.54,19.75,19346,216497,False
2022-05-31,SBV22,19.9,20.05,19.51,19.57,30948,222077,False
2022-06-01,SBV22,19.57,19.82,19.46,19.61,34899,223244,False
2022-06-02,SBV22,19.57,19.74,19.41,19.53,32282,232430,False
2022-06-03,SBV22,19.61,19.61,19.43,19.47,21518,236169,False
2022-06-06,SBV22,19.65,19.89,19.63,19.74,59243,248441,False
2022-06-07,SBV22,19.6,19.6,19.18,19.21,98646,268985,False
2022-06-08,SBV22,19.22,19.41,19.09,19.23,90326,295198,False
2022-06-09,SBV22,19.27,19.62,19.06,19.51,97235,311339,False
2022-06-10,SBV22,19.53,19.56,19.03,19.07,66334,328226,False
2022-06-13,SBV22,19.0,19.0,18.76,18.86,93970,341051,False
2022-06-14,SBV22,18.83,18.99,18.68,18.8,63106,338622,False
2022-06-15,SBV22,18.8,18.85,18.47,18.57,68133,341400,False
2022-06-16,SBV22,18.67,18.72,18.45,18.67,59739,352477,False
2022-06-17,SBV22,18.81,19.06,18.7,18.73,59281,351458,False
2022-06-21,SBV22,18.79,19.11,18.7,18.78,61159,352091,False
2022-06-22,SBV22,18.7,18.7,18.46,18.49,72944,353941,False
2022-06-23,SBV22,18.45,18.5,18.27,18.36,77148,355501,False
2022-06-24,SBV22,18.33,18.37,18.15,18.31,55486,355603,False
2022-06-27,SBV22,18.35,18.46,18.13,18.26,58189,356564,False
2022-06-28,SBV22,18.36,18.59,18.33,18.5,55625,356848,False
2022-06-29,SBV22,18.5,18.55,18.37,18.51,37707,354049,False
2022-06-30,SBV22,18.49,18.76,18.41,18.5,57759,350766,False
2022-07-01,SBV22,18.45,18.54,18.06,18.07,61105,351441,False
2022-07-05,SBV22,18.2,18.29,17.71,17.8,75996,348214,False
2022-07-06,SBV22,17.9,18.03,17.75,17.99,62113,347811,False
2022-07-07,SBV22,18.04,18.59,17.98,18.52,76790,341037,False
2022-07-08,SBV22,18.49,19.15,18.45,19.02,95065,335412,False
2022-07-11,SBV22,19.05,19.12,18.84,18.86,51306,327700,False
2022-07-12,SBV22,18.8,18.9,18.6,18.69,46998,322395,False
2022-07-13,SBV22,18.69,19.2,18.69,19.14,60649,320300,False
2022-07-14,SBV22,19.14,19.19,18.82,18.97,46379,316241,False
2022-07-15,SBV22,18.97,19.38,18.93,19.25,52296,315990,False
2022-07-18,SBV22,19.27,19.59,19.24,19.41,50322,312293,False
2022-07-19,SBV22,19.31,19.39,18.8,18.84,61384,312047,False
2022-07-20,SBV22,18.87,18.94,18.63,18.67,40663,307651,False
2022-07-21,SBV22,18.7,18.74,18.26,18.35,60912,304001,False
2022-07-22,SBV22,18.42,18.43,17.87,17.89,79859,307774,False
2022-07-25,SBV22,17.86,17.89,17.44,17.47,95107,319076,False
2022-07-26,SBV22,17.58,17.82,17.35,17.47,75962,320773,False
2022-07-27,SBV22,17.51,17.62,17.32,17.4,59849,326088,False
2022-07-28,SBV22,17.55,17.97,17.49,17.72,78995,326065,False
2022-07-29,SBV22,17.81,17.89,17.52,17.54,47423,329125,False
2022-08-01,SBH23,17.74,17.76,17.34,17.72,22860,193938,True
2022-08-02,SBH23,17.77,17.87,17.48,17.8,23431,196300,False
2022-08-03,SBH23,17.78,18.1,17.63,17.89,25295,197431,False
2022-08-04,SBH23,17.74,17.95,17.66,17.68,22311,198179,False
2022-08-05,SBH23,17.78,18.05,17.71,18.02,23889,200005,False
2022-08-08,SBH23,18.05,18.18,17.86,18.05,22483,200089,False
2022-08-09,SBH23,18.0,18.14,17.83,18.02,24234,201203,False
2022-08-10,SBH23,18.04,18.37,17.99,18.3,28296,199525,False
2022-08-11,SBH23,18.3,18.52,18.2,18.51,23291,197706,False
2022-08-12,SBH23,18.5,18.63,18.41,18.59,16567,197512,False
2022-08-15,SBH23,18.55,18.65,18.4,18.51,20754,197084,False
2022-08-16,SBH23,18.48,18.51,18.2,18.25,20344,198723,False
2022-08-17,SBH23,18.25,18.37,18.11,18.21,16620,199204,False
2022-08-18,SBH23,18.28,18.28,17.75,17.77,27317,203484,False
2022-08-19,SBH23,17.81,18.11,17.62,18.04,29876,205384,False
2022-08-22,SBH23,17.9,18.01,17.71,17.92,19497,205680,False
2022-08-23,SBH23,18.0,18.0,17.78,17.84,21185,204118,False
2022-08-24,SBH23,17.9,18.16,17.86,17.96,26539,202825,False
2022-08-25,SBH23,17.98,18.09,17.64,17.78,37997,206891,False
2022-08-26,SBH23,17.8,18.28,17.73,18.27,41740,213235,False
2022-08-29,SBH23,18.26,18.34,18.05,18.28,26587,212921,False
2022-08-30,SBH23,18.28,18.34,17.91,17.96,24545,214591,False
2022-08-31,SBH23,18.05,18.11,17.75,17.77,30117,220174,False
2022-09-01,SBH23,17.77,17.95,17.67,17.82,43446,225043,False
2022-09-02,SBH23,17.9,18.12,17.85,18.01,41383,228958,False
2022-09-06,SBH23,18.1,18.1,17.74,17.8,61132,232655,False
2022-09-07,SBH23,17.78,18.05,17.74,17.82,78743,239869,False
2022-09-08,SBH23,17.83,17.94,17.64,17.72,96680,253364,False
2022-09-09,SBH23,17.81,17.9,17.71,17.83,142649,269417,False
2022-09-12,SBH23,17.86,18.01,17.74,17.95,109619,282634,False
2022-09-13,SBH23,18.0,18.18,17.85,17.98,96818,299587,False
2022-09-14,SBH23,18.05,18.15,17.93,17.97,77192,315244,False
2022-09-15,SBH23,18.0,18.05,17.83,17.88,51649,323657,False
2022-09-16,SBH23,17.91,17.91,17.53,17.56,76702,337572,False
2022-09-19,SBH23,17.56,17.56,17.19,17.37,64517,346845,False
2022-09-20,SBH23,17.48,17.87,17.33,17.8,73043,345653,False
2022-09-21,SBH23,17.9,17.96,17.67,17.81,49992,348492,False
2022-09-22,SBH23,17.81,18.03,17.78,18.0,43350,350230,False
2022-09-23,SBH23,17.97,17.98,17.45,17.64,73271,351662,False
2022-09-26,SBH23,17.64,17.93,17.53,17.62,66069,348606,False
2022-09-27,SBH23,17.7,17.91,17.55,17.59,60525,349085,False
2022-09-28,SBH23,17.6,17.82,17.43,17.71,56642,346007,False
2022-09-29,SBH23,17.69,17.8,17.63,17.77,40944,345026,False
2022-09-30,SBH23,17.83,17.9,17.6,17.68,45523,342268,False
2022-10-03,SBH23,17.79,17.83,17.36,17.42,59806,344939,False
2022-10-04,SBH23,17.52,17.99,17.41,17.91,66966,340600,False
2022-10-05,SBH23,17.95,18.1,17.89,17.95,57436,336217,False
2022-10-06,SBH23,17.97,18.5,17.95,18.46,74688,333460,False
2022-10-07,SBH23,18.31,18.73,18.31,18.68,73039,327195,False
2022-10-10,SBH23,18.68,18.78,18.53,18.61,58994,323938,False
2022-10-11,SBH23,18.59,18.75,18.35,18.74,72474,325219,False
2022-10-12,SBH23,18.74,18.94,18.57,18.68,64102,328335,False
2022-10-13,SBH23,18.69,18.83,18.41,18.81,54392,328479,False
2022-10-14,SBH23,18.83,18.9,18.75,18.84,45903,330399,False
2022-10-17,SBH23,18.81,18.92,18.67,18.77,56476,332654,False
2022-10-18,SBH23,18.77,18.77,18.53,18.67,51328,331010,False
2022-10-19,SBH23,18.73,18.73,18.45,18.65,55745,334325,False
2022-10-20,SBH23,18.64,18.66,18.36,18.39,47507,334567,False
2022-10-21,SBH23,18.38,18.57,18.26,18.38,37040,333687,False
2022-10-24,SBH23,18.32,18.37,18.1,18.13,56767,331821,False
2022-10-25,SBH23,18.16,18.2,18.06,18.11,45213,331388,False
2022-10-26,SBH23,18.1,18.11,17.85,17.86,60603,330138,False
2022-10-27,SBH23,17.88,17.93,17.69,17.71,65947,325857,False
2022-10-28,SBH23,17.72,17.73,17.55,17.58,65479,323365,False
2022-10-31,SBH23,17.7,18.0,17.67,17.97,89052,333533,False
2022-11-01,SBH23,18.05,18.5,18.05,18.43,86432,331205,False
2022-11-02,SBH23,18.45,18.49,18.15,18.47,71007,328280,False
2022-11-03,SBH23,18.35,18.49,18.2,18.47,49594,328060,False
2022-11-04,SBH23,18.5,18.82,18.48,18.71,76555,334999,False
2022-11-07,SBH23,18.5,18.8,18.41,18.68,68944,337757,False
2022-11-08,SBH23,18.7,19.03,18.59,19.0,68459,342115,False
2022-11-09,SBH23,18.95,19.43,18.85,19.38,100832,345311,False
2022-11-10,SBH23,19.26,19.43,19.08,19.41,91384,352335,False
2022-11-11,SBH23,19.45,19.85,19.44,19.64,86891,362392,False
2022-11-14,SBH23,19.59,19.98,19.5,19.83,73719,373490,False
2022-11-15,SBH23,19.86,20.33,19.74,20.29,90633,374082,False
2022-11-16,SBH23,20.3,20.48,20.22,20.27,81095,380452,False
2022-11-17,SBH23,20.11,20.2,19.68,19.73,82262,384334,False
2022-11-18,SBH23,19.6,20.34,19.59,20.05,80996,391133,False
2022-11-21,SBH23,19.98,20.0,19.73,19.86,55904,393145,False
2022-11-22,SBH23,19.94,20.07,19.68,19.74,51891,394696,False
2022-11-23,SBH23,19.74,19.78,19.45,19.55,44732,394193,False
2022-11-25,SBH23,19.78,19.83,19.28,19.33,57871,391231,False
2022-11-28,SBH23,19.25,19.45,19.05,19.38,65318,388883,False
2022-11-29,SBH23,19.52,19.78,19.06,19.53,72593,386168,False
2022-11-30,SBH23,19.52,19.94,19.49,19.63,55091,387188,False
2022-12-01,SBH23,19.7,19.73,19.41,19.62,49725,386153,False
2022-12-02,SBH23,19.66,19.68,19.35,19.48,44754,386773,False
2022-12-05,SBH23,19.55,19.94,19.52,19.55,62676,386473,False
2022-12-06,SBH23,19.54,19.68,19.36,19.39,42219,384413,False
2022-12-07,SBH23,19.45,19.54,19.27,19.48,45279,383461,False
2022-12-08,SBH23,19.57,19.85,19.52,19.68,51400,391854,False
2022-12-09,SBH23,19.73,19.87,19.56,19.6,42688,394056,False
2022-12-12,SBH23,19.68,19.71,19.31,19.38,53286,389167,False
2022-12-13,SBH23,19.47,19.83,19.31,19.76,63324,391652,False
2022-12-14,SBH23,19.66,20.41,19.59,20.29,98681,395533,False
2022-12-15,SBH23,20.28,20.73,19.86,19.98,105852,394338,False
2022-12-16,SBH23,19.88,20.29,19.8,20.09,53257,394065,False
2022-12-19,SBH23,20.1,20.43,20.03,20.14,52544,392454,False
2022-12-20,SBH23,20.15,20.7,20.14,20.58,74725,395940,False
2022-12-21,SBH23,20.65,20.99,20.6,20.75,47679,398049,False
2022-12-22,SBH23,20.75,21.03,20.6,20.89,52229,400618,False
2022-12-23,SBH23,20.95,21.18,20.81,20.98,33246,405313,False
2022-12-27,SBH23,20.98,20.99,20.23,20.32,44670,400710,False
2022-12-28,SBH23,20.27,20.49,20.1,20.16,49490,395126,False
2022-12-29,SBH23,20.23,20.44,20.13,20.29,26928,395136,False
2022-12-30,SBH23,20.4,20.43,20.01,20.04,27361,394732,False
2023-01-03,SBK23,18.69,18.69,18.39,18.44,26814,216108,True
2023-01-04,SBK23,18.43,18.45,18.3,18.35,22687,214348,False
2023-01-05,SBK23,18.44,18.44,18.19,18.21,30788,215026,False
2023-01-06,SBK23,18.23,18.25,17.9,17.91,38009,216424,False
2023-01-09,SBK23,18.0,18.16,17.89,18.06,29843,214075,False
2023-01-10,SBK23,18.06,18.46,18.0,18.33,38316,210957,False
2023-01-11,SBK23,18.31,18.61,18.25,18.34,26666,210659,False
2023-01-12,SBK23,18.37,18.47,18.18,18.34,17539,211450,False
2023-01-13,SBK23,18.4,18.49,18.23,18.41,20445,212923,False
2023-01-17,SBK23,18.47,18.82,18.4,18.78,29116,214385,False
2023-01-18,SBK23,18.74,18.86,18.44,18.54,25954,217615,False
2023-01-19,SBK23,18.54,18.67,18.38,18.41,23972,218442,False
2023-01-20,SBK23,18.44,18.51,18.29,18.41,25024,219266,False
2023-01-23,SBK23,18.39,18.57,18.32,18.44,27580,225855,False
2023-01-24,SBK23,18.44,18.64,18.33,18.62,39581,236243,False
2023-01-25,SBK23,18.68,18.86,18.5,18.84,41720,242581,False
2023-01-26,SBK23,18.84,19.47,18.79,19.32,68261,246010,False
2023-01-27,SBK23,19.4,19.67,19.23,19.61,44799,250572,False
2023-01-30,SBK23,19.66,19.94,19.53,19.9,64038,258319,False
2023-01-31,SBK23,19.95,20.48,19.87,20.44,79793,266531,False
2023-02-01,SBK23,20.48,20.52,20.09,20.12,67283,276214,False
2023-02-02,SBK23,20.1,20.45,20.04,20.39,55713,282049,False
2023-02-03,SBK23,20.4,20.41,19.95,19.99,58875,291239,False
2023-02-06,SBK23,19.97,20.09,19.46,19.5,95235,303938,False
2023-02-07,SBK23,19.59,19.87,19.43,19.68,88747,318708,False
2023-02-08,SBK23,19.74,19.96,19.48,19.87,88164,331650,False
2023-02-09,SBK23,19.94,20.28,19.8,20.01,102539,354159,False
2023-02-10,SBK23,20.09,20.28,19.85,20.04,91979,366832,False
2023-02-13,SBK23,19.96,20.08,19.61,19.68,90788,376133,False
2023-02-14,SBK23,19.72,20.04,19.64,20.0,57957,379414,False
2023-02-15,SBK23,19.9,19.9,19.61,19.72,80728,380891,False
2023-02-16,SBK23,19.76,19.94,19.62,19.77,55132,382950,False
2023-02-17,SBK23,19.7,20.0,19.65,19.8,62007,388596,False
2023-02-21,SBK23,19.9,20.16,19.82,19.93,72014,392422,False
2023-02-22,SBK23,19.95,20.13,19.87,19.9,56686,395053,False
2023-02-23,SBK23,20.0,20.4,19.88,20.34,81112,402991,False
2023-02-24,SBK23,20.4,20.43,19.63,19.67,88670,405404,False
2023-02-27,SBK23,19.72,20.37,19.64,20.29,68030,403593,False
2023-02-28,SBK23,20.31,20.47,19.96,20.07,52032,401944,False
2023-03-01,SBN23,19.66,20.06,19.55,20.02,35817,207488,True
2023-03-02,SBN23,20.02,20.04,19.66,19.75,26948,208682,False
2023-03-03,SBN23,19.83,20.29,19.77,20.25,52389,215241,False
2023-03-06,SBN23,20.25,20.27,20.01,20.23,31206,218108,False
2023-03-07,SBN23,20.25,20.57,20.2,20.44,38719,219230,False
2023-03-08,SBN23,20.44,20.44,20.22,20.31,29479,222839,False
2023-03-09,SBN23,20.29,20.71,20.17,20.58,36331,227438,False
2023-03-10,SBN23,20.5,20.64,20.13,20.6,33342,229204,False
2023-03-13,SBN23,20.65,20.68,20.19,20.29,48319,233164,False
2023-03-14,SBN23,20.29,20.46,20.15,20.17,35337,237202,False
2023-03-15,SBN23,20.1,20.18,19.9,20.0,35565,240125,False
2023-03-16,SBN23,20.1,20.31,19.87,20.23,26336,240731,False
2023-03-17,SBN23,20.23,20.39,20.02,20.15,19585,240754,False
2023-03-20,SBN23,20.05,20.16,19.92,19.99,17778,242144,False
2023-03-21,SBN23,20.13,20.35,19.99,20.28,19713,242206,False
2023-03-22,SBN23,20.32,20.79,20.25,20.56,33285,244583,False
2023-03-23,SBN23,20.59,20.72,20.32,20.39,33870,248548,False
2023-03-24,SBN23,20.41,20.47,20.18,20.34,36425,254227,False
2023-03-27,SBN23,20.44,20.62,20.27,20.45,28373,258260,False
2023-03-28,SBN23,20.45,20.95,20.45,20.83,33970,261109,False
2023-03-29,SBN23,20.89,20.92,20.65,20.82,77712,270002,False
2023-03-30,SBN23,20.88,21.54,20.86,21.5,79268,280450,False
2023-03-31,SBN23,21.5,21.94,21.36,21.83,59684,289568,False
2023-04-03,SBN23,21.9,22.21,21.8,21.97,69730,296435,False
2023-04-04,SBN23,21.82,22.17,21.8,22.07,58237,303702,False
2023-04-05,SBN23,22.07,22.56,22.01,22.55,93663,317544,False
2023-04-06,SBN23,22.59,23.24,22.3,23.18,111178,338778,False
2023-04-10,SBN23,23.18,23.36,22.96,23.07,93556,350027,False
2023-04-11,SBN23,23.15,23.78,23.09,23.68,156476,357762,False
2023-04-12,SBN23,23.91,24.14,23.18,23.34,117236,367908,False
2023-04-13,SBN23,23.3,24.0,23.2,23.39,92668,376176,False
2023-04-14,SBN23,23.2,23.62,23.13,23.46,77749,384943,False
2023-04-17,SBN23,23.6,23.86,23.47,23.8,56922,387250,False
2023-04-18,SBN23,23.81,24.09,23.47,23.94,66014,393506,False
2023-04-19,SBN23,23.84,24.3,23.73,23.85,69666,403284,False
2023-04-20,SBN23,23.71,24.86,23.64,24.74,83368,410210,False
2023-04-21,SBN23,25.01,25.09,24.18,24.34,86498,413210,False
2023-04-24,SBN23,24.26,25.43,24.06,25.32,90697,423824,False
2023-04-25,SBN23,25.27,26.22,24.96,25.97,96897,422681,False
2023-04-26,SBN23,26.02,26.38,25.66,25.78,99160,418949,False
2023-04-27,SBN23,25.75,26.83,25.55,26.35,112817,422471,False
2023-04-28,SBN23,26.35,26.5,25.96,26.35,70845,418676,False
2023-05-01,SBV23,26.06,26.17,25.15,25.25,30555,227107,True
2023-05-02,SBV23,25.2,25.76,24.76,24.83,45207,223620,False
2023-05-03,SBV23,24.78,25.09,24.57,24.84,35886,227637,False
2023-05-04,SBV23,24.84,25.31,24.66,25.19,27694,230549,False
2023-05-05,SBV23,25.24,26.09,25.24,25.97,36411,235842,False
2023-05-08,SBV23,26.04,26.11,25.65,25.73,27995,238438,False
2023-05-09,SBV23,25.69,26.06,25.57,25.84,34706,242665,False
2023-05-10,SBV23,25.8,26.37,25.65,26.3,29512,244845,False
2023-05-11,SBV23,26.28,26.39,25.65,25.69,44237,247570,False
2023-05-12,SBV23,25.69,26.03,25.65,25.86,27824,249225,False
2023-05-15,SBV23,25.9,26.06,25.49,25.95,21854,250067,False
2023-05-16,SBV23,25.9,26.25,25.67,25.73,28427,250419,False
2023-05-17,SBV23,25.73,25.81,25.47,25.59,18814,249808,False
2023-05-18,SBV23,25.53,25.64,25.16,25.31,41014,251824,False
2023-05-19,SBV23,25.32,25.78,25.3,25.49,25716,252046,False
2023-05-22,SBV23,25.45,25.7,25.29,25.65,27525,253168,False
2023-05-23,SBV23,25.63,25.87,25.46,25.49,36918,253766,False
2023-05-24,SBV23,25.46,25.59,25.18,25.21,41505,254762,False
2023-05-25,SBV23,25.16,25.18,24.37,24.6,83864,258909,False
2023-05-26,SBV23,24.68,25.38,24.48,25.14,83864,262205,False
2023-05-30,SBV23,25.18,25.46,24.87,25.0,74718,256750,False
2023-05-31,SBV23,24.98,25.08,24.7,24.74,47596,265299,False
2023-06-01,SBV23,24.83,25.09,24.46,24.61,47123,278995,False
2023-06-02,SBV23,24.51,24.53,24.31,24.51,47713,289381,False
2023-06-05,SBV23,24.56,24.82,24.14,24.19,81177,298880,False
2023-06-06,SBV23,24.25,24.45,24.01,24.29,89410,314627,False
2023-06-07,SBV23,24.39,24.58,24.14,24.24,62040,323993,False
2023-06-08,SBV23,24.22,25.3,24.14,25.09,107343,337425,False
2023-06-09,SBV23,25.3,25.74,24.98,25.02,109054,360435,False
2023-06-12,SBV23,25.05,25.64,24.85,25.15,92661,370386,False
2023-06-13,SBV23,25.15,25.28,24.69,24.77,103483,380795,False
2023-06-14,SBV23,24.87,25.41,24.73,25.37,73315,385387,False
2023-06-15,SBV23,25.4,25.93,25.19,25.63,99865,388638,False
2023-06-16,SBV23,25.75,26.14,25.63,26.09,99865,391777,False
2023-06-20,SBV23,26.07,26.19,25.62,26.03,103996,402029,False
2023-06-21,SBV23,26.11,26.18,25.75,25.85,81179,411865,False
2023-06-22,SBV23,25.85,25.86,24.91,24.97,94918,416157,False
2023-06-23,SBV23,24.98,24.98,24.16,24.29,93642,418174,False
2023-06-26,SBV23,24.55,24.72,23.62,23.66,92503,413723,False
2023-06-27,SBV23,23.66,23.75,22.79,22.98,121902,404783,False
2023-06-28,SBV23,23.18,23.27,22.4,22.6,83336,399496,False
2023-06-29,SBV23,22.66,22.7,21.88,22.08,108917,395321,False
2023-06-30,SBV23,22.18,23.09,22.17,22.79,81854,391248,False
2023-07-03,SBV23,22.87,23.61,22.78,23.32,81854,390933,False
2023-07-05,SBV23,23.4,23.72,23.06,23.53,62176,390547,False
2023-07-06,SBV23,23.5,23.58,23.2,23.25,49485,389557,False
2023-07-07,SBV23,23.15,23.83,23.11,23.53,43778,389672,False
2023-07-10,SBV23,23.48,23.5,23.2,23.44,41256,386843,False
2023-07-11,SBV23,23.47,23.71,23.16,23.53,46696,384549,False
2023-07-12,SBV23,23.53,24.0,23.31,23.91,53443,381124,False
2023-07-13,SBV23,23.91,24.25,23.76,24.01,46156,378364,False
2023-07-14,SBV23,24.08,24.4,24.01,24.32,44327,378770,False
2023-07-17,SBV23,24.36,24.39,23.64,23.8,49925,378586,False
2023-07-18,SBV23,23.71,24.06,23.59,23.86,37334,378598,False
2023-07-19,SBV23,23.86,24.37,23.7,24.21,49314,380311,False
2023-07-20,SBV23,24.3,24.7,24.16,24.67,53033,383207,False
2023-07-21,SBV23,24.55,25.1,24.34,25.01,54879,384631,False
2023-07-24,SBV23,25.0,25.3,24.84,24.92,58537,390906,False
2023-07-25,SBV23,24.88,24.88,24.54,24.69,46615,391590,False
2023-07-26,SBV23,24.65,24.81,24.15,24.39,52596,391119,False
2023-07-27,SBV23,24.42,24.58,24.02,24.43,43474,394176,False
2023-07-28,SBV23,24.4,24.43,23.87,23.92,43770,396035,False
2023-07-31,SBV23,23.95,24.19,23.84,24.11,45356,394098,False
2023-08-01,SBH24,24.33,24.74,24.18,24.57,25359,236302,True
2023-08-02,SBH24,24.57,24.75,24.27,24.39,20732,237405,False
2023-08-03,SBH24,24.4,24.58,23.92,24.19,25165,238051,False
2023-08-04,SBH24,24.23,24.28,23.77,23.88,19811,236490,False
2023-08-07,SBH24,23.89,24.2,23.6,23.96,21910,236392,False
2023-08-08,SBH24,23.95,23.95,23.56,23.7,24360,232961,False
2023-08-09,SBH24,23.87,24.01,23.71,23.91,21755,233522,False
2023-08-10,SBH24,24.03,24.38,23.88,24.17,24946,235016,False
2023-08-11,SBH24,24.2,24.65,23.95,24.56,30269,240928,False
2023-08-14,SBH24,24.51,24.63,24.15,24.27,19896,239205,False
2023-08-15,SBH24,24.27,24.51,23.95,24.01,23333,240360,False
2023-08-16,SBH24,24.02,24.53,23.9,24.42,25586,243238,False
2023-08-17,SBH24,24.45,24.96,24.21,24.26,43311,249351,False
2023-08-18,SBH24,24.28,24.29,24.0,24.06,29855,252371,False
2023-08-21,SBH24,24.1,24.39,23.69,23.71,32405,252318,False
2023-08-22,SBH24,23.76,24.01,23.62,23.71,34023,249929,False
2023-08-23,SBH24,23.71,24.51,23.42,24.18,62285,246792,False
2023-08-24,SBH24,24.32,24.7,23.99,24.63,36961,246740,False
2023-08-25,SBH24,24.64,25.22,24.45,25.16,43311,252622,False
2023-08-28,SBH24,25.22,25.89,25.11,25.82,46789,258417,False
2023-08-29,SBH24,25.82,25.92,25.5,25.76,47333,260576,False
2023-08-30,SBH24,25.72,26.21,25.58,25.68,55783,271199,False
2023-08-31,SBH24,25.68,25.96,25.4,25.43,50345,277713,False
2023-09-01,SBH24,25.45,26.11,25.43,26.05,50345,282648,False
2023-09-05,SBH24,26.13,27.18,25.92,26.9,79950,293896,False
2023-09-06,SBH24,26.88,27.06,26.26,26.47,65289,307775,False
2023-09-07,SBH24,26.4,27.05,26.2,26.88,61704,318761,False
2023-09-08,SBH24,27.04,27.26,26.4,26.6,87705,349817,False
2023-09-11,SBH24,26.6,26.72,26.29,26.66,97223,369248,False
2023-09-12,SBH24,26.64,27.47,26.36,27.07,107194,388282,False
2023-09-13,SBH24,27.03,27.12,26.7,26.81,79006,401801,False
2023-09-14,SBH24,26.94,27.36,26.86,27.22,51340,412284,False
2023-09-15,SBH24,27.25,27.79,27.03,27.16,79333,426193,False
2023-09-18,SBH24,27.13,27.51,26.73,27.36,71739,430711,False
2023-09-19,SBH24,27.36,27.88,27.27,27.72,57490,436600,False
2023-09-20,SBH24,27.6,27.64,27.04,27.15,67236,439386,False
2023-09-21,SBH24,27.09,27.34,26.94,27.26,65516,444388,False
2023-09-22,SBH24,27.19,27.61,27.05,27.28,51340,447904,False
2023-09-25,SBH24,27.32,27.32,26.5,26.58,75797,447613,False
2023-09-26,SBH24,26.57,26.74,26.18,26.24,77757,446438,False
2023-09-27,SBH24,26.34,26.61,26.16,26.37,62164,448565,False
2023-09-28,SBH24,26.37,27.07,26.2,26.96,70734,452407,False
2023-09-29,SBH24,27.0,27.1,26.36,26.48,56955,449749,False
2023-10-02,SBH24,26.54,26.79,26.25,26.35,50259,447695,False
2023-10-03,SBH24,26.33,26.44,25.59,25.67,78869,437619,False
2023-10-04,SBH24,25.67,26.27,25.28,25.93,82694,436499,False
2023-10-05,SBH24,25.93,26.41,25.77,26.16,45113,434542,False
2023-10-06,SBH24,26.3,26.83,26.13,26.74,54083,431782,False
2023-10-09,SBH24,26.86,27.28,26.68,27.18,56088,430582,False
2023-10-10,SBH24,27.17,27.24,26.78,27.05,52748,432564,False
2023-10-11,SBH24,27.05,27.18,26.3,26.4,53301,431404,False
2023-10-12,SBH24,26.4,26.75,26.25,26.35,52580,434676,False
2023-10-13,SBH24,26.44,27.18,26.35,27.03,50942,435593,False
2023-10-16,SBH24,27.09,27.1,26.8,27.05,37082,437338,False
2023-10-17,SBH24,26.99,27.57,26.96,27.49,59313,440100,False
2023-10-18,SBH24,27.56,27.67,27.17,27.48,50468,442722,False
2023-10-19,SBH24,27.36,27.41,26.85,27.29,49701,439013,False
2023-10-20,SBH24,27.24,27.25,26.8,26.85,39023,438324,False
2023-10-23,SBH24,26.85,27.58,26.49,27.48,63721,440494,False
2023-10-24,SBH24,27.55,27.75,27.32,27.53,46231,442059,False
2023-10-25,SBH24,27.6,28.0,27.28,27.63,59256,441222,False
2023-10-26,SBH24,27.67,27.79,27.0,27.04,48247,438446,False
2023-10-27,SBH24,27.04,27.5,27.0,27.34,38335,437522,False
2023-10-30,SBH24,27.5,27.53,26.65,26.75,58592,436397,False
2023-10-31,SBH24,26.83,27.15,26.69,27.09,46929,435242,False
2023-11-01,SBH24,27.16,27.69,27.13,27.51,68464,440629,False
2023-11-02,SBH24,27.56,27.72,27.1,27.48,47924,437902,False
2023-11-03,SBH24,27.56,27.83,27.33,27.77,41662,441663,False
2023-11-06,SBH24,27.65,28.08,27.59,27.95,62351,446435,False
2023-11-07,SBH24,27.92,28.14,27.52,27.59,51531,445580,False
2023-11-08,SBH24,27.57,27.58,27.18,27.21,51592,439403,False
2023-11-09,SBH24,27.25,27.92,27.2,27.78,47432,439525,False
2023-11-10,SBH24,27.75,27.87,27.2,27.29,53876,437491,False
2023-11-13,SBH24,27.3,27.75,27.16,27.71,42978,435374,False
2023-11-14,SBH24,27.71,27.81,27.13,27.18,51000,432817,False
2023-11-15,SBH24,27.2,27.37,27.02,27.15,56042,429383,False
2023-11-16,SBH24,27.1,27.42,27.01,27.19,44643,427497,False
2023-11-17,SBH24,27.15,27.32,27.0,27.18,43651,427013,False
2023-11-20,SBH24,27.23,27.6,27.07,27.56,46561,428771,False
2023-11-21,SBH24,27.64,27.78,27.48,27.75,41572,431959,False
2023-11-22,SBH24,27.77,27.77,27.16,27.22,41572,435120,False
2023-11-24,SBH24,27.28,27.38,26.81,26.98,74878,434240,False
2023-11-27,SBH24,26.98,27.3,26.8,27.2,56585,432842,False
2023-11-28,SBH24,27.17,27.25,26.8,26.99,62402,430517,False
2023-11-29,SBH24,27.04,27.12,26.8,26.86,43729,427241,False
2023-11-30,SBH24,26.83,26.85,25.9,26.04,88278,427410,False
2023-12-01,SBH24,26.15,26.17,24.95,25.09,170625,417954,False
2023-12-04,SBH24,25.06,25.98,24.58,25.81,122660,410753,False
2023-12-05,SBH24,25.9,25.9,24.81,24.96,107293,397623,False
2023-12-06,SBH24,24.92,24.92,22.94,23.0,177202,381287,False
2023-12-07,SBH24,23.39,23.93,22.8,23.03,132480,366623,False
2023-12-08,SBH24,23.1,23.6,23.1,23.36,88278,343460,False
2023-12-11,SBH24,23.44,23.49,22.17,22.47,92343,340740,False
2023-12-12,SBH24,22.47,22.66,21.48,22.59,113863,338156,False
2023-12-13,SBH24,22.56,23.12,21.82,21.97,80633,334263,False
2023-12-14,SBH24,21.97,22.31,21.16,22.18,91832,336615,False
2023-12-15,SBH24,22.3,22.59,21.75,21.99,64324,330901,False
2023-12-18,SBH24,21.98,21.99,21.25,21.31,60933,323949,False
2023-12-19,SBH24,21.4,21.62,20.85,21.43,69499,325425,False
2023-12-20,SBH24,21.39,21.67,20.81,20.92,63059,331838,False
2023-12-21,SBH24,20.8,20.83,20.12,20.24,76312,330891,False
2023-12-22,SBH24,20.38,21.08,20.23,20.62,76312,327796,False
2023-12-26,SBH24,20.6,20.77,20.03,20.53,25154,326971,False
2023-12-27,SBH24,20.57,20.93,20.15,20.6,40459,329600,False
2023-12-28,SBH24,20.51,21.91,20.46,21.76,57143,324385,False
2023-12-29,SBH24,21.76,21.88,20.33,20.58,57143,336176,False
2024-01-02,SBK24,20.45,21.05,20.37,20.58,28249,153705,True
2024-01-03,SBK24,20.63,21.05,20.42,20.51,17188,153675,False
2024-01-04,SBK24,20.61,20.86,20.54,20.73,14257,153374,False
2024-01-05,SBK24,20.74,20.83,20.25,20.74,13639,152198,False
2024-01-08,SBK24,20.75,21.27,20.74,21.22,24291,151060,False
2024-01-09,SBK24,21.27,21.42,21.03,21.19,24388,153555,False
2024-01-10,SBK24,21.04,21.38,20.86,20.91,22002,156312,False
2024-01-11,SBK24,20.95,21.34,20.87,21.23,22423,157033,False
2024-01-12,SBK24,21.29,21.38,21.03,21.08,22423,158618,False
2024-01-16,SBK24,21.32,21.98,21.3,21.88,37251,160934,False
2024-01-17,SBK24,21.89,21.99,21.58,21.74,29792,165793,False
2024-01-18,SBK24,21.69,22.43,21.68,22.29,27116,169780,False
2024-01-19,SBK24,22.35,22.91,22.28,22.77,44867,174034,False
2024-01-22,SBK24,22.78,22.91,22.64,22.76,25013,175220,False
2024-01-23,SBK24,22.75,23.08,22.54,22.99,24862,174429,False
2024-01-24,SBK24,22.99,23.64,22.72,23.59,33836,178891,False
2024-01-25,SBK24,23.59,23.66,23.19,23.28,44562,185152,False
2024-01-26,SBK24,23.22,23.51,22.92,23.0,32672,191006,False
2024-01-29,SBK24,23.0,23.43,22.69,22.75,29054,192393,False
2024-01-30,SBK24,22.69,23.15,22.54,23.07,25840,197206,False
2024-01-31,SBK24,23.05,23.29,22.98,23.25,25720,200149,False
2024-02-01,SBK24,23.28,23.33,22.67,22.76,61211,202967,False
2024-02-02,SBK24,22.65,23.13,22.56,23.03,46964,206612,False
2024-02-05,SBK24,23.1,23.12,22.67,22.77,39770,211218,False
2024-02-06,SBK24,22.77,23.12,22.44,22.86,79508,226229,False
2024-02-07,SBK24,22.95,23.62,22.94,23.2,70130,233945,False
2024-02-08,SBK24,23.15,23.29,22.87,23.21,68866,242183,False
2024-02-09,SBK24,23.21,23.62,23.18,23.3,61211,250041,False
2024-02-12,SBK24,23.3,23.3,22.79,22.84,60187,258463,False
2024-02-13,SBK24,22.82,22.94,22.51,22.62,54500,262587,False
2024-02-14,SBK24,22.64,22.9,22.13,22.74,69039,264285,False
2024-02-15,SBK24,22.73,22.75,22.18,22.24,63911,265311,False
2024-02-16,SBK24,22.26,22.87,22.18,22.59,63911,272401,False
2024-02-20,SBK24,22.5,22.51,21.91,22.21,71487,279468,False
2024-02-21,SBK24,22.27,22.43,21.92,22.28,51482,285618,False
2024-02-22,SBK24,22.34,22.34,21.56,22.17,74812,289911,False
2024-02-23,SBK24,22.05,22.38,21.74,21.82,58374,289948,False
2024-02-26,SBK24,21.85,22.49,21.63,22.16,74112,296115,False
2024-02-27,SBK24,22.2,22.95,22.16,22.68,72155,295336,False
2024-02-28,SBK24,22.56,22.88,22.55,22.69,40508,295540,False
2024-02-29,SBK24,22.73,22.73,21.54,21.69,80899,296829,False
2024-03-01,SBN24,21.58,21.7,20.78,20.91,41712,192625,True
2024-03-04,SBN24,20.96,21.2,20.42,20.48,34661,195507,False
2024-03-05,SBN24,20.64,20.88,20.41,20.64,27298,194886,False
2024-03-06,SBN24,20.64,21.35,20.49,21.14,27636,194748,False
2024-03-07,SBN24,21.14,21.17,20.59,21.03,25703,195923,False
2024-03-08,SBN24,21.05,21.12,20.79,20.93,23597,197593,False
2024-03-11,SBN24,20.99,21.73,20.92,21.69,29832,198565,False
2024-03-12,SBN24,21.67,21.82,21.52,21.63,33323,196457,False
2024-03-13,SBN24,21.75,21.89,21.11,21.67,27170,199020,False
2024-03-14,SBN24,21.68,21.92,21.41,21.51,26748,198962,False
2024-03-15,SBN24,21.5,21.79,21.45,21.76,20268,199876,False
2024-03-18,SBN24,21.81,21.98,21.63,21.82,17989,198529,False
2024-03-19,SBN24,21.8,21.85,21.21,21.36,23532,197885,False
2024-03-20,SBN24,21.28,21.51,20.88,21.47,24912,198508,False
2024-03-21,SBN24,21.55,21.88,21.55,21.78,16663,199686,False
2024-03-22,SBN24,21.7,21.93,21.5,21.6,17562,201043,False
2024-03-25,SBN24,21.53,21.83,21.47,21.66,19997,200449,False
2024-03-26,SBN24,21.66,22.09,21.63,22.01,34805,202676,False
2024-03-27,SBN24,21.96,21.99,21.47,21.87,21479,203838,False
2024-03-28,SBN24,21.86,22.19,21.76,22.15,26261,207013,False
2024-04-01,SBN24,22.23,22.47,22.16,22.35,41169,205765,False
2024-04-02,SBN24,22.31,22.49,21.96,22.0,37979,209785,False
2024-04-03,SBN24,22.01,22.28,21.73,21.84,33534,213585,False
2024-04-04,SBN24,21.88,22.06,21.76,21.98,29423,219163,False
2024-04-05,SBN24,22.05,22.11,21.45,21.61,45069,223972,False
2024-04-08,SBN24,21.59,21.83,21.21,21.26,50837,233905,False
2024-04-09,SBN24,21.23,21.36,21.05,21.13,67379,245733,False
2024-04-10,SBN24,21.32,21.44,21.03,21.09,45916,256674,False
2024-04-11,SBN24,21.12,21.2,20.5,20.53,73621,265644,False
2024-04-12,SBN24,20.55,20.64,20.08,20.13,79452,267575,False
2024-04-15,SBN24,20.19,20.29,19.8,19.82,69212,285695,False
2024-04-16,SBN24,19.86,19.86,19.15,19.53,112086,296269,False
2024-04-17,SBN24,19.47,19.53,19.08,19.27,77143,305296,False
2024-04-18,SBN24,19.47,19.71,19.21,19.54,68814,315026,False
2024-04-19,SBN24,19.75,19.8,19.3,19.5,61054,323877,False
2024-04-22,SBN24,19.68,19.92,19.53,19.61,55618,329511,False
2024-04-23,SBN24,19.6,19.81,19.51,19.66,53091,335688,False
2024-04-24,SBN24,19.63,19.79,19.51,19.77,46300,341431,False
2024-04-25,SBN24,19.64,19.65,18.97,19.16,84278,344263,False
2024-04-26,SBN24,19.13,19.61,19.01,19.09,70861,350924,False
2024-04-29,SBN24,19.08,19.82,19.08,19.78,74965,357378,False
2024-04-30,SBN24,19.78,19.84,19.26,19.41,48666,360790,False
2024-05-01,SBV24,19.54,19.54,19.13,19.25,18876,184426,True
2024-05-02,SBV24,19.35,19.52,19.12,19.29,26684,185535,False
2024-05-03,SBV24,19.31,19.5,19.21,19.3,25273,189661,False
2024-05-06,SBV24,19.31,19.49,19.16,19.45,17800,192470,False
2024-05-07,SBV24,19.45,19.98,19.35,19.93,35779,191732,False
2024-05-08,SBV24,19.95,19.95,19.54,19.63,27886,191208,False
2024-05-09,SBV24,19.64,19.88,19.43,19.6,20260,194304,False
2024-05-10,SBV24,19.65,19.65,19.3,19.33,21131,195922,False
2024-05-13,SBV24,19.3,19.4,18.63,18.67,40607,196997,False
2024-05-14,SBV24,18.67,18.96,18.35,18.88,24719,197692,False
2024-05-15,SBV24,18.92,18.97,18.53,18.7,23782,197282,False
2024-05-16,SBV24,18.7,18.7,18.02,18.37,36796,201561,False
2024-05-17,SBV24,18.38,18.47,18.11,18.19,20223,204348,False
2024-05-20,SBV24,18.16,18.79,18.12,18.68,20497,205106,False
2024-05-21,SBV24,18.68,18.78,18.45,18.6,17293,206137,False
2024-05-22,SBV24,18.55,18.62,18.22,18.25,18091,205198,False
2024-05-23,SBV24,18.25,18.57,18.25,18.27,26106,205635,False
2024-05-24,SBV24,18.28,18.46,18.07,18.39,26106,208698,False
2024-05-28,SBV24,18.55,18.76,18.51,18.7,36056,212690,False
2024-05-29,SBV24,18.68,18.7,18.22,18.32,30353,211078,False
2024-05-30,SBV24,18.32,18.32,18.13,18.18,29139,215507,False
2024-05-31,SBV24,18.18,18.44,18.03,18.29,27144,216012,False
2024-06-03,SBV24,18.27,18.83,18.2,18.76,33995,221343,False
2024-06-04,SBV24,18.76,18.9,18.59,18.86,49124,223722,False
2024-06-05,SBV24,18.88,19.09,18.72,19.04,75419,232452,False
2024-06-06,SBV24,19.04,19.2,18.97,19.1,64935,244865,False
2024-06-07,SBV24,19.11,19.17,18.63,18.88,95227,262459,False
2024-06-10,SBV24,18.82,19.15,18.56,18.59,82317,277148,False
2024-06-11,SBV24,18.65,18.87,18.55,18.75,65389,296921,False
2024-06-12,SBV24,18.75,19.16,18.69,19.08,87160,321979,False
2024-06-13,SBV24,19.08,19.67,19.05,19.64,107674,342344,False
2024-06-14,SBV24,19.52,19.64,19.33,19.49,68086,341933,False
2024-06-17,SBV24,19.34,19.37,18.81,19.06,73755,349671,False
2024-06-18,SBV24,19.06,19.23,18.88,18.99,73755,355650,False
2024-06-20,SBV24,19.15,19.52,18.95,19.02,83900,362116,False
2024-06-21,SBV24,19.04,19.23,18.95,19.16,59801,370415,False
2024-06-24,SBV24,19.1,19.74,19.07,19.72,82679,377277,False
2024-06-25,SBV24,19.71,19.75,19.22,19.49,91981,372890,False
2024-06-26,SBV24,19.45,19.67,19.29,19.51,71501,382406,False
2024-06-27,SBV24,19.51,20.34,19.48,20.21,118351,382393,False
2024-06-28,SBV24,20.21,20.48,19.94,20.3,97361,370534,False
2024-07-01,SBV24,20.25,20.41,20.06,20.23,55376,363743,False
2024-07-02,SBV24,20.14,20.78,19.93,20.61,74275,357851,False
2024-07-03,SBV24,20.61,20.73,20.45,20.53,74275,354073,False
2024-07-05,SBV24,20.53,20.67,20.08,20.14,58227,356034,False
2024-07-08,SBV24,20.13,20.37,19.83,20.13,54201,350629,False
2024-07-09,SBV24,20.31,20.31,19.61,19.62,53843,346996,False
2024-07-10,SBV24,19.69,20.12,19.52,19.81,53130,343085,False
2024-07-11,SBV24,19.79,19.9,19.39,19.43,62645,338021,False
2024-07-12,SBV24,19.45,19.53,19.18,19.2,46493,335638,False
2024-07-15,SBV24,19.15,19.82,19.09,19.76,55839,335537,False
2024-07-16,SBV24,19.82,19.88,19.54,19.62,35346,334007,False
2024-07-17,SBV24,19.6,19.6,19.15,19.36,44803,333485,False
2024-07-18,SBV24,19.36,19.38,18.81,18.94,62006,332954,False
2024-07-19,SBV24,19.0,19.0,18.55,18.66,59278,337212,False
2024-07-22,SBV24,18.66,18.74,18.25,18.3,59034,342710,False
2024-07-23,SBV24,18.3,18.41,18.08,18.16,55653,344464,False
2024-07-24,SBV24,18.2,18.31,17.86,17.91,74074,343918,False
2024-07-25,SBV24,18.0,18.7,17.92,18.66,71672,347797,False
2024-07-26,SBV24,18.7,18.74,18.32,18.42,41569,344616,False
2024-07-29,SBV24,18.5,19.05,18.47,19.01,55993,338584,False
2024-07-30,SBV24,19.06,19.14,18.81,19.12,39582,336546,False
2024-07-31,SBV24,19.18,19.32,18.75,18.94,52290,334499,False
2024-08-01,SBH25,19.32,19.57,18.75,18.84,19125,203604,True
2024-08-02,SBH25,18.91,18.99,18.33,18.42,22438,204858,False
2024-08-05,SBH25,18.39,18.65,18.0,18.41,21609,206974,False
2024-08-06,SBH25,18.47,18.47,18.11,18.21,16154,204793,False
2024-08-07,SBH25,18.26,18.58,18.15,18.46,14590,205216,False
2024-08-08,SBH25,18.43,19.09,18.27,18.84,29063,203956,False
2024-08-09,SBH25,18.79,19.14,18.61,18.77,19125,204491,False
2024-08-12,SBH25,18.8,19.01,18.53,18.57,18282,207582,False
2024-08-13,SBH25,18.61,18.94,18.58,18.66,18218,210874,False
2024-08-14,SBH25,18.62,18.71,18.21,18.26,19387,211550,False
2024-08-15,SBH25,18.3,18.38,18.1,18.19,19434,212449,False
2024-08-16,SBH25,18.2,18.65,18.15,18.35,15013,214337,False
2024-08-19,SBH25,18.35,18.43,18.23,18.37,16309,215605,False
2024-08-20,SBH25,18.47,18.47,17.88,17.92,25327,217211,False
2024-08-21,SBH25,17.93,18.07,17.88,17.97,18258,220692,False
2024-08-22,SBH25,18.0,18.37,17.99,18.17,16606,222654,False
2024-08-23,SBH25,18.19,18.74,18.19,18.72,26702,224725,False
2024-08-26,SBH25,18.85,19.48,18.85,19.37,47338,228271,False
2024-08-27,SBH25,19.48,19.99,18.86,19.93,59780,232519,False
2024-08-28,SBH25,19.93,19.96,19.47,19.84,50124,232058,False
2024-08-29,SBH25,19.84,20.19,19.74,20.11,52339,234156,False
2024-08-30,SBH25,20.11,20.14,19.52,19.66,52339,238091,False
2024-09-03,SBH25,19.41,20.06,19.31,19.81,50963,237479,False
2024-09-04,SBH25,19.72,19.83,19.38,19.56,39739,244526,False
2024-09-05,SBH25,19.56,19.86,19.46,19.53,33816,250860,False
2024-09-06,SBH25,19.62,19.89,19.17,19.27,55395,260090,False
2024-09-09,SBH25,19.27,19.37,18.9,19.11,82957,274589,False
2024-09-10,SBH25,19.13,19.15,18.74,18.78,85783,286862,False
2024-09-11,SBH25,18.8,19.25,18.76,19.07,95653,303377,False
2024-09-12,SBH25,19.02,19.56,19.02,19.42,106885,316967,False
2024-09-13,SBH25,19.42,19.79,19.31,19.41,93566,327531,False
2024-09-16,SBH25,19.42,19.83,19.22,19.59,69980,331877,False
2024-09-17,SBH25,19.61,20.49,19.48,20.37,118035,340144,False
2024-09-18,SBH25,20.35,21.77,20.24,21.55,208581,337543,False
2024-09-19,SBH25,21.45,22.18,21.35,22.04,149255,341583,False
2024-09-20,SBH25,22.1,22.92,22.1,22.74,150025,345591,False
2024-09-23,SBH25,22.5,23.12,22.37,22.61,102386,347358,False
2024-09-24,SBH25,22.61,23.28,22.45,23.12,77368,351605,False
2024-09-25,SBH25,23.01,23.55,22.9,23.41,74274,360684,False
2024-09-26,SBH25,23.48,23.64,23.17,23.23,63859,364464,False
2024-09-27,SBH25,23.1,23.1,22.41,22.64,81631,362266,False
2024-09-30,SBH25,22.55,22.7,22.15,22.47,64473,360821,False
2024-10-01,SBH25,22.5,23.07,22.24,22.97,55549,369295,False
2024-10-02,SBH25,23.0,23.17,22.46,22.68,48872,368926,False
2024-10-03,SBH25,22.54,23.34,22.39,23.24,56050,373968,False
2024-10-04,SBH25,23.3,23.45,22.73,23.01,44713,372209,False
2024-10-07,SBH25,23.0,23.14,22.32,22.55,54038,365546,False
2024-10-08,SBH25,22.46,22.69,22.2,22.49,40762,366239,False
2024-10-09,SBH25,22.51,22.54,21.77,22.04,56934,360397,False
2024-10-10,SBH25,22.08,22.35,21.86,22.16,39830,359767,False
2024-10-11,SBH25,22.15,22.68,21.91,22.24,54713,362543,False
2024-10-14,SBH25,22.23,22.58,22.03,22.39,36941,360305,False
2024-10-15,SBH25,22.28,22.87,22.18,22.82,51690,362805,False
2024-10-16,SBH25,22.75,22.95,21.97,22.0,57309,362505,False
2024-10-17,SBH25,22.07,22.32,21.71,22.16,50991,362458,False
2024-10-18,SBH25,22.18,22.64,22.1,22.18,36988,367671,False
2024-10-21,SBH25,22.22,22.35,21.63,21.83,45318,366808,False
2024-10-22,SBH25,21.83,22.04,21.55,21.73,53125,365767,False
2024-10-23,SBH25,22.0,22.43,21.85,22.34,57454,374019,False
2024-10-24,SBH25,22.44,22.58,22.12,22.2,40514,374921,False
2024-10-25,SBH25,22.25,22.32,21.92,22.14,39756,373078,False
2024-10-28,SBH25,22.08,22.16,21.67,21.96,38715,373119,False
2024-10-29,SBH25,22.01,22.23,21.89,22.08,31464,373194,False
2024-10-30,SBH25,22.16,22.43,21.86,22.22,48143,370272,False
2024-10-31,SBH25,22.2,22.82,22.1,22.74,65844,374263,False
2024-11-01,SBH25,22.79,23.0,21.97,22.07,69296,374920,False
2024-11-04,SBH25,22.12,22.23,21.58,21.93,56675,367688,False
2024-11-05,SBH25,21.93,22.01,21.66,21.9,38362,365538,False
2024-11-06,SBH25,21.75,22.1,21.6,22.03,50957,359739,False
2024-11-07,SBH25,22.11,22.49,22.06,22.2,51275,357296,False
2024-11-08,SBH25,22.2,22.33,21.75,21.82,54557,356202,False
2024-11-11,SBH25,21.87,21.96,21.12,21.36,88952,349068,False
2024-11-12,SBH25,21.36,21.63,21.2,21.35,56605,345687,False
2024-11-13,SBH25,21.35,21.55,20.86,21.17,61528,346171,False
2024-11-14,SBH25,21.17,21.82,20.86,21.56,58915,349555,False
2024-11-15,SBH25,21.56,21.92,21.42,21.58,45305,349669,False
2024-11-18,SBH25,21.59,22.32,21.59,22.2,59761,346773,False
2024-11-19,SBH25,22.25,22.42,21.78,22.02,45970,346005,False
2024-11-20,SBH25,21.97,22.08,21.49,21.65,30722,342573,False
2024-11-21,SBH25,21.7,21.77,21.26,21.38,35752,340625,False
2024-11-22,SBH25,21.41,21.61,21.26,21.36,30438,341261,False
2024-11-25,SBH25,21.4,21.43,21.11,21.15,45395,342240,False
2024-11-26,SBH25,21.15,21.77,21.13,21.57,48048,340508,False
2024-11-27,SBH25,21.68,22.0,21.54,21.69,48048,336002,False
2024-11-29,SBH25,21.65,21.69,21.01,21.08,56376,333658,False
2024-12-02,SBH25,21.09,21.26,20.7,21.07,71359,329347,False
2024-12-03,SBH25,21.14,21.59,21.08,21.37,55922,325330,False
2024-12-04,SBH25,21.42,21.42,21.16,21.26,31614,327332,False
2024-12-05,SBH25,21.15,21.28,20.82,21.2,50180,326416,False
2024-12-06,SBH25,21.3,21.86,21.12,21.81,67435,333218,False
2024-12-09,SBH25,21.81,21.9,21.35,21.5,48985,330065,False
2024-12-10,SBH25,21.5,21.52,20.82,21.04,76699,331657,False
2024-12-11,SBH25,21.02,21.37,20.82,21.28,50535,332415,False
2024-12-12,SBH25,21.34,21.42,20.72,20.89,72325,337661,False
2024-12-13,SBH25,20.95,20.97,20.57,20.72,48999,341851,False
2024-12-16,SBH25,20.77,20.89,20.43,20.68,63425,336819,False
2024-12-17,SBH25,20.68,20.73,19.76,19.84,92966,341777,False
2024-12-18,SBH25,19.85,19.92,19.55,19.65,69565,343652,False
2024-12-19,SBH25,19.55,19.68,19.26,19.4,66884,345927,False
2024-12-20,SBH25,19.48,19.6,19.3,19.51,44753,351382,False
2024-12-23,SBH25,19.6,19.79,19.42,19.54,39966,348920,False
2024-12-24,SBH25,19.6,19.82,19.5,19.54,22290,348393,False
2024-12-26,SBH25,19.51,19.54,19.17,19.26,26005,347739,False
2024-12-27,SBH25,19.24,19.45,19.18,19.37,34311,350649,False
2024-12-30,SBH25,19.37,19.66,19.05,19.13,43046,351972,False
2024-12-31,SBH25,19.11,19.35,19.04,19.26,36352,354373,False
2025-01-02,SBK25,17.9,18.51,17.85,18.37,24418,200848,True
2025-01-03,SBK25,18.29,18.39,18.08,18.27,16629,200004,False
2025-01-06,SBK25,18.29,18.41,17.95,18.0,19527,201299,False
2025-01-07,SBK25,18.01,18.33,18.0,18.11,31596,202653,False
2025-01-08,SBK25,18.19,18.19,17.91,17.96,24709,203282,False
2025-01-09,SBK25,17.98,18.01,17.63,17.95,32468,205032,False
2025-01-10,SBK25,17.96,18.27,17.86,18.07,25128,204667,False
2025-01-13,SBK25,18.08,18.08,17.69,17.92,42433,197863,False
2025-01-14,SBK25,17.92,17.94,17.29,17.39,63645,199208,False
2025-01-15,SBK25,17.38,17.47,17.01,17.07,46620,201625,False
2025-01-16,SBK25,17.2,17.56,17.17,17.22,51128,205642,False
2025-01-17,SBK25,17.23,17.27,16.97,17.1,39047,202943,False
2025-01-21,SBK25,17.02,17.2,16.61,16.83,72125,205773,False
2025-01-22,SBK25,16.84,17.21,16.76,17.08,45450,211762,False
2025-01-23,SBK25,17.14,17.43,17.06,17.32,54583,215854,False
2025-01-24,SBK25,17.34,17.69,17.33,17.62,49551,220402,False
2025-01-27,SBK25,17.71,18.01,17.49,17.74,43462,230133,False
2025-01-28,SBK25,17.7,17.94,17.56,17.8,31351,235715,False
2025-01-29,SBK25,17.81,18.03,17.8,17.99,36595,237963,False
2025-01-30,SBK25,17.95,18.05,17.74,17.99,36762,244157,False
2025-01-31,SBK25,17.99,18.01,17.65,17.88,34340,245109,False
2025-02-03,SBK25,17.94,18.04,17.59,17.83,39706,245872,False
2025-02-04,SBK25,17.74,18.18,17.74,18.15,38833,254532,False
2025-02-05,SBK25,18.17,18.23,18.0,18.13,36983,260070,False
2025-02-06,SBK25,18.13,18.43,17.99,18.06,70015,274801,False
2025-02-07,SBK25,18.04,18.21,17.8,17.86,64784,290094,False
2025-02-10,SBK25,18.0,18.16,17.83,17.97,86672,314257,False
2025-02-11,SBK25,17.94,18.35,17.93,18.28,92777,340025,False
2025-02-12,SBK25,18.32,18.53,18.15,18.34,90571,357030,False
2025-02-13,SBK25,18.39,18.86,18.37,18.84,102711,376396,False
2025-02-14,SBK25,18.8,19.19,18.71,19.16,80093,380899,False
2025-02-18,SBK25,19.3,19.32,19.12,19.16,77519,382115,False
2025-02-19,SBK25,19.06,19.46,19.01,19.39,65411,382279,False
2025-02-20,SBK25,19.31,19.78,19.3,19.75,75065,385199,False
2025-02-21,SBK25,19.75,19.96,19.6,19.92,65434,379254,False
2025-02-24,SBK25,19.87,19.97,19.52,19.57,84054,372125,False
2025-02-25,SBK25,19.46,19.98,19.43,19.97,72745,370940,False
2025-02-26,SBK25,19.9,19.97,19.51,19.59,75775,369696,False
2025-02-27,SBK25,19.6,19.71,18.78,18.89,98013,363901,False
2025-02-28,SBK25,18.95,18.98,18.42,18.52,67158,364458,False
2025-03-03,SBN25,18.14,18.17,17.8,17.86,32264,190049,True
2025-03-04,SBN25,17.87,17.93,17.6,17.74,26975,192954,False
2025-03-05,SBN25,17.84,18.13,17.79,17.89,25759,193255,False
2025-03-06,SBN25,17.9,17.98,17.55,17.8,29416,193795,False
2025-03-07,SBN25,17.9,18.1,17.88,17.99,22456,190721,False
2025-03-10,SBN25,18.17,18.7,18.03,18.58,44353,185053,False
2025-03-11,SBN25,18.7,18.77,18.31,18.41,29588,183804,False
2025-03-12,SBN25,18.51,18.85,18.44,18.63,27463,187206,False
2025-03-13,SBN25,18.65,19.0,18.52,18.98,27881,190707,False
2025-03-14,SBN25,18.97,19.04,18.54,18.93,22146,194482,False
2025-03-17,SBN25,18.95,19.6,18.95,19.57,51118,199870,False
2025-03-18,SBN25,19.53,19.72,19.25,19.65,37274,203965,False
2025-03-19,SBN25,19.52,19.69,19.26,19.36,27931,206901,False
2025-03-20,SBN25,19.35,19.71,19.26,19.65,22734,205737,False
2025-03-21,SBN25,19.6,19.71,19.34,19.39,26757,206991,False
2025-03-24,SBN25,19.4,19.4,18.94,18.96,38093,205915,False
2025-03-25,SBN25,19.0,19.26,18.9,19.19,26514,207765,False
2025-03-26,SBN25,19.26,19.3,18.94,19.06,32556,210915,False
2025-03-27,SBN25,19.04,19.06,18.68,18.83,34538,214470,False
2025-03-28,SBN25,18.86,18.94,18.69,18.75,38438,218995,False
2025-03-31,SBN25,18.8,19.06,18.53,18.65,42376,218565,False
2025-04-01,SBN25,18.69,19.17,18.65,19.13,43829,222179,False
2025-04-02,SBN25,19.13,19.43,18.88,19.39,40296,227397,False
2025-04-03,SBN25,19.15,19.34,18.8,18.97,45927,241265,False
2025-04-04,SBN25,18.98,18.98,18.61,18.68,70045,247927,False
2025-04-07,SBN25,18.6,18.86,18.45,18.49,76156,255999,False
2025-04-08,SBN25,18.54,18.68,18.11,18.14,90926,260317,False
2025-04-09,SBN25,18.14,18.14,17.69,17.73,118141,272981,False
2025-04-10,SBN25,18.16,18.33,17.86,17.91,115450,287898,False
2025-04-11,SBN25,17.92,18.06,17.72,17.83,99645,297943,False
2025-04-14,SBN25,17.85,17.94,17.62,17.69,58562,302641,False
2025-04-15,SBN25,17.71,17.77,17.39,17.41,78701,318221,False
2025-04-16,SBN25,17.4,17.75,17.36,17.72,66983,317765,False
2025-04-17,SBN25,17.78,17.89,17.7,17.81,42053,322394,False
2025-04-21,SBN25,17.8,18.05,17.67,17.74,33698,323653,False
2025-04-22,SBN25,17.71,18.03,17.59,17.96,55253,323888,False
2025-04-23,SBN25,17.96,18.07,17.73,17.88,51703,327068,False
2025-04-24,SBN25,17.92,17.94,17.71,17.85,42217,333112,False
2025-04-25,SBN25,17.9,18.2,17.81,18.18,55353,340556,False
2025-04-28,SBN25,18.18,18.2,17.65,17.85,66633,345510,False
2025-04-29,SBN25,17.85,17.95,17.44,17.54,67292,348504,False
2025-04-30,SBN25,17.55,17.85,17.2,17.25,75869,351674,False
2025-05-01,SBV25,17.49,17.52,17.28,17.33,27117,161123,True
2025-05-02,SBV25,17.35,17.44,17.14,17.35,26013,161721,False
2025-05-05,SBV25,17.45,17.67,17.36,17.62,17066,164175,False
2025-05-06,SBV25,17.62,17.79,17.54,17.58,21780,161999,False
2025-05-07,SBV25,17.57,17.57,17.2,17.28,25231,161255,False
2025-05-08,SBV25,17.34,17.67,17.19,17.64,18678,163291,False
2025-05-09,SBV25,17.64,18.03,17.58,17.92,27117,163719,False
2025-05-12,SBV25,18.05,18.21,17.79,17.87,22323,165286,False
2025-05-13,SBV25,17.93,18.44,17.79,18.41,33737,166591,False
2025-05-14,SBV25,18.38,18.46,18.12,18.24,22286,166554,False
2025-05-15,SBV25,18.19,18.2,17.74,17.83,26887,166897,False
2025-05-16,SBV25,17.87,17.94,17.61,17.69,18678,168519,False
2025-05-19,SBV25,17.71,17.86,17.61,17.65,21207,169096,False
2025-05-20,SBV25,17.64,17.73,17.44,17.53,20417,170169,False
2025-05-21,SBV25,17.55,17.95,17.55,17.86,18738,172638,False
2025-05-22,SBV25,17.84,17.86,17.5,17.6,26251,174611,False
2025-05-23,SBV25,17.55,17.58,17.4,17.49,19503,177470,False
2025-05-27,SBV25,17.58,17.72,17.28,17.41,30384,182205,False
2025-05-28,SBV25,17.47,17.49,17.06,17.12,33476,189744,False
2025-05-29,SBV25,17.17,17.32,17.01,17.19,40924,195007,False
2025-05-30,SBV25,17.23,17.41,17.19,17.23,29692,201490,False
2025-06-02,SBV25,17.25,17.53,17.06,17.09,35645,207242,False
2025-06-03,SBV25,17.15,17.21,16.91,17.15,47855,212662,False
2025-06-04,SBV25,17.18,17.29,17.01,17.03,48989,229134,False
2025-06-05,SBV25,17.02,17.05,16.77,16.88,64454,242929,False
2025-06-06,SBV25,16.87,16.92,16.69,16.86,87542,270545,False
2025-06-09,SBV25,16.85,17.08,16.8,17.01,89034,295123,False
2025-06-10,SBV25,17.03,17.15,16.79,16.85,81198,317386,False
2025-06-11,SBV25,16.78,16.98,16.72,16.81,89405,333191,False
2025-06-12,SBV25,16.85,16.85,16.61,16.7,88226,352986,False
2025-06-13,SBV25,16.85,16.94,16.52,16.57,70090,364441,False
2025-06-16,SBV25,16.56,17.03,16.38,16.94,82077,377406,False
2025-06-17,SBV25,16.94,16.94,16.41,16.51,74791,383535,False
2025-06-18,SBV25,16.4,16.56,16.2,16.31,74791,396752,False
2025-06-20,SBV25,16.6,16.73,16.44,16.57,62267,403651,False
2025-06-23,SBV25,16.6,16.78,16.49,16.57,62135,400005,False
2025-06-24,SBV25,16.49,16.71,16.27,16.36,74776,408329,False
2025-06-25,SBV25,16.36,16.65,16.31,16.61,78423,410953,False
2025-06-26,SBV25,16.58,16.6,16.24,16.42,74012,416903,False
2025-06-27,SBV25,16.47,16.8,16.39,16.71,57444,417113,False
2025-06-30,SBV25,16.6,16.74,16.14,16.2,73001,420847,False
2025-07-01,SBV25,16.21,16.21,15.55,15.7,96318,419417,False
2025-07-02,SBV25,15.8,15.97,15.44,15.58,76821,418825,False
2025-07-03,SBV25,15.6,16.4,15.44,16.38,92012,411543,False
2025-07-07,SBV25,16.3,16.46,16.07,16.28,66039,405170,False
2025-07-08,SBV25,16.26,16.37,16.1,16.13,47486,405141,False
2025-07-09,SBV25,16.15,16.61,16.08,16.56,57203,405152,False
2025-07-10,SBV25,16.41,16.56,16.22,16.26,48362,404100,False
2025-07-11,SBV25,16.32,16.6,16.2,16.57,42104,404032,False
2025-07-14,SBV25,16.59,16.67,16.27,16.3,45188,401187,False
2025-07-15,SBV25,16.28,16.61,16.25,16.56,40604,402363,False
2025-07-16,SBV25,16.56,16.67,16.4,16.56,35033,399913,False
2025-07-17,SBV25,16.55,16.88,16.54,16.74,47733,398043,False
2025-07-18,SBV25,16.77,17.02,16.71,16.82,51794,396771,False
2025-07-21,SBV25,16.82,16.86,16.35,16.37,47871,392620,False
2025-07-22,SBV25,16.38,16.51,16.1,16.28,47475,397419,False
2025-07-23,SBV25,16.28,16.33,16.03,16.24,43840,400989,False
2025-07-24,SBV25,16.3,16.63,16.25,16.57,50553,398579,False
2025-07-25,SBV25,16.6,16.64,16.23,16.29,37301,397859,False
2025-07-28,SBV25,16.28,16.53,16.22,16.43,30194,395463,False
2025-07-29,SBV25,16.45,16.74,16.37,16.59,42994,391373,False
2025-07-30,SBV25,16.56,16.58,16.37,16.45,31260,390250,False
2025-07-31,SBV25,16.49,16.61,16.28,16.35,43657,387081,False
2025-08-01,SBH26,16.99,17.05,16.74,16.78,21876,226615,True
2025-08-04,SBH26,16.79,17.05,16.77,16.88,21126,230653,False
2025-08-05,SBH26,16.91,16.91,16.56,16.75,25419,231986,False
2025-08-06,SBH26,16.77,16.81,16.64,16.66,21250,233549,False
2025-08-07,SBH26,16.72,16.91,16.63,16.68,20119,234882,False
2025-08-08,SBH26,16.69,16.99,16.69,16.92,21997,237056,False
2025-08-11,SBH26,17.01,17.21,16.96,17.13,28596,241190,False
2025-08-12,SBH26,17.21,17.63,17.17,17.55,42610,243420,False
2025-08-13,SBH26,17.56,17.66,17.4,17.53,36860,245710,False
2025-08-14,SBH26,17.53,17.53,17.22,17.28,27326,246950,False
2025-08-15,SBH26,17.28,17.33,17.06,17.13,15926,248269,False
2025-08-18,SBH26,17.16,17.18,16.91,16.96,20921,248130,False
2025-08-19,SBH26,16.97,17.13,16.94,17.01,16338,249248,False
2025-08-20,SBH26,17.0,17.37,17.0,17.27,29477,254573,False
2025-08-21,SBH26,17.27,17.3,17.08,17.08,17709,255752,False
2025-08-22,SBH26,17.08,17.18,17.01,17.15,17709,260671,False
2025-08-25,SBH26,17.14,17.26,16.99,17.09,13759,261997,False
2025-08-26,SBH26,17.08,17.2,17.01,17.11,18769,264034,False
2025-08-27,SBH26,17.14,17.22,17.06,17.13,23165,269809,False
2025-08-28,SBH26,17.11,17.18,16.99,17.12,36771,276507,False
2025-08-29,SBH26,17.13,17.15,16.97,17.01,33224,282997,False
2025-09-01,SBH26,17.01,17.01,17.01,17.01,0,0,False
2025-09-02,SBH26,17.15,17.16,16.76,16.78,44104,291677,False
2025-09-03,SBH26,16.78,16.83,16.62,16.65,52197,302155,False
2025-09-04,SBH26,16.68,16.7,16.29,16.33,58068,316543,False
2025-09-05,SBH26,16.37,16.37,16.1,16.16,76045,335946,False
2025-09-08,SBH26,16.21,16.31,15.98,16.26,75648,351758,False
2025-09-09,SBH26,16.3,16.51,16.26,16.49,94746,375682,False
2025-09-10,SBH26,16.53,16.64,16.35,16.57,75366,394407,False
2025-09-11,SBH26,16.58,16.61,16.37,16.5,82941,412894,False
2025-09-12,SBH26,16.49,16.57,16.36,16.52,80312,433759,False
2025-09-15,SBH26,16.6,16.86,16.52,16.73,99981,441800,False
2025-09-16,SBH26,16.68,16.74,16.52,16.56,82956,447632,False
2025-09-17,SBH26,16.53,16.59,16.23,16.27,55786,448847,False
2025-09-18,SBH26,16.27,16.27,15.89,16.1,97282,452014,False
2025-09-19,SBH26,16.13,16.32,16.01,16.14,54111,454796,False
2025-09-22,SBH26,16.15,16.29,15.84,15.91,67416,461970,False
2025-09-23,SBH26,15.9,16.19,15.76,16.15,97641,465280,False
2025-09-24,SBH26,16.16,16.28,16.11,16.13,54143,466347,False
2025-09-25,SBH26,16.12,16.31,15.97,16.28,67508,473799,False
2025-09-26,SBH26,16.31,16.44,16.21,16.38,56504,467756,False
2025-09-29,SBH26,16.36,16.5,16.24,16.45,71002,464803,False
2025-09-30,SBH26,16.42,16.69,16.31,16.6,60343,466705,False
2025-10-01,SBH26,16.59,16.63,16.04,16.13,76424,465149,False
2025-10-02,SBH26,16.17,16.54,16.16,16.4,43290,463630,False
2025-10-03,SBH26,16.44,16.6,16.4,16.47,36230,462216,False
2025-10-06,SBH26,16.51,16.83,16.48,16.81,52134,463710,False
2025-10-07,SBH26,16.75,16.88,16.39,16.63,62510,464858,False
2025-10-08,SBH26,16.66,16.74,16.26,16.29,49143,461583,False
2025-10-09,SBH26,16.33,16.4,16.16,16.26,40669,462425,False
2025-10-10,SBH26,16.28,16.35,15.97,16.1,43290,462399,False
2025-10-13,SBH26,16.19,16.21,15.53,15.61,93343,468073,False
2025-10-14,SBH26,15.59,15.94,15.36,15.88,84042,469301,False
2025-10-15,SBH26,15.9,15.91,15.53,15.69,48028,468207,False
2025-10-16,SBH26,15.67,15.87,15.58,15.8,47602,468637,False
2025-10-17,SBH26,15.86,15.88,15.45,15.5,40669,470783,False
2025-10-20,SBH26,15.53,15.78,15.51,15.72,41488,469406,False
2025-10-21,SBH26,15.77,15.82,15.1,15.24,73876,468257,False
2025-10-22,SBH26,15.28,15.44,15.03,15.1,52812,468243,False
2025-10-23,SBH26,15.25,15.44,15.18,15.29,62049,470577,False
2025-10-24,SBH26,15.2,15.34,14.93,14.97,56318,469623,False
2025-10-27,SBH26,15.01,15.04,14.34,14.46,84176,466050,False
2025-10-28,SBH26,14.5,14.59,14.28,14.37,65658,466705,False
2025-10-29,SBH26,14.4,14.56,14.21,14.42,61870,464983,False
2025-10-30,SBH26,14.35,14.42,14.07,14.28,68654,468397,False
2025-10-31,SBH26,14.4,14.49,14.2,14.43,62049,475184,False
2025-11-03,SBH26,14.49,14.73,14.36,14.65,71588,478904,False
2025-11-04,SBH26,14.65,14.72,14.13,14.22,60336,479918,False
2025-11-05,SBH26,14.22,14.32,14.05,14.11,50615,479827,False
2025-11-06,SBH26,14.08,14.44,14.04,14.19,53609,483061,False
2025-11-07,SBH26,14.2,14.37,14.07,14.1,46723,483461,False
2025-11-10,SBH26,14.17,14.42,14.08,14.2,55843,484452,False
2025-11-11,SBH26,14.27,14.48,14.17,14.25,36604,488112,False
2025-11-12,SBH26,14.27,14.57,14.18,14.52,49532,486827,False
2025-11-13,SBH26,14.53,14.77,14.37,14.44,38908,485900,False
2025-11-14,SBH26,14.44,15.05,14.35,14.96,80721,480441,False
2025-11-17,SBH26,14.86,14.94,14.65,14.8,53266,480445,False
2025-11-18,SBH26,14.8,14.88,14.63,14.7,50477,474892,False
2025-11-19,SBH26,14.65,15.05,14.62,14.66,62101,470499,False
2025-11-20,SBH26,14.69,14.8,14.58,14.66,39297,472146,False
2025-11-21,SBH26,14.72,14.83,14.56,14.78,38908,475161,False
2025-11-24,SBH26,14.8,14.96,14.7,14.82,38825,474904,False
2025-11-25,SBH26,14.84,14.97,14.79,14.91,41114,475844,False
2025-11-26,SBH26,14.9,15.19,14.86,15.14,65893,473708,False
2025-11-28,SBH26,15.11,15.29,15.08,15.21,51461,469342,False
2025-12-01,SBH26,15.2,15.2,14.73,14.76,82273,468263,False
2025-12-02,SBH26,14.75,15.07,14.72,14.98,52631,467286,False
2025-12-03,SBH26,14.98,15.1,14.86,14.93,48352,461747,False
2025-12-04,SBH26,14.92,15.0,14.78,14.88,33367,459231,False
2025-12-05,SBH26,14.88,15.02,14.73,14.8,50611,457365,False
2025-12-08,SBH26,14.81,14.93,14.72,14.82,37709,454182,False
2025-12-09,SBH26,14.82,14.89,14.52,14.67,72395,454601,False
2025-12-10,SBH26,14.7,15.02,14.66,14.91,68134,453001,False
2025-12-11,SBH26,14.9,14.99,14.82,14.85,29878,446856,False
2025-12-12,SBH26,14.83,15.27,14.83,15.1,65924,444771,False
2025-12-15,SBH26,15.09,15.13,14.78,14.95,51263,447298,False
2025-12-16,SBH26,14.95,15.07,14.78,14.82,41726,445628,False
2025-12-17,SBH26,14.88,14.89,14.72,14.76,34869,445434,False
2025-12-18,SBH26,14.73,14.8,14.38,14.48,54925,444922,False
2025-12-19,SBH26,14.47,14.87,14.45,14.82,47573,442688,False
2025-12-22,SBH26,14.87,15.09,14.83,14.99,45335,439715,False
2025-12-23,SBH26,15.0,15.24,14.96,15.2,56331,434178,False
2025-12-24,SBH26,15.16,15.34,15.16,15.29,38187,427992,False
2025-12-26,SBH26,15.27,15.28,15.08,15.17,24319,423834,False
2025-12-29,SBH26,15.19,15.34,15.11,15.26,40085,419587,False
2025-12-30,SBH26,15.22,15.26,14.8,14.84,63491,417779,False
2025-12-31,SBH26,14.85,15.22,14.8,15.01,48047,416720,False
2026-01-02,SBK26,14.64,14.69,14.26,14.28,17827,193394,True
2026-01-05,SBK26,14.29,14.51,14.29,14.38,25154,191620,False
2026-01-06,SBK26,14.38,14.43,14.28,14.37,22663,193029,False
2026-01-07,SBK26,14.37,14.63,14.31,14.59,26349,193083,False
2026-01-08,SBK26,14.56,14.66,14.51,14.59,35437,192596,False
2026-01-09,SBK26,14.6,14.61,14.41,14.55,35407,189946,False
2026-01-12,SBK26,14.56,14.59,14.37,14.51,28235,189822,False
2026-01-13,SBK26,14.54,14.63,14.42,14.56,32679,193279,False
2026-01-14,SBK26,14.53,14.64,14.31,14.35,34393,198651,False
2026-01-15,SBK26,14.3,14.33,14.07,14.2,29303,198792,False
2026-01-16,SBK26,14.24,14.58,14.23,14.54,30245,197660,False
2026-01-20,SBK26,14.5,14.56,14.31,14.34,24512,197700,False
2026-01-21,SBK26,14.35,14.48,14.28,14.34,20180,199748,False
2026-01-22,SBK26,14.34,14.52,14.31,14.5,28319,205478,False
2026-01-23,SBK26,14.5,14.51,14.29,14.31,25448,207635,False
2026-01-26,SBK26,14.33,14.39,14.24,14.3,35276,209604,False
2026-01-27,SBK26,14.29,14.5,14.26,14.37,30089,212789,False
2026-01-28,SBK26,14.37,14.4,14.23,14.3,27961,218208,False
2026-01-29,SBK26,14.3,14.38,14.2,14.31,34391,213016,False
2026-01-30,SBK26,14.32,14.32,13.76,13.84,41618,220572,False
2026-02-02,SBK26,13.82,13.86,13.66,13.78,49227,237441,False
2026-02-03,SBK26,13.79,14.24,13.75,14.18,54675,246401,False
2026-02-04,SBK26,14.2,14.23,13.98,14.05,46474,257356,False
2026-02-05,SBK26,14.03,14.04,13.78,13.84,41765,270403,False
2026-02-06,SBK26,13.84,13.84,13.67,13.71,88515,307584,False
2026-02-09,SBK26,13.78,14.07,13.75,13.96,143683,357982,False
2026-02-10,SBK26,13.9,13.94,13.72,13.76,150001,394031,False
2026-02-11,SBK26,13.72,13.77,13.48,13.52,148867,422571,False
2026-02-12,SBK26,13.5,13.56,13.34,13.48,149536,448426,False
2026-02-13,SBK26,13.51,13.57,13.42,13.49,91519,463183,False
2026-02-17,SBK26,13.74,13.86,13.46,13.48,103483,467478,False
2026-02-18,SBK26,13.47,13.78,13.47,13.76,89148,465802,False
2026-02-19,SBK26,13.72,13.85,13.62,13.7,58287,466441,False
2026-02-20,SBK26,13.68,14.02,13.61,13.87,89530,473360,False
2026-02-23,SBK26,13.86,14.1,13.78,14.0,72516,479092,False
2026-02-24,SBK26,13.97,14.13,13.93,14.01,71281,478499,False
2026-02-25,SBK26,13.96,14.06,13.88,14.0,54453,484152,False
2026-02-26,SBK26,13.95,14.19,13.93,13.95,77347,494088,False
2026-02-27,SBK26,13.95,13.99,13.78,13.89,58287,502295,False
2026-03-02,SBN26,14.11,14.25,13.88,13.9,46966,202717,True
2026-03-03,SBN26,13.93,14.17,13.89,13.93,41317,201926,False
2026-03-04,SBN26,13.93,14.06,13.75,13.79,58171,203155,False
2026-03-05,SBN26,13.81,13.87,13.67,13.79,41394,210120,False
2026-03-06,SBN26,13.83,14.26,13.75,14.19,59422,213505,False
2026-03-09,SBN26,14.32,14.72,14.31,14.68,86028,209889,False
2026-03-10,SBN26,14.36,14.66,14.28,14.51,68320,213872,False
2026-03-11,SBN26,14.5,14.64,14.34,14.41,52200,207919,False
2026-03-12,SBN26,14.46,14.67,14.29,14.55,48957,206011,False
2026-03-13,SBN26,14.6,14.69,14.5,14.57,37658,207732,False
2026-03-16,SBN26,14.61,14.63,14.36,14.38,36092,206855,False
2026-03-17,SBN26,14.39,14.67,14.38,14.62,45268,206153,False
2026-03-18,SBN26,14.56,14.98,14.53,14.94,58870,211368,False
2026-03-19,SBN26,14.92,15.58,14.92,15.46,91788,215579,False
2026-03-20,SBN26,15.42,15.85,15.36,15.83,71613,216087,False
2026-03-23,SBN26,15.86,15.88,15.55,15.7,79428,213399,False
2026-03-24,SBN26,15.63,16.05,15.58,16.01,59239,212388,False
2026-03-25,SBN26,15.93,15.96,15.46,15.72,62868,217768,False
2026-03-26,SBN26,15.85,16.12,15.69,16.03,62372,217033,False
2026-03-27,SBN26,16.0,16.08,15.86,15.96,55573,228720,False
2026-03-30,SBN26,15.97,16.29,15.74,15.77,61900,231267,False
2026-03-31,SBN26,15.78,15.89,15.36,15.68,59502,227853,False
2026-04-01,SBN26,15.6,15.6,15.21,15.47,53871,228699,False
2026-04-02,SBN26,15.64,15.68,15.12,15.21,54074,226503,False
2026-04-06,SBN26,15.15,15.34,15.07,15.16,25638,232651,False
2026-04-07,SBN26,15.19,15.26,14.78,14.79,69537,238395,False
2026-04-08,SBN26,14.67,14.74,14.41,14.47,127209,260533,False
2026-04-09,SBN26,14.49,14.52,14.1,14.11,146469,294079,False
2026-04-10,SBN26,14.14,14.22,13.84,13.89,176940,324411,False
2026-04-13,SBN26,14.02,14.08,13.82,13.88,162689,357639,False
2026-04-14,SBN26,13.81,14.16,13.77,14.09,170938,388690,False
2026-04-15,SBN26,14.1,14.24,13.68,13.7,96155,404178,False
2026-04-16,SBN26,13.76,13.93,13.72,13.8,87696,424594,False
2026-04-17,SBN26,13.85,13.89,13.39,13.48,101511,438508,False
2026-04-20,SBN26,13.67,13.73,13.42,13.64,85408,447388,False
2026-04-21,SBN26,13.6,13.85,13.51,13.72,82959,458108,False
2026-04-22,SBN26,13.67,13.96,13.67,13.81,70281,467853,False
2026-04-23,SBN26,13.81,13.98,13.73,13.89,57114,472440,False
2026-04-24,SBN26,13.89,14.16,13.87,14.11,88220,473149,False
2026-04-27,SBN26,14.12,14.3,13.95,13.97,83320,475608,False
2026-04-28,SBN26,13.98,14.3,13.98,14.23,93286,483279,False
2026-04-29,SBN26,14.29,14.8,14.25,14.77,139563,493146,False
2026-04-30,SBN26,14.76,14.85,14.49,14.61,103437,485603,False
2026-05-01,SBV26,15.06,15.46,14.88,15.39,41920,204388,True
2026-05-04,SBV26,15.41,15.79,15.32,15.76,36509,208562,False
2026-05-05,SBV26,15.75,15.97,15.69,15.83,58782,208988,False
2026-05-06,SBV26,15.7,15.8,14.95,15.3,59035,211823,False
2026-05-07,SBV26,15.28,15.3,14.86,15.02,40537,214566,False
2026-05-08,SBV26,15.04,15.22,14.92,15.16,28185,217351,False
2026-05-11,SBV26,15.25,15.46,15.07,15.39,30101,223948,False
2026-05-12,SBV26,15.45,15.69,15.3,15.52,45834,228335,False
2026-05-13,SBV26,15.5,15.86,15.45,15.84,41438,231537,False
2026-05-14,SBV26,15.85,15.88,15.41,15.49,29097,232012,False
2026-05-15,SBV26,15.5,15.56,15.17,15.29,25522,232876,False
2026-05-18,SBV26,15.43,15.43,15.06,15.21,25945,235103,False
2026-05-19,SBV26,15.27,15.57,15.17,15.46,31968,235645,False
2026-05-20,SBV26,15.49,15.61,15.17,15.22,31917,238304,False
2026-05-21,SBV26,15.33,15.51,15.28,15.37,34820,240674,False
2026-05-22,SBV26,15.3,15.38,15.06,15.17,21307,241240,False
2026-05-26,SBV26,15.05,15.11,14.9,15.0,27725,242131,False
2026-05-27,SBV26,14.95,14.95,14.58,14.6,47925,243562,False
2026-05-28,SBV26,14.65,14.66,14.33,14.41,41332,248945,False
2026-05-29,SBV26,14.41,14.82,14.38,14.54,41787,257598,False
2026-06-01,SBV26,14.65,15.07,14.62,14.94,42656,261134,False
2026-06-02,SBV26,14.9,14.97,14.75,14.9,46342,268446,False
2026-06-03,SBV26,14.92,15.14,14.71,14.75,55079,280327,False
2026-06-04,SBV26,14.74,14.93,14.62,14.73,61427,290778,False
2026-06-05,SBV26,14.71,14.94,14.59,14.63,94820,312553,False
2026-06-08,SBV26,14.71,14.82,14.58,14.61,146996,349531,False
2026-06-09,SBV26,14.64,14.67,14.42,14.52,121119,386776,False
2026-06-10,SBV26,14.54,14.54,14.3,14.39,139475,416479,False
2026-06-11,SBV26,14.38,14.5,14.27,14.34,133247,443287,False
2026-06-12,SBV26,14.32,14.5,14.22,14.23,75211,453090,False
2026-06-15,SBV26,14.21,14.4,14.07,14.19,101033,463341,False
2026-06-16,SBV26,14.19,14.35,14.04,14.31,75528,474177,False
2026-06-17,SBV26,14.31,14.49,14.21,14.37,81273,480370,False
2026-06-18,SBV26,14.36,14.5,14.1,14.13,74777,479514,False
2026-06-22,SBV26,14.13,14.23,13.74,13.84,122247,483649,False
2026-06-23,SBV26,13.84,14.03,13.75,13.95,97029,491395,False
2026-06-24,SBV26,13.93,14.09,13.81,14.02,92041,498945,False
2026-06-25,SBV26,13.97,14.18,13.86,14.1,98724,507492,False
2026-06-26,SBV26,14.12,14.68,14.02,14.51,128258,515529,False
2026-06-29,SBV26,14.64,14.9,14.48,14.78,105975,515011,False
2026-06-30,SBV26,14.78,14.94,14.77,14.82,63708,513760,False
2026-07-01,SBV26,14.88,15.25,14.84,14.99,96075,509701,False
2026-07-02,SBV26,15.0,15.17,14.81,14.85,74421,506110,False
2026-07-06,SBV26,14.85,15.24,14.69,15.22,91581,510596,False
2026-07-07,SBV26,15.17,15.29,15.05,15.14,81164,512028,False
2026-07-08,SBV26,15.14,15.39,15.08,15.11,78646,504398,False
2026-07-09,SBV26,15.06,15.2,14.89,15.12,54813,497511,False
2026-07-10,SBV26,15.14,15.14,14.71,14.88,70711,494626,False
2026-07-13,SBV26,14.89,14.98,14.62,14.75,61996,490650,False
2026-07-14,SBV26,14.79,15.0,14.67,14.88,60035,488856,False
2026-07-15,SBV26,14.91,14.99,14.71,14.85,41145,487197,False
2026-07-16,SBV26,14.86,14.86,14.37,14.44,78616,488304,False
2026-07-17,SBV26,14.45,14.94,14.39,14.83,62013,488860,False
2026-07-20,SBV26,14.9,14.94,14.73,14.82,46963,487492,False
2026-07-21,SBV26,14.79,14.97,14.76,14.88,45002,490089,False
2026-07-22,SBV26,14.88,14.94,14.67,14.74,44823,493021,False
2026-07-23,SBV26,14.76,14.9,14.65,14.69,42689,495062,False
2026-07-24,SBV26,14.69,14.79,14.54,14.77,45966,500970,False
2026-07-27,SBV26,14.74,14.75,14.54,14.58,39839,498152,False
2026-07-28,SBV26,14.58,14.7,14.5,14.55,41218,497838,False
2026-07-29,SBV26,14.61,14.79,14.49,14.5,51871,499600,False
2026-07-30,SBV26,14.52,14.63,14.37,14.43,68965,499693,False
2026-07-31,SBV26,14.43,14.78,14.38,14.66,69242,498683,False
2026-08-03,SBH27,15.5,15.93,15.49,15.91,39089,301584,True
2026-08-04,SBH27,15.92,16.22,15.9,15.98,44367,304184,False
2026-08-05,SBH27,16.0,16.21,15.99,16.1,46390,308072,False
2026-08-06,SBH27,16.13,16.54,15.94,16.49,65422,315046,False
2026-08-07,SBH27,16.46,17.38,16.39,17.33,105625,314072,False
2026-08-10,SBH27,17.33,17.53,17.21,17.44,87130,317463,False
2026-08-11,SBH27,17.46,17.73,17.31,17.71,95182,321276,False
2026-08-12,SBH27,17.7,18.04,17.23,17.44,109838,333130,False
2026-08-13,SBH27,17.38,17.82,17.28,17.81,65733,343273,False
2026-08-14,SBH27,17.74,17.83,17.52,17.62,32744,344952,False
2026-08-17,SBH27,17.6,17.97,17.5,17.89,46446,352370,False
2026-08-18,SBH27,17.95,18.53,17.9,18.46,107694,364674,False
2026-08-19,SBH27,18.49,18.64,18.32,18.55,54360,373031,False
2026-08-20,SBH27,18.55,19.17,18.42,18.5,116109,373902,False
2026-08-21,SBH27,18.49,18.78,18.09,18.53,75306,380847,False
2026-08-24,SBH27,18.5,18.62,17.98,18.59,52803,386987,False
2026-08-25,SBH27,18.57,18.7,18.12,18.27,56562,391702,False
2026-08-26,SBH27,18.2,18.78,18.13,18.58,60110,0,False
