safra,quinzena,date,estado,regiao,moagem_t
2010/2011,1ª Abr,2010-04-16,ES,DEMAIS ESTADOS,89415
2010/2011,1ª Abr,2010-04-16,GO,DEMAIS ESTADOS,981171
2010/2011,1ª Abr,2010-04-16,MG,DEMAIS ESTADOS,1680580
2010/2011,1ª Abr,2010-04-16,MS,DEMAIS ESTADOS,1570738
2010/2011,1ª Abr,2010-04-16,MT,DEMAIS ESTADOS,376391
2010/2011,1ª Abr,2010-04-16,PR,DEMAIS ESTADOS,1901707
2010/2011,1ª Abr,2010-04-16,SP,SÃO PAULO,14195434
2010/2011,2ª Abr,2010-05-01,ES,DEMAIS ESTADOS,99293
2010/2011,2ª Abr,2010-05-01,GO,DEMAIS ESTADOS,2183082
2010/2011,2ª Abr,2010-05-01,MG,DEMAIS ESTADOS,2796788
2010/2011,2ª Abr,2010-05-01,MS,DEMAIS ESTADOS,1272834
2010/2011,2ª Abr,2010-05-01,MT,DEMAIS ESTADOS,765419
2010/2011,2ª Abr,2010-05-01,PR,DEMAIS ESTADOS,2018109
2010/2011,2ª Abr,2010-05-01,SP,SÃO PAULO,21668451
2010/2011,1ª Mai,2010-05-16,ES,DEMAIS ESTADOS,103212
2010/2011,1ª Mai,2010-05-16,GO,DEMAIS ESTADOS,2965639
2010/2011,1ª Mai,2010-05-16,MG,DEMAIS ESTADOS,3250715
2010/2011,1ª Mai,2010-05-16,MS,DEMAIS ESTADOS,1522433
2010/2011,1ª Mai,2010-05-16,MT,DEMAIS ESTADOS,866466
2010/2011,1ª Mai,2010-05-16,PR,DEMAIS ESTADOS,2744816
2010/2011,1ª Mai,2010-05-16,RJ,DEMAIS ESTADOS,32241
2010/2011,1ª Mai,2010-05-16,SP,SÃO PAULO,23640924
2010/2011,2ª Mai,2010-06-01,ES,DEMAIS ESTADOS,190387
2010/2011,2ª Mai,2010-06-01,GO,DEMAIS ESTADOS,3674317
2010/2011,2ª Mai,2010-06-01,MG,DEMAIS ESTADOS,4042566
2010/2011,2ª Mai,2010-06-01,MS,DEMAIS ESTADOS,1511499
2010/2011,2ª Mai,2010-06-01,MT,DEMAIS ESTADOS,1007691
2010/2011,2ª Mai,2010-06-01,PR,DEMAIS ESTADOS,2302348
2010/2011,2ª Mai,2010-06-01,RJ,DEMAIS ESTADOS,112719
2010/2011,2ª Mai,2010-06-01,SP,SÃO PAULO,27664994
2010/2011,1ª Jun,2010-06-16,ES,DEMAIS ESTADOS,270238
2010/2011,1ª Jun,2010-06-16,GO,DEMAIS ESTADOS,3588449
2010/2011,1ª Jun,2010-06-16,MG,DEMAIS ESTADOS,3911433
2010/2011,1ª Jun,2010-06-16,MS,DEMAIS ESTADOS,2292211
2010/2011,1ª Jun,2010-06-16,MT,DEMAIS ESTADOS,1058179
2010/2011,1ª Jun,2010-06-16,PR,DEMAIS ESTADOS,2922963
2010/2011,1ª Jun,2010-06-16,RJ,DEMAIS ESTADOS,131582
2010/2011,1ª Jun,2010-06-16,RS,DEMAIS ESTADOS,8618
2010/2011,1ª Jun,2010-06-16,SP,SÃO PAULO,25583121
2010/2011,2ª Jun,2010-07-01,ES,DEMAIS ESTADOS,278126
2010/2011,2ª Jun,2010-07-01,GO,DEMAIS ESTADOS,3608023
2010/2011,2ª Jun,2010-07-01,MG,DEMAIS ESTADOS,4159743
2010/2011,2ª Jun,2010-07-01,MS,DEMAIS ESTADOS,2579563
2010/2011,2ª Jun,2010-07-01,MT,DEMAIS ESTADOS,986798
2010/2011,2ª Jun,2010-07-01,PR,DEMAIS ESTADOS,3086178
2010/2011,2ª Jun,2010-07-01,RJ,DEMAIS ESTADOS,140421
2010/2011,2ª Jun,2010-07-01,RS,DEMAIS ESTADOS,3963
2010/2011,2ª Jun,2010-07-01,SP,SÃO PAULO,26940293
2010/2011,1ª Jul,2010-07-16,ES,DEMAIS ESTADOS,278228
2010/2011,1ª Jul,2010-07-16,GO,DEMAIS ESTADOS,3772963
2010/2011,1ª Jul,2010-07-16,MG,DEMAIS ESTADOS,4109489
2010/2011,1ª Jul,2010-07-16,MS,DEMAIS ESTADOS,2248703
2010/2011,1ª Jul,2010-07-16,MT,DEMAIS ESTADOS,1028393
2010/2011,1ª Jul,2010-07-16,PR,DEMAIS ESTADOS,2918666
2010/2011,1ª Jul,2010-07-16,RJ,DEMAIS ESTADOS,136782
2010/2011,1ª Jul,2010-07-16,RS,DEMAIS ESTADOS,7067
2010/2011,1ª Jul,2010-07-16,SP,SÃO PAULO,24427141
2010/2011,2ª Jul,2010-08-01,ES,DEMAIS ESTADOS,280327
2010/2011,2ª Jul,2010-08-01,GO,DEMAIS ESTADOS,3898654
2010/2011,2ª Jul,2010-08-01,MG,DEMAIS ESTADOS,4412221
2010/2011,2ª Jul,2010-08-01,MS,DEMAIS ESTADOS,2058551
2010/2011,2ª Jul,2010-08-01,MT,DEMAIS ESTADOS,1119596
2010/2011,2ª Jul,2010-08-01,PR,DEMAIS ESTADOS,3111239
2010/2011,2ª Jul,2010-08-01,RJ,DEMAIS ESTADOS,136661
2010/2011,2ª Jul,2010-08-01,RS,DEMAIS ESTADOS,7991
2010/2011,2ª Jul,2010-08-01,SP,SÃO PAULO,28169496
2010/2011,1ª Ago,2010-08-16,ES,DEMAIS ESTADOS,301389
2010/2011,1ª Ago,2010-08-16,GO,DEMAIS ESTADOS,3598128
2010/2011,1ª Ago,2010-08-16,MG,DEMAIS ESTADOS,4035007
2010/2011,1ª Ago,2010-08-16,MS,DEMAIS ESTADOS,2442852
2010/2011,1ª Ago,2010-08-16,MT,DEMAIS ESTADOS,1050915
2010/2011,1ª Ago,2010-08-16,PR,DEMAIS ESTADOS,2902148
2010/2011,1ª Ago,2010-08-16,RJ,DEMAIS ESTADOS,134846
2010/2011,1ª Ago,2010-08-16,SP,SÃO PAULO,25768504
2010/2011,2ª Ago,2010-09-01,ES,DEMAIS ESTADOS,304720
2010/2011,2ª Ago,2010-09-01,GO,DEMAIS ESTADOS,3712483
2010/2011,2ª Ago,2010-09-01,MG,DEMAIS ESTADOS,4252159
2010/2011,2ª Ago,2010-09-01,MS,DEMAIS ESTADOS,2645811
2010/2011,2ª Ago,2010-09-01,MT,DEMAIS ESTADOS,1049378
2010/2011,2ª Ago,2010-09-01,PR,DEMAIS ESTADOS,3648127
2010/2011,2ª Ago,2010-09-01,RJ,DEMAIS ESTADOS,140351
2010/2011,2ª Ago,2010-09-01,RS,DEMAIS ESTADOS,17271
2010/2011,2ª Ago,2010-09-01,SP,SÃO PAULO,26297143
2010/2011,1ª Set,2010-09-16,ES,DEMAIS ESTADOS,283613
2010/2011,1ª Set,2010-09-16,GO,DEMAIS ESTADOS,3167730
2010/2011,1ª Set,2010-09-16,MG,DEMAIS ESTADOS,3776139
2010/2011,1ª Set,2010-09-16,MS,DEMAIS ESTADOS,2106473
2010/2011,1ª Set,2010-09-16,MT,DEMAIS ESTADOS,993940
2010/2011,1ª Set,2010-09-16,PR,DEMAIS ESTADOS,3067930
2010/2011,1ª Set,2010-09-16,RJ,DEMAIS ESTADOS,428031
2010/2011,1ª Set,2010-09-16,RS,DEMAIS ESTADOS,3711
2010/2011,1ª Set,2010-09-16,SP,SÃO PAULO,23676697
2010/2011,2ª Set,2010-10-01,ES,DEMAIS ESTADOS,235211
2010/2011,2ª Set,2010-10-01,GO,DEMAIS ESTADOS,3008364
2010/2011,2ª Set,2010-10-01,MG,DEMAIS ESTADOS,2998838
2010/2011,2ª Set,2010-10-01,MS,DEMAIS ESTADOS,1394663
2010/2011,2ª Set,2010-10-01,MT,DEMAIS ESTADOS,938276
2010/2011,2ª Set,2010-10-01,PR,DEMAIS ESTADOS,2035754
2010/2011,2ª Set,2010-10-01,RJ,DEMAIS ESTADOS,170930
2010/2011,2ª Set,2010-10-01,RS,DEMAIS ESTADOS,6876
2010/2011,2ª Set,2010-10-01,SP,SÃO PAULO,16439265
2010/2011,1ª Out,2010-10-16,ES,DEMAIS ESTADOS,240546
2010/2011,1ª Out,2010-10-16,GO,DEMAIS ESTADOS,2350395
2010/2011,1ª Out,2010-10-16,MG,DEMAIS ESTADOS,2460401
2010/2011,1ª Out,2010-10-16,MS,DEMAIS ESTADOS,1559656
2010/2011,1ª Out,2010-10-16,MT,DEMAIS ESTADOS,773536
2010/2011,1ª Out,2010-10-16,PR,DEMAIS ESTADOS,2037574
2010/2011,1ª Out,2010-10-16,RJ,DEMAIS ESTADOS,146032
2010/2011,1ª Out,2010-10-16,RS,DEMAIS ESTADOS,7681
2010/2011,1ª Out,2010-10-16,SP,SÃO PAULO,16651855
2010/2011,2ª Out,2010-11-01,ES,DEMAIS ESTADOS,190311
2010/2011,2ª Out,2010-11-01,GO,DEMAIS ESTADOS,2184128
2010/2011,2ª Out,2010-11-01,MG,DEMAIS ESTADOS,2957030
2010/2011,2ª Out,2010-11-01,MS,DEMAIS ESTADOS,1890654
2010/2011,2ª Out,2010-11-01,MT,DEMAIS ESTADOS,564911
2010/2011,2ª Out,2010-11-01,PR,DEMAIS ESTADOS,2275554
2010/2011,2ª Out,2010-11-01,RJ,DEMAIS ESTADOS,134017
2010/2011,2ª Out,2010-11-01,RS,DEMAIS ESTADOS,8912
2010/2011,2ª Out,2010-11-01,SP,SÃO PAULO,19915800
2010/2011,1ª Nov,2010-11-16,ES,DEMAIS ESTADOS,124773
2010/2011,1ª Nov,2010-11-16,GO,DEMAIS ESTADOS,1514390
2010/2011,1ª Nov,2010-11-16,MG,DEMAIS ESTADOS,1856994
2010/2011,1ª Nov,2010-11-16,MS,DEMAIS ESTADOS,1893961
2010/2011,1ª Nov,2010-11-16,MT,DEMAIS ESTADOS,352166
2010/2011,1ª Nov,2010-11-16,PR,DEMAIS ESTADOS,2369049
2010/2011,1ª Nov,2010-11-16,RJ,DEMAIS ESTADOS,79750
2010/2011,1ª Nov,2010-11-16,RS,DEMAIS ESTADOS,5188
2010/2011,1ª Nov,2010-11-16,SP,SÃO PAULO,16188734
2010/2011,2ª Nov,2010-12-01,ES,DEMAIS ESTADOS,75561
2010/2011,2ª Nov,2010-12-01,GO,DEMAIS ESTADOS,1224582
2010/2011,2ª Nov,2010-12-01,MG,DEMAIS ESTADOS,1576486
2010/2011,2ª Nov,2010-12-01,MS,DEMAIS ESTADOS,1524899
2010/2011,2ª Nov,2010-12-01,MT,DEMAIS ESTADOS,369714
2010/2011,2ª Nov,2010-12-01,PR,DEMAIS ESTADOS,1958428
2010/2011,2ª Nov,2010-12-01,RJ,DEMAIS ESTADOS,89975
2010/2011,2ª Nov,2010-12-01,RS,DEMAIS ESTADOS,4502
2010/2011,2ª Nov,2010-12-01,SP,SÃO PAULO,11683223
2010/2011,1ª Dez,2010-12-16,ES,DEMAIS ESTADOS,75627
2010/2011,1ª Dez,2010-12-16,GO,DEMAIS ESTADOS,573323
2010/2011,1ª Dez,2010-12-16,MG,DEMAIS ESTADOS,1260911
2010/2011,1ª Dez,2010-12-16,MS,DEMAIS ESTADOS,1406017
2010/2011,1ª Dez,2010-12-16,MT,DEMAIS ESTADOS,251801
2010/2011,1ª Dez,2010-12-16,PR,DEMAIS ESTADOS,617634
2010/2011,1ª Dez,2010-12-16,RJ,DEMAIS ESTADOS,56995
2010/2011,1ª Dez,2010-12-16,SP,SÃO PAULO,4548205
2010/2011,2ª Dez,2011-01-01,ES,DEMAIS ESTADOS,75101
2010/2011,2ª Dez,2011-01-01,GO,DEMAIS ESTADOS,64541
2010/2011,2ª Dez,2011-01-01,MG,DEMAIS ESTADOS,260842
2010/2011,2ª Dez,2011-01-01,MS,DEMAIS ESTADOS,811260
2010/2011,2ª Dez,2011-01-01,MT,DEMAIS ESTADOS,31967
2010/2011,2ª Dez,2011-01-01,PR,DEMAIS ESTADOS,153143
2010/2011,2ª Dez,2011-01-01,RJ,DEMAIS ESTADOS,21390
2010/2011,2ª Dez,2011-01-01,SP,SÃO PAULO,1057979
2010/2011,1ª Jan,2011-01-16,ES,DEMAIS ESTADOS,28739
2010/2011,1ª Jan,2011-01-16,MG,DEMAIS ESTADOS,57524
2010/2011,1ª Jan,2011-01-16,MS,DEMAIS ESTADOS,182332
2010/2011,1ª Jan,2011-01-16,PR,DEMAIS ESTADOS,38101
2010/2011,1ª Jan,2011-01-16,SP,SÃO PAULO,259789
2010/2011,2ª Jan,2011-02-01,MG,DEMAIS ESTADOS,140755
2010/2011,2ª Jan,2011-02-01,MS,DEMAIS ESTADOS,73692
2010/2011,2ª Jan,2011-02-01,PR,DEMAIS ESTADOS,27699
2010/2011,2ª Jan,2011-02-01,SP,SÃO PAULO,34788
2010/2011,1ª Fev,2011-02-16,MG,DEMAIS ESTADOS,151002
2010/2011,1ª Fev,2011-02-16,MS,DEMAIS ESTADOS,33216
2010/2011,1ª Fev,2011-02-16,PR,DEMAIS ESTADOS,19085
2010/2011,1ª Fev,2011-02-16,SP,SÃO PAULO,39731
2010/2011,2ª Fev,2011-03-01,MG,DEMAIS ESTADOS,101784
2010/2011,2ª Fev,2011-03-01,MS,DEMAIS ESTADOS,24353
2010/2011,2ª Fev,2011-03-01,PR,DEMAIS ESTADOS,5855
2010/2011,2ª Fev,2011-03-01,SP,SÃO PAULO,66161
2010/2011,1ª Mar,2011-03-16,GO,DEMAIS ESTADOS,10
2010/2011,1ª Mar,2011-03-16,MG,DEMAIS ESTADOS,455
2010/2011,1ª Mar,2011-03-16,MS,DEMAIS ESTADOS,5264
2010/2011,1ª Mar,2011-03-16,PR,DEMAIS ESTADOS,142268
2010/2011,1ª Mar,2011-03-16,SP,SÃO PAULO,110327
2010/2011,2ª Mar,2011-04-01,GO,DEMAIS ESTADOS,22629
2010/2011,2ª Mar,2011-04-01,MG,DEMAIS ESTADOS,58760
2010/2011,2ª Mar,2011-04-01,MS,DEMAIS ESTADOS,267030
2010/2011,2ª Mar,2011-04-01,PR,DEMAIS ESTADOS,603646
2010/2011,2ª Mar,2011-04-01,SP,SÃO PAULO,855214
2011/2012,1ª Abr,2011-04-16,GO,DEMAIS ESTADOS,496961
2011/2012,1ª Abr,2011-04-16,MG,DEMAIS ESTADOS,146432
2011/2012,1ª Abr,2011-04-16,MS,DEMAIS ESTADOS,651141
2011/2012,1ª Abr,2011-04-16,MT,DEMAIS ESTADOS,178641
2011/2012,1ª Abr,2011-04-16,PR,DEMAIS ESTADOS,999660
2011/2012,1ª Abr,2011-04-16,SP,SÃO PAULO,2721392
2011/2012,2ª Abr,2011-05-01,ES,DEMAIS ESTADOS,97738
2011/2012,2ª Abr,2011-05-01,GO,DEMAIS ESTADOS,1361069
2011/2012,2ª Abr,2011-05-01,MG,DEMAIS ESTADOS,972740
2011/2012,2ª Abr,2011-05-01,MS,DEMAIS ESTADOS,1453063
2011/2012,2ª Abr,2011-05-01,MT,DEMAIS ESTADOS,561191
2011/2012,2ª Abr,2011-05-01,PR,DEMAIS ESTADOS,1825697
2011/2012,2ª Abr,2011-05-01,SP,SÃO PAULO,10742689
2011/2012,1ª Mai,2011-05-16,ES,DEMAIS ESTADOS,188596
2011/2012,1ª Mai,2011-05-16,GO,DEMAIS ESTADOS,2887520
2011/2012,1ª Mai,2011-05-16,MG,DEMAIS ESTADOS,2846694
2011/2012,1ª Mai,2011-05-16,MS,DEMAIS ESTADOS,2034685
2011/2012,1ª Mai,2011-05-16,MT,DEMAIS ESTADOS,781472
2011/2012,1ª Mai,2011-05-16,PR,DEMAIS ESTADOS,2802049
2011/2012,1ª Mai,2011-05-16,SP,SÃO PAULO,21671528
2011/2012,2ª Mai,2011-06-01,ES,DEMAIS ESTADOS,215848
2011/2012,2ª Mai,2011-06-01,GO,DEMAIS ESTADOS,3843037
2011/2012,2ª Mai,2011-06-01,MG,DEMAIS ESTADOS,3994283
2011/2012,2ª Mai,2011-06-01,MS,DEMAIS ESTADOS,2800334
2011/2012,2ª Mai,2011-06-01,MT,DEMAIS ESTADOS,1074448
2011/2012,2ª Mai,2011-06-01,PR,DEMAIS ESTADOS,3508387
2011/2012,2ª Mai,2011-06-01,RJ,DEMAIS ESTADOS,27173
2011/2012,2ª Mai,2011-06-01,SP,SÃO PAULO,27771413
2011/2012,1ª Jun,2011-06-16,ES,DEMAIS ESTADOS,240485
2011/2012,1ª Jun,2011-06-16,GO,DEMAIS ESTADOS,3567088
2011/2012,1ª Jun,2011-06-16,MG,DEMAIS ESTADOS,3635731
2011/2012,1ª Jun,2011-06-16,MS,DEMAIS ESTADOS,2130359
2011/2012,1ª Jun,2011-06-16,MT,DEMAIS ESTADOS,1055980
2011/2012,1ª Jun,2011-06-16,PR,DEMAIS ESTADOS,2451301
2011/2012,1ª Jun,2011-06-16,RJ,DEMAIS ESTADOS,41098
2011/2012,1ª Jun,2011-06-16,SP,SÃO PAULO,21871027
2011/2012,2ª Jun,2011-07-01,ES,DEMAIS ESTADOS,292197
2011/2012,2ª Jun,2011-07-01,GO,DEMAIS ESTADOS,3975326
2011/2012,2ª Jun,2011-07-01,MG,DEMAIS ESTADOS,4251168
2011/2012,2ª Jun,2011-07-01,MS,DEMAIS ESTADOS,2633777
2011/2012,2ª Jun,2011-07-01,MT,DEMAIS ESTADOS,1192506
2011/2012,2ª Jun,2011-07-01,PR,DEMAIS ESTADOS,2979594
2011/2012,2ª Jun,2011-07-01,RJ,DEMAIS ESTADOS,222894
2011/2012,2ª Jun,2011-07-01,SP,SÃO PAULO,26703925
2011/2012,1ª Jul,2011-07-16,ES,DEMAIS ESTADOS,305190
2011/2012,1ª Jul,2011-07-16,GO,DEMAIS ESTADOS,3981151
2011/2012,1ª Jul,2011-07-16,MG,DEMAIS ESTADOS,4172560
2011/2012,1ª Jul,2011-07-16,MS,DEMAIS ESTADOS,1997528
2011/2012,1ª Jul,2011-07-16,MT,DEMAIS ESTADOS,1207024
2011/2012,1ª Jul,2011-07-16,PR,DEMAIS ESTADOS,2569091
2011/2012,1ª Jul,2011-07-16,RJ,DEMAIS ESTADOS,215868
2011/2012,1ª Jul,2011-07-16,SP,SÃO PAULO,26134845
2011/2012,2ª Jul,2011-08-01,ES,DEMAIS ESTADOS,350238
2011/2012,2ª Jul,2011-08-01,GO,DEMAIS ESTADOS,4132382
2011/2012,2ª Jul,2011-08-01,MG,DEMAIS ESTADOS,4375549
2011/2012,2ª Jul,2011-08-01,MS,DEMAIS ESTADOS,1982247
2011/2012,2ª Jul,2011-08-01,MT,DEMAIS ESTADOS,1222798
2011/2012,2ª Jul,2011-08-01,PR,DEMAIS ESTADOS,2259818
2011/2012,2ª Jul,2011-08-01,RJ,DEMAIS ESTADOS,224921
2011/2012,2ª Jul,2011-08-01,RS,DEMAIS ESTADOS,17627
2011/2012,2ª Jul,2011-08-01,SP,SÃO PAULO,27200543
2011/2012,1ª Ago,2011-08-16,ES,DEMAIS ESTADOS,288462
2011/2012,1ª Ago,2011-08-16,GO,DEMAIS ESTADOS,3750440
2011/2012,1ª Ago,2011-08-16,MG,DEMAIS ESTADOS,3995531
2011/2012,1ª Ago,2011-08-16,MS,DEMAIS ESTADOS,2442232
2011/2012,1ª Ago,2011-08-16,MT,DEMAIS ESTADOS,1218340
2011/2012,1ª Ago,2011-08-16,PR,DEMAIS ESTADOS,2783097
2011/2012,1ª Ago,2011-08-16,RJ,DEMAIS ESTADOS,222932
2011/2012,1ª Ago,2011-08-16,RS,DEMAIS ESTADOS,9943
2011/2012,1ª Ago,2011-08-16,SP,SÃO PAULO,24033676
2011/2012,2ª Ago,2011-09-01,ES,DEMAIS ESTADOS,321004
2011/2012,2ª Ago,2011-09-01,GO,DEMAIS ESTADOS,3820385
2011/2012,2ª Ago,2011-09-01,MG,DEMAIS ESTADOS,4321026
2011/2012,2ª Ago,2011-09-01,MS,DEMAIS ESTADOS,2701435
2011/2012,2ª Ago,2011-09-01,MT,DEMAIS ESTADOS,1197968
2011/2012,2ª Ago,2011-09-01,PR,DEMAIS ESTADOS,3014606
2011/2012,2ª Ago,2011-09-01,RJ,DEMAIS ESTADOS,213333
2011/2012,2ª Ago,2011-09-01,RS,DEMAIS ESTADOS,19696
2011/2012,2ª Ago,2011-09-01,SP,SÃO PAULO,25106265
2011/2012,1ª Set,2011-09-16,ES,DEMAIS ESTADOS,300109
2011/2012,1ª Set,2011-09-16,GO,DEMAIS ESTADOS,3399210
2011/2012,1ª Set,2011-09-16,MG,DEMAIS ESTADOS,3821144
2011/2012,1ª Set,2011-09-16,MS,DEMAIS ESTADOS,2232926
2011/2012,1ª Set,2011-09-16,MT,DEMAIS ESTADOS,1036584
2011/2012,1ª Set,2011-09-16,PR,DEMAIS ESTADOS,2980001
2011/2012,1ª Set,2011-09-16,RJ,DEMAIS ESTADOS,199831
2011/2012,1ª Set,2011-09-16,SP,SÃO PAULO,23238046
2011/2012,2ª Set,2011-10-01,ES,DEMAIS ESTADOS,269977
2011/2012,2ª Set,2011-10-01,GO,DEMAIS ESTADOS,3193067
2011/2012,2ª Set,2011-10-01,MG,DEMAIS ESTADOS,3693931
2011/2012,2ª Set,2011-10-01,MS,DEMAIS ESTADOS,2468103
2011/2012,2ª Set,2011-10-01,MT,DEMAIS ESTADOS,995258
2011/2012,2ª Set,2011-10-01,PR,DEMAIS ESTADOS,3042240
2011/2012,2ª Set,2011-10-01,RJ,DEMAIS ESTADOS,194433
2011/2012,2ª Set,2011-10-01,RS,DEMAIS ESTADOS,8264
2011/2012,2ª Set,2011-10-01,SP,SÃO PAULO,23007849
2011/2012,1ª Out,2011-10-16,ES,DEMAIS ESTADOS,223993
2011/2012,1ª Out,2011-10-16,GO,DEMAIS ESTADOS,2556541
2011/2012,1ª Out,2011-10-16,MG,DEMAIS ESTADOS,2665888
2011/2012,1ª Out,2011-10-16,MS,DEMAIS ESTADOS,1476128
2011/2012,1ª Out,2011-10-16,MT,DEMAIS ESTADOS,673523
2011/2012,1ª Out,2011-10-16,PR,DEMAIS ESTADOS,1677641
2011/2012,1ª Out,2011-10-16,RJ,DEMAIS ESTADOS,187960
2011/2012,1ª Out,2011-10-16,RS,DEMAIS ESTADOS,6942
2011/2012,1ª Out,2011-10-16,SP,SÃO PAULO,13969339
2011/2012,2ª Out,2011-11-01,ES,DEMAIS ESTADOS,160743
2011/2012,2ª Out,2011-11-01,GO,DEMAIS ESTADOS,2074672
2011/2012,2ª Out,2011-11-01,MG,DEMAIS ESTADOS,2590084
2011/2012,2ª Out,2011-11-01,MS,DEMAIS ESTADOS,1797411
2011/2012,2ª Out,2011-11-01,MT,DEMAIS ESTADOS,390385
2011/2012,2ª Out,2011-11-01,PR,DEMAIS ESTADOS,2182252
2011/2012,2ª Out,2011-11-01,RJ,DEMAIS ESTADOS,141182
2011/2012,2ª Out,2011-11-01,RS,DEMAIS ESTADOS,8641
2011/2012,2ª Out,2011-11-01,SP,SÃO PAULO,13785163
2011/2012,1ª Nov,2011-11-16,ES,DEMAIS ESTADOS,229427
2011/2012,1ª Nov,2011-11-16,GO,DEMAIS ESTADOS,1435552
2011/2012,1ª Nov,2011-11-16,MG,DEMAIS ESTADOS,2341670
2011/2012,1ª Nov,2011-11-16,MS,DEMAIS ESTADOS,1550703
2011/2012,1ª Nov,2011-11-16,MT,DEMAIS ESTADOS,230624
2011/2012,1ª Nov,2011-11-16,PR,DEMAIS ESTADOS,2101898
2011/2012,1ª Nov,2011-11-16,RJ,DEMAIS ESTADOS,132823
2011/2012,1ª Nov,2011-11-16,RS,DEMAIS ESTADOS,8309
2011/2012,1ª Nov,2011-11-16,SP,SÃO PAULO,10562075
2011/2012,2ª Nov,2011-12-01,ES,DEMAIS ESTADOS,79624
2011/2012,2ª Nov,2011-12-01,GO,DEMAIS ESTADOS,680960
2011/2012,2ª Nov,2011-12-01,MG,DEMAIS ESTADOS,835040
2011/2012,2ª Nov,2011-12-01,MS,DEMAIS ESTADOS,1561248
2011/2012,2ª Nov,2011-12-01,MT,DEMAIS ESTADOS,104528
2011/2012,2ª Nov,2011-12-01,PR,DEMAIS ESTADOS,1621973
2011/2012,2ª Nov,2011-12-01,RJ,DEMAIS ESTADOS,82431
2011/2012,2ª Nov,2011-12-01,RS,DEMAIS ESTADOS,6553
2011/2012,2ª Nov,2011-12-01,SP,SÃO PAULO,4252312
2011/2012,1ª Dez,2011-12-16,ES,DEMAIS ESTADOS,79216
2011/2012,1ª Dez,2011-12-16,GO,DEMAIS ESTADOS,42075
2011/2012,1ª Dez,2011-12-16,MG,DEMAIS ESTADOS,247823
2011/2012,1ª Dez,2011-12-16,MS,DEMAIS ESTADOS,957842
2011/2012,1ª Dez,2011-12-16,PR,DEMAIS ESTADOS,694048
2011/2012,1ª Dez,2011-12-16,RJ,DEMAIS ESTADOS,50777
2011/2012,1ª Dez,2011-12-16,RS,DEMAIS ESTADOS,6647
2011/2012,1ª Dez,2011-12-16,SP,SÃO PAULO,661424
2011/2012,2ª Dez,2012-01-01,ES,DEMAIS ESTADOS,122385
2011/2012,2ª Dez,2012-01-01,MG,DEMAIS ESTADOS,157893
2011/2012,2ª Dez,2012-01-01,MS,DEMAIS ESTADOS,339535
2011/2012,2ª Dez,2012-01-01,MT,DEMAIS ESTADOS,10680
2011/2012,2ª Dez,2012-01-01,PR,DEMAIS ESTADOS,229857
2011/2012,2ª Dez,2012-01-01,RJ,DEMAIS ESTADOS,16094
2011/2012,2ª Dez,2012-01-01,RS,DEMAIS ESTADOS,2432
2011/2012,2ª Dez,2012-01-01,SP,SÃO PAULO,41013
2011/2012,1ª Jan,2012-01-16,ES,DEMAIS ESTADOS,96551
2011/2012,1ª Jan,2012-01-16,MG,DEMAIS ESTADOS,109679
2011/2012,1ª Jan,2012-01-16,MS,DEMAIS ESTADOS,205443
2011/2012,1ª Jan,2012-01-16,MT,DEMAIS ESTADOS,2100
2011/2012,1ª Jan,2012-01-16,PR,DEMAIS ESTADOS,47514
2011/2012,2ª Jan,2012-02-01,ES,DEMAIS ESTADOS,152671
2011/2012,2ª Jan,2012-02-01,MG,DEMAIS ESTADOS,152974
2011/2012,2ª Jan,2012-02-01,MS,DEMAIS ESTADOS,165749
2011/2012,2ª Jan,2012-02-01,MT,DEMAIS ESTADOS,5243
2011/2012,1ª Fev,2012-02-16,ES,DEMAIS ESTADOS,101204
2011/2012,1ª Fev,2012-02-16,GO,DEMAIS ESTADOS,1
2011/2012,1ª Fev,2012-02-16,MG,DEMAIS ESTADOS,192583
2011/2012,1ª Fev,2012-02-16,MS,DEMAIS ESTADOS,5467
2011/2012,1ª Fev,2012-02-16,MT,DEMAIS ESTADOS,3870
2011/2012,1ª Fev,2012-02-16,SP,SÃO PAULO,8445
2011/2012,2ª Fev,2012-03-01,ES,DEMAIS ESTADOS,59018
2011/2012,2ª Fev,2012-03-01,MG,DEMAIS ESTADOS,196177
2011/2012,2ª Fev,2012-03-01,MS,DEMAIS ESTADOS,10764
2011/2012,2ª Fev,2012-03-01,MT,DEMAIS ESTADOS,3822
2011/2012,2ª Fev,2012-03-01,SP,SÃO PAULO,15498
2011/2012,1ª Mar,2012-03-16,ES,DEMAIS ESTADOS,5492
2011/2012,1ª Mar,2012-03-16,MG,DEMAIS ESTADOS,106427
2011/2012,1ª Mar,2012-03-16,MS,DEMAIS ESTADOS,72705
2011/2012,1ª Mar,2012-03-16,MT,DEMAIS ESTADOS,4598
2011/2012,1ª Mar,2012-03-16,PR,DEMAIS ESTADOS,17814
2011/2012,1ª Mar,2012-03-16,SP,SÃO PAULO,5747
2011/2012,2ª Mar,2012-04-01,MG,DEMAIS ESTADOS,28367
2011/2012,2ª Mar,2012-04-01,MS,DEMAIS ESTADOS,75265
2011/2012,2ª Mar,2012-04-01,MT,DEMAIS ESTADOS,2126
2011/2012,2ª Mar,2012-04-01,PR,DEMAIS ESTADOS,85358
2011/2012,2ª Mar,2012-04-01,SP,SÃO PAULO,121963
2012/2013,1ª Abr,2012-04-16,GO,DEMAIS ESTADOS,250842
2012/2013,1ª Abr,2012-04-16,MG,DEMAIS ESTADOS,381854
2012/2013,1ª Abr,2012-04-16,MS,DEMAIS ESTADOS,154542
2012/2013,1ª Abr,2012-04-16,MT,DEMAIS ESTADOS,324691
2012/2013,1ª Abr,2012-04-16,PR,DEMAIS ESTADOS,1064674
2012/2013,1ª Abr,2012-04-16,SP,SÃO PAULO,2026319
2012/2013,2ª Abr,2012-05-01,ES,DEMAIS ESTADOS,42504
2012/2013,2ª Abr,2012-05-01,GO,DEMAIS ESTADOS,1344690
2012/2013,2ª Abr,2012-05-01,MG,DEMAIS ESTADOS,886476
2012/2013,2ª Abr,2012-05-01,MS,DEMAIS ESTADOS,643399
2012/2013,2ª Abr,2012-05-01,MT,DEMAIS ESTADOS,555832
2012/2013,2ª Abr,2012-05-01,PR,DEMAIS ESTADOS,1300650
2012/2013,2ª Abr,2012-05-01,SP,SÃO PAULO,4622756
2012/2013,1ª Mai,2012-05-16,ES,DEMAIS ESTADOS,71228
2012/2013,1ª Mai,2012-05-16,GO,DEMAIS ESTADOS,2450954
2012/2013,1ª Mai,2012-05-16,MG,DEMAIS ESTADOS,2245721
2012/2013,1ª Mai,2012-05-16,MS,DEMAIS ESTADOS,1767283
2012/2013,1ª Mai,2012-05-16,MT,DEMAIS ESTADOS,647258
2012/2013,1ª Mai,2012-05-16,PR,DEMAIS ESTADOS,2373355
2012/2013,1ª Mai,2012-05-16,SP,SÃO PAULO,11325318
2012/2013,2ª Mai,2012-06-01,ES,DEMAIS ESTADOS,195095
2012/2013,2ª Mai,2012-06-01,GO,DEMAIS ESTADOS,3933750
2012/2013,2ª Mai,2012-06-01,MG,DEMAIS ESTADOS,3509954
2012/2013,2ª Mai,2012-06-01,MS,DEMAIS ESTADOS,1957750
2012/2013,2ª Mai,2012-06-01,MT,DEMAIS ESTADOS,937694
2012/2013,2ª Mai,2012-06-01,PR,DEMAIS ESTADOS,2377965
2012/2013,2ª Mai,2012-06-01,SP,SÃO PAULO,22871657
2012/2013,1ª Jun,2012-06-16,ES,DEMAIS ESTADOS,246039
2012/2013,1ª Jun,2012-06-16,GO,DEMAIS ESTADOS,3643902
2012/2013,1ª Jun,2012-06-16,MG,DEMAIS ESTADOS,3110217
2012/2013,1ª Jun,2012-06-16,MS,DEMAIS ESTADOS,1949839
2012/2013,1ª Jun,2012-06-16,MT,DEMAIS ESTADOS,1090817
2012/2013,1ª Jun,2012-06-16,PR,DEMAIS ESTADOS,1657535
2012/2013,1ª Jun,2012-06-16,RJ,DEMAIS ESTADOS,34360
2012/2013,1ª Jun,2012-06-16,SP,SÃO PAULO,14144114
2012/2013,2ª Jun,2012-07-01,ES,DEMAIS ESTADOS,282808
2012/2013,2ª Jun,2012-07-01,GO,DEMAIS ESTADOS,3861247
2012/2013,2ª Jun,2012-07-01,MG,DEMAIS ESTADOS,3585576
2012/2013,2ª Jun,2012-07-01,MS,DEMAIS ESTADOS,1923171
2012/2013,2ª Jun,2012-07-01,MT,DEMAIS ESTADOS,1246143
2012/2013,2ª Jun,2012-07-01,PR,DEMAIS ESTADOS,1948615
2012/2013,2ª Jun,2012-07-01,RJ,DEMAIS ESTADOS,110706
2012/2013,2ª Jun,2012-07-01,RS,DEMAIS ESTADOS,647
2012/2013,2ª Jun,2012-07-01,SP,SÃO PAULO,18744031
2012/2013,1ª Jul,2012-07-16,ES,DEMAIS ESTADOS,289197
2012/2013,1ª Jul,2012-07-16,GO,DEMAIS ESTADOS,4267159
2012/2013,1ª Jul,2012-07-16,MG,DEMAIS ESTADOS,4216795
2012/2013,1ª Jul,2012-07-16,MS,DEMAIS ESTADOS,2898352
2012/2013,1ª Jul,2012-07-16,MT,DEMAIS ESTADOS,1253467
2012/2013,1ª Jul,2012-07-16,PR,DEMAIS ESTADOS,2922523
2012/2013,1ª Jul,2012-07-16,RJ,DEMAIS ESTADOS,143979
2012/2013,1ª Jul,2012-07-16,RS,DEMAIS ESTADOS,4880
2012/2013,1ª Jul,2012-07-16,SP,SÃO PAULO,26198737
2012/2013,2ª Jul,2012-08-01,ES,DEMAIS ESTADOS,255680
2012/2013,2ª Jul,2012-08-01,GO,DEMAIS ESTADOS,4759917
2012/2013,2ª Jul,2012-08-01,MG,DEMAIS ESTADOS,4494630
2012/2013,2ª Jul,2012-08-01,MS,DEMAIS ESTADOS,3393526
2012/2013,2ª Jul,2012-08-01,MT,DEMAIS ESTADOS,1339177
2012/2013,2ª Jul,2012-08-01,PR,DEMAIS ESTADOS,3541010
2012/2013,2ª Jul,2012-08-01,RJ,DEMAIS ESTADOS,165889
2012/2013,2ª Jul,2012-08-01,RS,DEMAIS ESTADOS,8825
2012/2013,2ª Jul,2012-08-01,SP,SÃO PAULO,28318471
2012/2013,1ª Ago,2012-08-16,ES,DEMAIS ESTADOS,281338
2012/2013,1ª Ago,2012-08-16,GO,DEMAIS ESTADOS,4165600
2012/2013,1ª Ago,2012-08-16,MG,DEMAIS ESTADOS,4164962
2012/2013,1ª Ago,2012-08-16,MS,DEMAIS ESTADOS,3200750
2012/2013,1ª Ago,2012-08-16,MT,DEMAIS ESTADOS,1221803
2012/2013,1ª Ago,2012-08-16,PR,DEMAIS ESTADOS,3446210
2012/2013,1ª Ago,2012-08-16,RJ,DEMAIS ESTADOS,161716
2012/2013,1ª Ago,2012-08-16,RS,DEMAIS ESTADOS,10432
2012/2013,1ª Ago,2012-08-16,SP,SÃO PAULO,27593573
2012/2013,2ª Ago,2012-09-01,ES,DEMAIS ESTADOS,185104
2012/2013,2ª Ago,2012-09-01,GO,DEMAIS ESTADOS,4457489
2012/2013,2ª Ago,2012-09-01,MG,DEMAIS ESTADOS,4416203
2012/2013,2ª Ago,2012-09-01,MS,DEMAIS ESTADOS,3376866
2012/2013,2ª Ago,2012-09-01,MT,DEMAIS ESTADOS,1321851
2012/2013,2ª Ago,2012-09-01,PR,DEMAIS ESTADOS,3511395
2012/2013,2ª Ago,2012-09-01,RJ,DEMAIS ESTADOS,159722
2012/2013,2ª Ago,2012-09-01,RS,DEMAIS ESTADOS,6228
2012/2013,2ª Ago,2012-09-01,SP,SÃO PAULO,29084127
2012/2013,1ª Set,2012-09-16,ES,DEMAIS ESTADOS,271300
2012/2013,1ª Set,2012-09-16,GO,DEMAIS ESTADOS,3982675
2012/2013,1ª Set,2012-09-16,MG,DEMAIS ESTADOS,4111674
2012/2013,1ª Set,2012-09-16,MS,DEMAIS ESTADOS,2914246
2012/2013,1ª Set,2012-09-16,MT,DEMAIS ESTADOS,1221975
2012/2013,1ª Set,2012-09-16,PR,DEMAIS ESTADOS,3204287
2012/2013,1ª Set,2012-09-16,RJ,DEMAIS ESTADOS,150924
2012/2013,1ª Set,2012-09-16,RS,DEMAIS ESTADOS,1840
2012/2013,1ª Set,2012-09-16,SP,SÃO PAULO,26108921
2012/2013,2ª Set,2012-10-01,ES,DEMAIS ESTADOS,274164
2012/2013,2ª Set,2012-10-01,GO,DEMAIS ESTADOS,3497566
2012/2013,2ª Set,2012-10-01,MG,DEMAIS ESTADOS,3426740
2012/2013,2ª Set,2012-10-01,MS,DEMAIS ESTADOS,2192475
2012/2013,2ª Set,2012-10-01,MT,DEMAIS ESTADOS,1087818
2012/2013,2ª Set,2012-10-01,PR,DEMAIS ESTADOS,2304027
2012/2013,2ª Set,2012-10-01,RJ,DEMAIS ESTADOS,132601
2012/2013,2ª Set,2012-10-01,SP,SÃO PAULO,18852723
2012/2013,1ª Out,2012-10-16,ES,DEMAIS ESTADOS,220277
2012/2013,1ª Out,2012-10-16,GO,DEMAIS ESTADOS,3609982
2012/2013,1ª Out,2012-10-16,MG,DEMAIS ESTADOS,3753292
2012/2013,1ª Out,2012-10-16,MS,DEMAIS ESTADOS,2319749
2012/2013,1ª Out,2012-10-16,MT,DEMAIS ESTADOS,1030807
2012/2013,1ª Out,2012-10-16,PR,DEMAIS ESTADOS,2420137
2012/2013,1ª Out,2012-10-16,RJ,DEMAIS ESTADOS,127678
2012/2013,1ª Out,2012-10-16,SP,SÃO PAULO,24514140
2012/2013,2ª Out,2012-11-01,ES,DEMAIS ESTADOS,228716
2012/2013,2ª Out,2012-11-01,GO,DEMAIS ESTADOS,3426734
2012/2013,2ª Out,2012-11-01,MG,DEMAIS ESTADOS,3651760
2012/2013,2ª Out,2012-11-01,MS,DEMAIS ESTADOS,2444902
2012/2013,2ª Out,2012-11-01,MT,DEMAIS ESTADOS,1115114
2012/2013,2ª Out,2012-11-01,PR,DEMAIS ESTADOS,2639930
2012/2013,2ª Out,2012-11-01,RJ,DEMAIS ESTADOS,138228
2012/2013,2ª Out,2012-11-01,SP,SÃO PAULO,22501287
2012/2013,1ª Nov,2012-11-16,ES,DEMAIS ESTADOS,122018
2012/2013,1ª Nov,2012-11-16,GO,DEMAIS ESTADOS,1930768
2012/2013,1ª Nov,2012-11-16,MG,DEMAIS ESTADOS,2051588
2012/2013,1ª Nov,2012-11-16,MS,DEMAIS ESTADOS,1785175
2012/2013,1ª Nov,2012-11-16,MT,DEMAIS ESTADOS,781282
2012/2013,1ª Nov,2012-11-16,PR,DEMAIS ESTADOS,1807510
2012/2013,1ª Nov,2012-11-16,RJ,DEMAIS ESTADOS,68423
2012/2013,1ª Nov,2012-11-16,SP,SÃO PAULO,17945283
2012/2013,2ª Nov,2012-12-01,ES,DEMAIS ESTADOS,120989
2012/2013,2ª Nov,2012-12-01,GO,DEMAIS ESTADOS,2077155
2012/2013,2ª Nov,2012-12-01,MG,DEMAIS ESTADOS,2296112
2012/2013,2ª Nov,2012-12-01,MS,DEMAIS ESTADOS,1934085
2012/2013,2ª Nov,2012-12-01,MT,DEMAIS ESTADOS,679531
2012/2013,2ª Nov,2012-12-01,PR,DEMAIS ESTADOS,1854822
2012/2013,2ª Nov,2012-12-01,RJ,DEMAIS ESTADOS,27722
2012/2013,2ª Nov,2012-12-01,SP,SÃO PAULO,19617060
2012/2013,1ª Dez,2012-12-16,ES,DEMAIS ESTADOS,130227
2012/2013,1ª Dez,2012-12-16,GO,DEMAIS ESTADOS,868460
2012/2013,1ª Dez,2012-12-16,MG,DEMAIS ESTADOS,1196430
2012/2013,1ª Dez,2012-12-16,MS,DEMAIS ESTADOS,1428138
2012/2013,1ª Dez,2012-12-16,MT,DEMAIS ESTADOS,372782
2012/2013,1ª Dez,2012-12-16,PR,DEMAIS ESTADOS,1001203
2012/2013,1ª Dez,2012-12-16,SP,SÃO PAULO,12564716
2012/2013,2ª Dez,2013-01-01,ES,DEMAIS ESTADOS,92331
2012/2013,2ª Dez,2013-01-01,GO,DEMAIS ESTADOS,198008
2012/2013,2ª Dez,2013-01-01,MG,DEMAIS ESTADOS,91854
2012/2013,2ª Dez,2013-01-01,MS,DEMAIS ESTADOS,560785
2012/2013,2ª Dez,2013-01-01,MT,DEMAIS ESTADOS,90723
2012/2013,2ª Dez,2013-01-01,PR,DEMAIS ESTADOS,188812
2012/2013,2ª Dez,2013-01-01,SP,SÃO PAULO,1933044
2012/2013,1ª Jan,2013-01-16,ES,DEMAIS ESTADOS,119133
2012/2013,1ª Jan,2013-01-16,MS,DEMAIS ESTADOS,58390
2012/2013,1ª Jan,2013-01-16,PR,DEMAIS ESTADOS,2527
2012/2013,1ª Jan,2013-01-16,SP,SÃO PAULO,362283
2012/2013,2ª Jan,2013-02-01,MS,DEMAIS ESTADOS,187158
2012/2013,2ª Jan,2013-02-01,SP,SÃO PAULO,219628
2012/2013,1ª Fev,2013-02-16,ES,DEMAIS ESTADOS,91059
2012/2013,1ª Fev,2013-02-16,MS,DEMAIS ESTADOS,41831
2012/2013,1ª Fev,2013-02-16,SP,SÃO PAULO,22403
2012/2013,2ª Fev,2013-03-01,PR,DEMAIS ESTADOS,35942
2012/2013,2ª Fev,2013-03-01,SP,SÃO PAULO,100094
2012/2013,1ª Mar,2013-03-16,MG,DEMAIS ESTADOS,23586
2012/2013,1ª Mar,2013-03-16,PR,DEMAIS ESTADOS,82050
2012/2013,1ª Mar,2013-03-16,SP,SÃO PAULO,139326
2012/2013,2ª Mar,2013-04-01,GO,DEMAIS ESTADOS,12312
2012/2013,2ª Mar,2013-04-01,MG,DEMAIS ESTADOS,97031
2012/2013,2ª Mar,2013-04-01,MS,DEMAIS ESTADOS,319328
2012/2013,2ª Mar,2013-04-01,PR,DEMAIS ESTADOS,435908
2012/2013,2ª Mar,2013-04-01,SP,SÃO PAULO,937700
2013/2014,1ª Abr,2013-04-16,GO,DEMAIS ESTADOS,619426
2013/2014,1ª Abr,2013-04-16,MG,DEMAIS ESTADOS,477626
2013/2014,1ª Abr,2013-04-16,MS,DEMAIS ESTADOS,411000
2013/2014,1ª Abr,2013-04-16,MT,DEMAIS ESTADOS,407713
2013/2014,1ª Abr,2013-04-16,PR,DEMAIS ESTADOS,602312
2013/2014,1ª Abr,2013-04-16,SP,SÃO PAULO,5214640
2013/2014,2ª Abr,2013-05-01,ES,DEMAIS ESTADOS,40228
2013/2014,2ª Abr,2013-05-01,GO,DEMAIS ESTADOS,2436513
2013/2014,2ª Abr,2013-05-01,MG,DEMAIS ESTADOS,2795243
2013/2014,2ª Abr,2013-05-01,MS,DEMAIS ESTADOS,2591952
2013/2014,2ª Abr,2013-05-01,MT,DEMAIS ESTADOS,770337
2013/2014,2ª Abr,2013-05-01,PR,DEMAIS ESTADOS,3069614
2013/2014,2ª Abr,2013-05-01,SP,SÃO PAULO,20438461
2013/2014,1ª Mai,2013-05-16,ES,DEMAIS ESTADOS,133418
2013/2014,1ª Mai,2013-05-16,GO,DEMAIS ESTADOS,3443685
2013/2014,1ª Mai,2013-05-16,MG,DEMAIS ESTADOS,3784945
2013/2014,1ª Mai,2013-05-16,MS,DEMAIS ESTADOS,2761393
2013/2014,1ª Mai,2013-05-16,MT,DEMAIS ESTADOS,1086218
2013/2014,1ª Mai,2013-05-16,PR,DEMAIS ESTADOS,2842761
2013/2014,1ª Mai,2013-05-16,RS,DEMAIS ESTADOS,1041
2013/2014,1ª Mai,2013-05-16,SP,SÃO PAULO,26368975
2013/2014,2ª Mai,2013-06-01,ES,DEMAIS ESTADOS,185359
2013/2014,2ª Mai,2013-06-01,GO,DEMAIS ESTADOS,4131503
2013/2014,2ª Mai,2013-06-01,MG,DEMAIS ESTADOS,3730303
2013/2014,2ª Mai,2013-06-01,MS,DEMAIS ESTADOS,3092507
2013/2014,2ª Mai,2013-06-01,MT,DEMAIS ESTADOS,1261801
2013/2014,2ª Mai,2013-06-01,PR,DEMAIS ESTADOS,1651455
2013/2014,2ª Mai,2013-06-01,RS,DEMAIS ESTADOS,2860
2013/2014,2ª Mai,2013-06-01,SP,SÃO PAULO,21487906
2013/2014,1ª Jun,2013-06-16,ES,DEMAIS ESTADOS,239490
2013/2014,1ª Jun,2013-06-16,GO,DEMAIS ESTADOS,4081126
2013/2014,1ª Jun,2013-06-16,MG,DEMAIS ESTADOS,3792118
2013/2014,1ª Jun,2013-06-16,MS,DEMAIS ESTADOS,2771978
2013/2014,1ª Jun,2013-06-16,MT,DEMAIS ESTADOS,1091237
2013/2014,1ª Jun,2013-06-16,PR,DEMAIS ESTADOS,2286202
2013/2014,1ª Jun,2013-06-16,RJ,DEMAIS ESTADOS,59339
2013/2014,1ª Jun,2013-06-16,SP,SÃO PAULO,21330218
2013/2014,2ª Jun,2013-07-01,ES,DEMAIS ESTADOS,287730
2013/2014,2ª Jun,2013-07-01,GO,DEMAIS ESTADOS,4471414
2013/2014,2ª Jun,2013-07-01,MG,DEMAIS ESTADOS,4362400
2013/2014,2ª Jun,2013-07-01,MS,DEMAIS ESTADOS,725335
2013/2014,2ª Jun,2013-07-01,MT,DEMAIS ESTADOS,1114855
2013/2014,2ª Jun,2013-07-01,PR,DEMAIS ESTADOS,282828
2013/2014,2ª Jun,2013-07-01,RJ,DEMAIS ESTADOS,87180
2013/2014,2ª Jun,2013-07-01,RS,DEMAIS ESTADOS,10291
2013/2014,2ª Jun,2013-07-01,SP,SÃO PAULO,18062770
2013/2014,1ª Jul,2013-07-16,ES,DEMAIS ESTADOS,256412
2013/2014,1ª Jul,2013-07-16,GO,DEMAIS ESTADOS,4684385
2013/2014,1ª Jul,2013-07-16,MG,DEMAIS ESTADOS,4539647
2013/2014,1ª Jul,2013-07-16,MS,DEMAIS ESTADOS,3061754
2013/2014,1ª Jul,2013-07-16,MT,DEMAIS ESTADOS,1220116
2013/2014,1ª Jul,2013-07-16,PR,DEMAIS ESTADOS,2914731
2013/2014,1ª Jul,2013-07-16,RJ,DEMAIS ESTADOS,95172
2013/2014,1ª Jul,2013-07-16,RS,DEMAIS ESTADOS,4912
2013/2014,1ª Jul,2013-07-16,SP,SÃO PAULO,26215613
2013/2014,2ª Jul,2013-08-01,ES,DEMAIS ESTADOS,309194
2013/2014,2ª Jul,2013-08-01,GO,DEMAIS ESTADOS,5002834
2013/2014,2ª Jul,2013-08-01,MG,DEMAIS ESTADOS,4963772
2013/2014,2ª Jul,2013-08-01,MS,DEMAIS ESTADOS,3347785
2013/2014,2ª Jul,2013-08-01,MT,DEMAIS ESTADOS,1334978
2013/2014,2ª Jul,2013-08-01,PR,DEMAIS ESTADOS,2641259
2013/2014,2ª Jul,2013-08-01,RJ,DEMAIS ESTADOS,173139
2013/2014,2ª Jul,2013-08-01,SP,SÃO PAULO,26659518
2013/2014,1ª Ago,2013-08-16,ES,DEMAIS ESTADOS,312550
2013/2014,1ª Ago,2013-08-16,GO,DEMAIS ESTADOS,4621714
2013/2014,1ª Ago,2013-08-16,MG,DEMAIS ESTADOS,4667044
2013/2014,1ª Ago,2013-08-16,MS,DEMAIS ESTADOS,3447308
2013/2014,1ª Ago,2013-08-16,MT,DEMAIS ESTADOS,1290905
2013/2014,1ª Ago,2013-08-16,PR,DEMAIS ESTADOS,3585900
2013/2014,1ª Ago,2013-08-16,RJ,DEMAIS ESTADOS,372910
2013/2014,1ª Ago,2013-08-16,RS,DEMAIS ESTADOS,17823
2013/2014,1ª Ago,2013-08-16,SP,SÃO PAULO,28155642
2013/2014,2ª Ago,2013-09-01,ES,DEMAIS ESTADOS,285112
2013/2014,2ª Ago,2013-09-01,GO,DEMAIS ESTADOS,5130319
2013/2014,2ª Ago,2013-09-01,MG,DEMAIS ESTADOS,4895602
2013/2014,2ª Ago,2013-09-01,MS,DEMAIS ESTADOS,3624378
2013/2014,2ª Ago,2013-09-01,MT,DEMAIS ESTADOS,1309008
2013/2014,2ª Ago,2013-09-01,PR,DEMAIS ESTADOS,3625565
2013/2014,2ª Ago,2013-09-01,RJ,DEMAIS ESTADOS,218355
2013/2014,2ª Ago,2013-09-01,RS,DEMAIS ESTADOS,9367
2013/2014,2ª Ago,2013-09-01,SP,SÃO PAULO,29711868
2013/2014,1ª Set,2013-09-16,ES,DEMAIS ESTADOS,249380
2013/2014,1ª Set,2013-09-16,GO,DEMAIS ESTADOS,4527986
2013/2014,1ª Set,2013-09-16,MG,DEMAIS ESTADOS,4309214
2013/2014,1ª Set,2013-09-16,MS,DEMAIS ESTADOS,2687051
2013/2014,1ª Set,2013-09-16,MT,DEMAIS ESTADOS,1196690
2013/2014,1ª Set,2013-09-16,PR,DEMAIS ESTADOS,3093147
2013/2014,1ª Set,2013-09-16,RJ,DEMAIS ESTADOS,211650
2013/2014,1ª Set,2013-09-16,RS,DEMAIS ESTADOS,8077
2013/2014,1ª Set,2013-09-16,SP,SÃO PAULO,26815205
2013/2014,2ª Set,2013-10-01,ES,DEMAIS ESTADOS,304770
2013/2014,2ª Set,2013-10-01,GO,DEMAIS ESTADOS,4108158
2013/2014,2ª Set,2013-10-01,MG,DEMAIS ESTADOS,3652993
2013/2014,2ª Set,2013-10-01,MS,DEMAIS ESTADOS,2503938
2013/2014,2ª Set,2013-10-01,MT,DEMAIS ESTADOS,1251342
2013/2014,2ª Set,2013-10-01,PR,DEMAIS ESTADOS,2157116
2013/2014,2ª Set,2013-10-01,RJ,DEMAIS ESTADOS,183590
2013/2014,2ª Set,2013-10-01,RS,DEMAIS ESTADOS,5375
2013/2014,2ª Set,2013-10-01,SP,SÃO PAULO,19903415
2013/2014,1ª Out,2013-10-16,ES,DEMAIS ESTADOS,246787
2013/2014,1ª Out,2013-10-16,GO,DEMAIS ESTADOS,3881101
2013/2014,1ª Out,2013-10-16,MG,DEMAIS ESTADOS,3368319
2013/2014,1ª Out,2013-10-16,MS,DEMAIS ESTADOS,1712339
2013/2014,1ª Out,2013-10-16,MT,DEMAIS ESTADOS,1060067
2013/2014,1ª Out,2013-10-16,PR,DEMAIS ESTADOS,2252158
2013/2014,1ª Out,2013-10-16,RJ,DEMAIS ESTADOS,201075
2013/2014,1ª Out,2013-10-16,RS,DEMAIS ESTADOS,10210
2013/2014,1ª Out,2013-10-16,SP,SÃO PAULO,18556530
2013/2014,2ª Out,2013-11-01,ES,DEMAIS ESTADOS,248267
2013/2014,2ª Out,2013-11-01,GO,DEMAIS ESTADOS,3872892
2013/2014,2ª Out,2013-11-01,MG,DEMAIS ESTADOS,3888536
2013/2014,2ª Out,2013-11-01,MS,DEMAIS ESTADOS,2281015
2013/2014,2ª Out,2013-11-01,MT,DEMAIS ESTADOS,1110522
2013/2014,2ª Out,2013-11-01,PR,DEMAIS ESTADOS,2766498
2013/2014,2ª Out,2013-11-01,RJ,DEMAIS ESTADOS,207167
2013/2014,2ª Out,2013-11-01,RS,DEMAIS ESTADOS,3280
2013/2014,2ª Out,2013-11-01,SP,SÃO PAULO,24560366
2013/2014,1ª Nov,2013-11-16,ES,DEMAIS ESTADOS,174918
2013/2014,1ª Nov,2013-11-16,GO,DEMAIS ESTADOS,2646412
2013/2014,1ª Nov,2013-11-16,MG,DEMAIS ESTADOS,3110939
2013/2014,1ª Nov,2013-11-16,MS,DEMAIS ESTADOS,2379175
2013/2014,1ª Nov,2013-11-16,MT,DEMAIS ESTADOS,798837
2013/2014,1ª Nov,2013-11-16,PR,DEMAIS ESTADOS,2794589
2013/2014,1ª Nov,2013-11-16,RJ,DEMAIS ESTADOS,117963
2013/2014,1ª Nov,2013-11-16,SP,SÃO PAULO,20291146
2013/2014,2ª Nov,2013-12-01,ES,DEMAIS ESTADOS,140362
2013/2014,2ª Nov,2013-12-01,GO,DEMAIS ESTADOS,2475540
2013/2014,2ª Nov,2013-12-01,MG,DEMAIS ESTADOS,2661705
2013/2014,2ª Nov,2013-12-01,MS,DEMAIS ESTADOS,1834534
2013/2014,2ª Nov,2013-12-01,MT,DEMAIS ESTADOS,547076
2013/2014,2ª Nov,2013-12-01,PR,DEMAIS ESTADOS,2165748
2013/2014,2ª Nov,2013-12-01,RJ,DEMAIS ESTADOS,63608
2013/2014,2ª Nov,2013-12-01,SP,SÃO PAULO,16154143
2013/2014,1ª Dez,2013-12-16,ES,DEMAIS ESTADOS,124613
2013/2014,1ª Dez,2013-12-16,GO,DEMAIS ESTADOS,1438908
2013/2014,1ª Dez,2013-12-16,MG,DEMAIS ESTADOS,1499325
2013/2014,1ª Dez,2013-12-16,MS,DEMAIS ESTADOS,1452715
2013/2014,1ª Dez,2013-12-16,MT,DEMAIS ESTADOS,131065
2013/2014,1ª Dez,2013-12-16,PR,DEMAIS ESTADOS,2025698
2013/2014,1ª Dez,2013-12-16,RJ,DEMAIS ESTADOS,15189
2013/2014,1ª Dez,2013-12-16,SP,SÃO PAULO,11383040
2013/2014,2ª Dez,2014-01-01,ES,DEMAIS ESTADOS,26372
2013/2014,2ª Dez,2014-01-01,GO,DEMAIS ESTADOS,202227
2013/2014,2ª Dez,2014-01-01,MG,DEMAIS ESTADOS,332749
2013/2014,2ª Dez,2014-01-01,MS,DEMAIS ESTADOS,416782
2013/2014,2ª Dez,2014-01-01,MT,DEMAIS ESTADOS,6437
2013/2014,2ª Dez,2014-01-01,PR,DEMAIS ESTADOS,653828
2013/2014,2ª Dez,2014-01-01,RJ,DEMAIS ESTADOS,1273
2013/2014,2ª Dez,2014-01-01,SP,SÃO PAULO,4098865
2013/2014,1ª Jan,2014-01-16,ES,DEMAIS ESTADOS,58890
2013/2014,1ª Jan,2014-01-16,MG,DEMAIS ESTADOS,18862
2013/2014,1ª Jan,2014-01-16,MS,DEMAIS ESTADOS,113077
2013/2014,1ª Jan,2014-01-16,PR,DEMAIS ESTADOS,86760
2013/2014,1ª Jan,2014-01-16,SP,SÃO PAULO,381904
2013/2014,2ª Jan,2014-02-01,ES,DEMAIS ESTADOS,77245
2013/2014,2ª Jan,2014-02-01,PR,DEMAIS ESTADOS,90305
2013/2014,2ª Jan,2014-02-01,SP,SÃO PAULO,143231
2013/2014,1ª Fev,2014-02-16,ES,DEMAIS ESTADOS,61325
2013/2014,1ª Fev,2014-02-16,PR,DEMAIS ESTADOS,68622
2013/2014,1ª Fev,2014-02-16,SP,SÃO PAULO,19324
2013/2014,2ª Fev,2014-03-01,ES,DEMAIS ESTADOS,7558
2013/2014,2ª Fev,2014-03-01,PR,DEMAIS ESTADOS,46793
2013/2014,1ª Mar,2014-03-16,GO,DEMAIS ESTADOS,57182
2013/2014,1ª Mar,2014-03-16,PR,DEMAIS ESTADOS,7688
2013/2014,1ª Mar,2014-03-16,SP,SÃO PAULO,35957
2013/2014,2ª Mar,2014-04-01,GO,DEMAIS ESTADOS,233469
2013/2014,2ª Mar,2014-04-01,MG,DEMAIS ESTADOS,243605
2013/2014,2ª Mar,2014-04-01,MS,DEMAIS ESTADOS,206648
2013/2014,2ª Mar,2014-04-01,PR,DEMAIS ESTADOS,946107
2013/2014,2ª Mar,2014-04-01,SP,SÃO PAULO,2906505
2014/2015,1ª Abr,2014-04-16,GO,DEMAIS ESTADOS,1170119
2014/2015,1ª Abr,2014-04-16,MG,DEMAIS ESTADOS,1092313
2014/2015,1ª Abr,2014-04-16,MS,DEMAIS ESTADOS,910052
2014/2015,1ª Abr,2014-04-16,MT,DEMAIS ESTADOS,245867
2014/2015,1ª Abr,2014-04-16,PR,DEMAIS ESTADOS,1263611
2014/2015,1ª Abr,2014-04-16,SP,SÃO PAULO,7986588
2014/2015,2ª Abr,2014-05-01,ES,DEMAIS ESTADOS,37206
2014/2015,2ª Abr,2014-05-01,GO,DEMAIS ESTADOS,2380562
2014/2015,2ª Abr,2014-05-01,MG,DEMAIS ESTADOS,2337192
2014/2015,2ª Abr,2014-05-01,MS,DEMAIS ESTADOS,1342783
2014/2015,2ª Abr,2014-05-01,MT,DEMAIS ESTADOS,604415
2014/2015,2ª Abr,2014-05-01,PR,DEMAIS ESTADOS,1744989
2014/2015,2ª Abr,2014-05-01,SP,SÃO PAULO,15502871
2014/2015,1ª Mai,2014-05-16,ES,DEMAIS ESTADOS,200446
2014/2015,1ª Mai,2014-05-16,GO,DEMAIS ESTADOS,4048020
2014/2015,1ª Mai,2014-05-16,MG,DEMAIS ESTADOS,4051392
2014/2015,1ª Mai,2014-05-16,MS,DEMAIS ESTADOS,2351959
2014/2015,1ª Mai,2014-05-16,MT,DEMAIS ESTADOS,937509
2014/2015,1ª Mai,2014-05-16,PR,DEMAIS ESTADOS,2831719
2014/2015,1ª Mai,2014-05-16,SP,SÃO PAULO,24513890
2014/2015,2ª Mai,2014-06-01,ES,DEMAIS ESTADOS,228229
2014/2015,2ª Mai,2014-06-01,GO,DEMAIS ESTADOS,4625445
2014/2015,2ª Mai,2014-06-01,MG,DEMAIS ESTADOS,4320259
2014/2015,2ª Mai,2014-06-01,MS,DEMAIS ESTADOS,1664654
2014/2015,2ª Mai,2014-06-01,MT,DEMAIS ESTADOS,1027203
2014/2015,2ª Mai,2014-06-01,PR,DEMAIS ESTADOS,2068362
2014/2015,2ª Mai,2014-06-01,RJ,DEMAIS ESTADOS,72972
2014/2015,2ª Mai,2014-06-01,SP,SÃO PAULO,23995751
2014/2015,1ª Jun,2014-06-16,ES,DEMAIS ESTADOS,175227
2014/2015,1ª Jun,2014-06-16,GO,DEMAIS ESTADOS,4569473
2014/2015,1ª Jun,2014-06-16,MG,DEMAIS ESTADOS,4366479
2014/2015,1ª Jun,2014-06-16,MS,DEMAIS ESTADOS,2281927
2014/2015,1ª Jun,2014-06-16,MT,DEMAIS ESTADOS,1239649
2014/2015,1ª Jun,2014-06-16,PR,DEMAIS ESTADOS,1906373
2014/2015,1ª Jun,2014-06-16,RJ,DEMAIS ESTADOS,135336
2014/2015,1ª Jun,2014-06-16,SP,SÃO PAULO,26857427
2014/2015,2ª Jun,2014-07-01,ES,DEMAIS ESTADOS,187505
2014/2015,2ª Jun,2014-07-01,GO,DEMAIS ESTADOS,4783409
2014/2015,2ª Jun,2014-07-01,MG,DEMAIS ESTADOS,4439657
2014/2015,2ª Jun,2014-07-01,MS,DEMAIS ESTADOS,3222960
2014/2015,2ª Jun,2014-07-01,MT,DEMAIS ESTADOS,1317607
2014/2015,2ª Jun,2014-07-01,PR,DEMAIS ESTADOS,3010977
2014/2015,2ª Jun,2014-07-01,RJ,DEMAIS ESTADOS,152178
2014/2015,2ª Jun,2014-07-01,RS,DEMAIS ESTADOS,1496
2014/2015,2ª Jun,2014-07-01,SP,SÃO PAULO,27027825
2014/2015,1ª Jul,2014-07-16,ES,DEMAIS ESTADOS,211703
2014/2015,1ª Jul,2014-07-16,GO,DEMAIS ESTADOS,4790471
2014/2015,1ª Jul,2014-07-16,MG,DEMAIS ESTADOS,4335148
2014/2015,1ª Jul,2014-07-16,MS,DEMAIS ESTADOS,2408171
2014/2015,1ª Jul,2014-07-16,MT,DEMAIS ESTADOS,1204999
2014/2015,1ª Jul,2014-07-16,PR,DEMAIS ESTADOS,2767362
2014/2015,1ª Jul,2014-07-16,RJ,DEMAIS ESTADOS,141184
2014/2015,1ª Jul,2014-07-16,RS,DEMAIS ESTADOS,4169
2014/2015,1ª Jul,2014-07-16,SP,SÃO PAULO,25535610
2014/2015,2ª Jul,2014-08-01,ES,DEMAIS ESTADOS,205479
2014/2015,2ª Jul,2014-08-01,GO,DEMAIS ESTADOS,4020529
2014/2015,2ª Jul,2014-08-01,MG,DEMAIS ESTADOS,3555463
2014/2015,2ª Jul,2014-08-01,MS,DEMAIS ESTADOS,1782232
2014/2015,2ª Jul,2014-08-01,MT,DEMAIS ESTADOS,1333392
2014/2015,2ª Jul,2014-08-01,PR,DEMAIS ESTADOS,2464359
2014/2015,2ª Jul,2014-08-01,RJ,DEMAIS ESTADOS,130471
2014/2015,2ª Jul,2014-08-01,RS,DEMAIS ESTADOS,5026
2014/2015,2ª Jul,2014-08-01,SP,SÃO PAULO,22497988
2014/2015,1ª Ago,2014-08-16,ES,DEMAIS ESTADOS,219128
2014/2015,1ª Ago,2014-08-16,GO,DEMAIS ESTADOS,5032613
2014/2015,1ª Ago,2014-08-16,MG,DEMAIS ESTADOS,4578279
2014/2015,1ª Ago,2014-08-16,MS,DEMAIS ESTADOS,3490823
2014/2015,1ª Ago,2014-08-16,MT,DEMAIS ESTADOS,1324565
2014/2015,1ª Ago,2014-08-16,PR,DEMAIS ESTADOS,3231157
2014/2015,1ª Ago,2014-08-16,RJ,DEMAIS ESTADOS,157840
2014/2015,1ª Ago,2014-08-16,RS,DEMAIS ESTADOS,7923
2014/2015,1ª Ago,2014-08-16,SP,SÃO PAULO,26819329
2014/2015,2ª Ago,2014-09-01,ES,DEMAIS ESTADOS,181027
2014/2015,2ª Ago,2014-09-01,GO,DEMAIS ESTADOS,5262978
2014/2015,2ª Ago,2014-09-01,MG,DEMAIS ESTADOS,4726456
2014/2015,2ª Ago,2014-09-01,MS,DEMAIS ESTADOS,4011782
2014/2015,2ª Ago,2014-09-01,MT,DEMAIS ESTADOS,1418919
2014/2015,2ª Ago,2014-09-01,PR,DEMAIS ESTADOS,3744789
2014/2015,2ª Ago,2014-09-01,RJ,DEMAIS ESTADOS,174785
2014/2015,2ª Ago,2014-09-01,RS,DEMAIS ESTADOS,9288
2014/2015,2ª Ago,2014-09-01,SP,SÃO PAULO,27916436
2014/2015,1ª Set,2014-09-16,ES,DEMAIS ESTADOS,210195
2014/2015,1ª Set,2014-09-16,GO,DEMAIS ESTADOS,4520799
2014/2015,1ª Set,2014-09-16,MG,DEMAIS ESTADOS,4109628
2014/2015,1ª Set,2014-09-16,MS,DEMAIS ESTADOS,3145032
2014/2015,1ª Set,2014-09-16,MT,DEMAIS ESTADOS,1181737
2014/2015,1ª Set,2014-09-16,PR,DEMAIS ESTADOS,2898045
2014/2015,1ª Set,2014-09-16,RJ,DEMAIS ESTADOS,179605
2014/2015,1ª Set,2014-09-16,RS,DEMAIS ESTADOS,2870
2014/2015,1ª Set,2014-09-16,SP,SÃO PAULO,23685731
2014/2015,2ª Set,2014-10-01,ES,DEMAIS ESTADOS,201454
2014/2015,2ª Set,2014-10-01,GO,DEMAIS ESTADOS,4372425
2014/2015,2ª Set,2014-10-01,MG,DEMAIS ESTADOS,3815074
2014/2015,2ª Set,2014-10-01,MS,DEMAIS ESTADOS,1940880
2014/2015,2ª Set,2014-10-01,MT,DEMAIS ESTADOS,1131711
2014/2015,2ª Set,2014-10-01,PR,DEMAIS ESTADOS,1570481
2014/2015,2ª Set,2014-10-01,RJ,DEMAIS ESTADOS,174130
2014/2015,2ª Set,2014-10-01,RS,DEMAIS ESTADOS,6899
2014/2015,2ª Set,2014-10-01,SP,SÃO PAULO,15603282
2014/2015,1ª Out,2014-10-16,ES,DEMAIS ESTADOS,142974
2014/2015,1ª Out,2014-10-16,GO,DEMAIS ESTADOS,4673887
2014/2015,1ª Out,2014-10-16,MG,DEMAIS ESTADOS,3846881
2014/2015,1ª Out,2014-10-16,MS,DEMAIS ESTADOS,3412824
2014/2015,1ª Out,2014-10-16,MT,DEMAIS ESTADOS,1178212
2014/2015,1ª Out,2014-10-16,PR,DEMAIS ESTADOS,3036552
2014/2015,1ª Out,2014-10-16,RJ,DEMAIS ESTADOS,161113
2014/2015,1ª Out,2014-10-16,RS,DEMAIS ESTADOS,4620
2014/2015,1ª Out,2014-10-16,SP,SÃO PAULO,22952033
2014/2015,2ª Out,2014-11-01,ES,DEMAIS ESTADOS,98429
2014/2015,2ª Out,2014-11-01,GO,DEMAIS ESTADOS,4338973
2014/2015,2ª Out,2014-11-01,MG,DEMAIS ESTADOS,3353984
2014/2015,2ª Out,2014-11-01,MS,DEMAIS ESTADOS,2727437
2014/2015,2ª Out,2014-11-01,MT,DEMAIS ESTADOS,1117267
2014/2015,2ª Out,2014-11-01,PR,DEMAIS ESTADOS,3157196
2014/2015,2ª Out,2014-11-01,RJ,DEMAIS ESTADOS,59405
2014/2015,2ª Out,2014-11-01,RS,DEMAIS ESTADOS,10475
2014/2015,2ª Out,2014-11-01,SP,SÃO PAULO,19605523
2014/2015,1ª Nov,2014-11-16,ES,DEMAIS ESTADOS,131074
2014/2015,1ª Nov,2014-11-16,GO,DEMAIS ESTADOS,3172546
2014/2015,1ª Nov,2014-11-16,MG,DEMAIS ESTADOS,2349638
2014/2015,1ª Nov,2014-11-16,MS,DEMAIS ESTADOS,2020578
2014/2015,1ª Nov,2014-11-16,MT,DEMAIS ESTADOS,971870
2014/2015,1ª Nov,2014-11-16,PR,DEMAIS ESTADOS,2329225
2014/2015,1ª Nov,2014-11-16,RJ,DEMAIS ESTADOS,21492
2014/2015,1ª Nov,2014-11-16,RS,DEMAIS ESTADOS,3896
2014/2015,1ª Nov,2014-11-16,SP,SÃO PAULO,12136735
2014/2015,2ª Nov,2014-12-01,ES,DEMAIS ESTADOS,148733
2014/2015,2ª Nov,2014-12-01,GO,DEMAIS ESTADOS,2583458
2014/2015,2ª Nov,2014-12-01,MG,DEMAIS ESTADOS,2018427
2014/2015,2ª Nov,2014-12-01,MS,DEMAIS ESTADOS,1840389
2014/2015,2ª Nov,2014-12-01,MT,DEMAIS ESTADOS,514452
2014/2015,2ª Nov,2014-12-01,PR,DEMAIS ESTADOS,1641158
2014/2015,2ª Nov,2014-12-01,RJ,DEMAIS ESTADOS,17896
2014/2015,2ª Nov,2014-12-01,RS,DEMAIS ESTADOS,8222
2014/2015,2ª Nov,2014-12-01,SP,SÃO PAULO,6993255
2014/2015,1ª Dez,2014-12-16,ES,DEMAIS ESTADOS,134473
2014/2015,1ª Dez,2014-12-16,GO,DEMAIS ESTADOS,1425571
2014/2015,1ª Dez,2014-12-16,MG,DEMAIS ESTADOS,1047340
2014/2015,1ª Dez,2014-12-16,MS,DEMAIS ESTADOS,1876251
2014/2015,1ª Dez,2014-12-16,MT,DEMAIS ESTADOS,221038
2014/2015,1ª Dez,2014-12-16,PR,DEMAIS ESTADOS,1723948
2014/2015,1ª Dez,2014-12-16,RJ,DEMAIS ESTADOS,8018
2014/2015,1ª Dez,2014-12-16,RS,DEMAIS ESTADOS,5349
2014/2015,1ª Dez,2014-12-16,SP,SÃO PAULO,3720680
2014/2015,2ª Dez,2015-01-01,ES,DEMAIS ESTADOS,130941
2014/2015,2ª Dez,2015-01-01,GO,DEMAIS ESTADOS,421396
2014/2015,2ª Dez,2015-01-01,MG,DEMAIS ESTADOS,208384
2014/2015,2ª Dez,2015-01-01,MS,DEMAIS ESTADOS,946550
2014/2015,2ª Dez,2015-01-01,MT,DEMAIS ESTADOS,41529
2014/2015,2ª Dez,2015-01-01,PR,DEMAIS ESTADOS,549385
2014/2015,2ª Dez,2015-01-01,RS,DEMAIS ESTADOS,3175
2014/2015,2ª Dez,2015-01-01,SP,SÃO PAULO,1385723
2014/2015,1ª Jan,2015-01-16,ES,DEMAIS ESTADOS,97010
2014/2015,1ª Jan,2015-01-16,GO,DEMAIS ESTADOS,21972
2014/2015,1ª Jan,2015-01-16,MG,DEMAIS ESTADOS,196914
2014/2015,1ª Jan,2015-01-16,MS,DEMAIS ESTADOS,417358
2014/2015,1ª Jan,2015-01-16,PR,DEMAIS ESTADOS,68911
2014/2015,1ª Jan,2015-01-16,SP,SÃO PAULO,416881
2014/2015,2ª Jan,2015-02-01,ES,DEMAIS ESTADOS,96804
2014/2015,2ª Jan,2015-02-01,MG,DEMAIS ESTADOS,166594
2014/2015,2ª Jan,2015-02-01,MS,DEMAIS ESTADOS,311303
2014/2015,2ª Jan,2015-02-01,PR,DEMAIS ESTADOS,89833
2014/2015,2ª Jan,2015-02-01,SP,SÃO PAULO,156592
2014/2015,1ª Fev,2015-02-16,ES,DEMAIS ESTADOS,49629
2014/2015,1ª Fev,2015-02-16,MG,DEMAIS ESTADOS,68410
2014/2015,1ª Fev,2015-02-16,MS,DEMAIS ESTADOS,233928
2014/2015,1ª Fev,2015-02-16,PR,DEMAIS ESTADOS,17357
2014/2015,1ª Fev,2015-02-16,SP,SÃO PAULO,94751
2014/2015,2ª Fev,2015-03-01,ES,DEMAIS ESTADOS,45807
2014/2015,2ª Fev,2015-03-01,GO,DEMAIS ESTADOS,127931
2014/2015,2ª Fev,2015-03-01,MG,DEMAIS ESTADOS,58115
2014/2015,2ª Fev,2015-03-01,MS,DEMAIS ESTADOS,163385
2014/2015,2ª Fev,2015-03-01,PR,DEMAIS ESTADOS,23935
2014/2015,2ª Fev,2015-03-01,SP,SÃO PAULO,73015
2014/2015,1ª Mar,2015-03-16,ES,DEMAIS ESTADOS,55095
2014/2015,1ª Mar,2015-03-16,GO,DEMAIS ESTADOS,188366
2014/2015,1ª Mar,2015-03-16,MG,DEMAIS ESTADOS,58557
2014/2015,1ª Mar,2015-03-16,MS,DEMAIS ESTADOS,463624
2014/2015,1ª Mar,2015-03-16,PR,DEMAIS ESTADOS,135529
2014/2015,1ª Mar,2015-03-16,SP,SÃO PAULO,335786
2014/2015,2ª Mar,2015-04-01,ES,DEMAIS ESTADOS,54413
2014/2015,2ª Mar,2015-04-01,GO,DEMAIS ESTADOS,219364
2014/2015,2ª Mar,2015-04-01,MG,DEMAIS ESTADOS,236341
2014/2015,2ª Mar,2015-04-01,MS,DEMAIS ESTADOS,1717100
2014/2015,2ª Mar,2015-04-01,PR,DEMAIS ESTADOS,1196748
2014/2015,2ª Mar,2015-04-01,SP,SÃO PAULO,1173325
2015/2016,1ª Abr,2015-04-16,ES,DEMAIS ESTADOS,50072
2015/2016,1ª Abr,2015-04-16,GO,DEMAIS ESTADOS,1435300
2015/2016,1ª Abr,2015-04-16,MG,DEMAIS ESTADOS,1099381
2015/2016,1ª Abr,2015-04-16,MS,DEMAIS ESTADOS,2034390
2015/2016,1ª Abr,2015-04-16,MT,DEMAIS ESTADOS,266495
2015/2016,1ª Abr,2015-04-16,PR,DEMAIS ESTADOS,1900001
2015/2016,1ª Abr,2015-04-16,SP,SÃO PAULO,6260159
2015/2016,2ª Abr,2015-05-01,ES,DEMAIS ESTADOS,45161
2015/2016,2ª Abr,2015-05-01,GO,DEMAIS ESTADOS,3103351
2015/2016,2ª Abr,2015-05-01,MG,DEMAIS ESTADOS,2846146
2015/2016,2ª Abr,2015-05-01,MS,DEMAIS ESTADOS,2161063
2015/2016,2ª Abr,2015-05-01,MT,DEMAIS ESTADOS,597544
2015/2016,2ª Abr,2015-05-01,PR,DEMAIS ESTADOS,2204779
2015/2016,2ª Abr,2015-05-01,SP,SÃO PAULO,16159620
2015/2016,1ª Mai,2015-05-16,ES,DEMAIS ESTADOS,127468
2015/2016,1ª Mai,2015-05-16,GO,DEMAIS ESTADOS,4033283
2015/2016,1ª Mai,2015-05-16,MG,DEMAIS ESTADOS,2982790
2015/2016,1ª Mai,2015-05-16,MS,DEMAIS ESTADOS,2282341
2015/2016,1ª Mai,2015-05-16,MT,DEMAIS ESTADOS,847345
2015/2016,1ª Mai,2015-05-16,PR,DEMAIS ESTADOS,2088712
2015/2016,1ª Mai,2015-05-16,SP,SÃO PAULO,16309353
2015/2016,2ª Mai,2015-06-01,ES,DEMAIS ESTADOS,159796
2015/2016,2ª Mai,2015-06-01,GO,DEMAIS ESTADOS,5293897
2015/2016,2ª Mai,2015-06-01,MG,DEMAIS ESTADOS,4389553
2015/2016,2ª Mai,2015-06-01,MS,DEMAIS ESTADOS,2405701
2015/2016,2ª Mai,2015-06-01,MT,DEMAIS ESTADOS,1216719
2015/2016,2ª Mai,2015-06-01,PR,DEMAIS ESTADOS,2455976
2015/2016,2ª Mai,2015-06-01,SP,SÃO PAULO,24604258
2015/2016,1ª Jun,2015-06-16,ES,DEMAIS ESTADOS,164618
2015/2016,1ª Jun,2015-06-16,GO,DEMAIS ESTADOS,5163423
2015/2016,1ª Jun,2015-06-16,MG,DEMAIS ESTADOS,4408646
2015/2016,1ª Jun,2015-06-16,MS,DEMAIS ESTADOS,2540245
2015/2016,1ª Jun,2015-06-16,MT,DEMAIS ESTADOS,1300993
2015/2016,1ª Jun,2015-06-16,PR,DEMAIS ESTADOS,2729598
2015/2016,1ª Jun,2015-06-16,SP,SÃO PAULO,23349874
2015/2016,2ª Jun,2015-07-01,ES,DEMAIS ESTADOS,143835
2015/2016,2ª Jun,2015-07-01,GO,DEMAIS ESTADOS,5391827
2015/2016,2ª Jun,2015-07-01,MG,DEMAIS ESTADOS,4815863
2015/2016,2ª Jun,2015-07-01,MS,DEMAIS ESTADOS,3550586
2015/2016,2ª Jun,2015-07-01,MT,DEMAIS ESTADOS,1328208
2015/2016,2ª Jun,2015-07-01,PR,DEMAIS ESTADOS,3335294
2015/2016,2ª Jun,2015-07-01,RJ,DEMAIS ESTADOS,1263
2015/2016,2ª Jun,2015-07-01,SP,SÃO PAULO,28209978
2015/2016,1ª Jul,2015-07-16,ES,DEMAIS ESTADOS,199644
2015/2016,1ª Jul,2015-07-16,GO,DEMAIS ESTADOS,5148689
2015/2016,1ª Jul,2015-07-16,MG,DEMAIS ESTADOS,4557365
2015/2016,1ª Jul,2015-07-16,MS,DEMAIS ESTADOS,1258152
2015/2016,1ª Jul,2015-07-16,MT,DEMAIS ESTADOS,1302095
2015/2016,1ª Jul,2015-07-16,PR,DEMAIS ESTADOS,263269
2015/2016,1ª Jul,2015-07-16,RJ,DEMAIS ESTADOS,36797
2015/2016,1ª Jul,2015-07-16,SP,SÃO PAULO,16636313
2015/2016,2ª Jul,2015-08-01,ES,DEMAIS ESTADOS,202669
2015/2016,2ª Jul,2015-08-01,GO,DEMAIS ESTADOS,5993250
2015/2016,2ª Jul,2015-08-01,MG,DEMAIS ESTADOS,5446620
2015/2016,2ª Jul,2015-08-01,MS,DEMAIS ESTADOS,3198209
2015/2016,2ª Jul,2015-08-01,MT,DEMAIS ESTADOS,1456624
2015/2016,2ª Jul,2015-08-01,PR,DEMAIS ESTADOS,2954484
2015/2016,2ª Jul,2015-08-01,RJ,DEMAIS ESTADOS,77093
2015/2016,2ª Jul,2015-08-01,SP,SÃO PAULO,30338846
2015/2016,1ª Ago,2015-08-16,ES,DEMAIS ESTADOS,188534
2015/2016,1ª Ago,2015-08-16,GO,DEMAIS ESTADOS,5337892
2015/2016,1ª Ago,2015-08-16,MG,DEMAIS ESTADOS,4882055
2015/2016,1ª Ago,2015-08-16,MS,DEMAIS ESTADOS,3864718
2015/2016,1ª Ago,2015-08-16,MT,DEMAIS ESTADOS,1340875
2015/2016,1ª Ago,2015-08-16,PR,DEMAIS ESTADOS,3676191
2015/2016,1ª Ago,2015-08-16,RJ,DEMAIS ESTADOS,101661
2015/2016,1ª Ago,2015-08-16,RS,DEMAIS ESTADOS,19262
2015/2016,1ª Ago,2015-08-16,SP,SÃO PAULO,28397118
2015/2016,2ª Ago,2015-09-01,ES,DEMAIS ESTADOS,195388
2015/2016,2ª Ago,2015-09-01,GO,DEMAIS ESTADOS,5581516
2015/2016,2ª Ago,2015-09-01,MG,DEMAIS ESTADOS,4983840
2015/2016,2ª Ago,2015-09-01,MS,DEMAIS ESTADOS,3847287
2015/2016,2ª Ago,2015-09-01,MT,DEMAIS ESTADOS,1420846
2015/2016,2ª Ago,2015-09-01,PR,DEMAIS ESTADOS,3015901
2015/2016,2ª Ago,2015-09-01,RJ,DEMAIS ESTADOS,124252
2015/2016,2ª Ago,2015-09-01,RS,DEMAIS ESTADOS,7961
2015/2016,2ª Ago,2015-09-01,SP,SÃO PAULO,28303881
2015/2016,1ª Set,2015-09-16,ES,DEMAIS ESTADOS,165959
2015/2016,1ª Set,2015-09-16,GO,DEMAIS ESTADOS,4398764
2015/2016,1ª Set,2015-09-16,MG,DEMAIS ESTADOS,3488173
2015/2016,1ª Set,2015-09-16,MS,DEMAIS ESTADOS,2387402
2015/2016,1ª Set,2015-09-16,MT,DEMAIS ESTADOS,1318877
2015/2016,1ª Set,2015-09-16,PR,DEMAIS ESTADOS,2192855
2015/2016,1ª Set,2015-09-16,RJ,DEMAIS ESTADOS,73428
2015/2016,1ª Set,2015-09-16,RS,DEMAIS ESTADOS,8775
2015/2016,1ª Set,2015-09-16,SP,SÃO PAULO,15657756
2015/2016,2ª Set,2015-10-01,ES,DEMAIS ESTADOS,187659
2015/2016,2ª Set,2015-10-01,GO,DEMAIS ESTADOS,4972828
2015/2016,2ª Set,2015-10-01,MG,DEMAIS ESTADOS,4605532
2015/2016,2ª Set,2015-10-01,MS,DEMAIS ESTADOS,2736716
2015/2016,2ª Set,2015-10-01,MT,DEMAIS ESTADOS,1255308
2015/2016,2ª Set,2015-10-01,PR,DEMAIS ESTADOS,2360709
2015/2016,2ª Set,2015-10-01,RJ,DEMAIS ESTADOS,155331
2015/2016,2ª Set,2015-10-01,RS,DEMAIS ESTADOS,7344
2015/2016,2ª Set,2015-10-01,SP,SÃO PAULO,24367956
2015/2016,1ª Out,2015-10-16,ES,DEMAIS ESTADOS,149230
2015/2016,1ª Out,2015-10-16,GO,DEMAIS ESTADOS,4487884
2015/2016,1ª Out,2015-10-16,MG,DEMAIS ESTADOS,4306476
2015/2016,1ª Out,2015-10-16,MS,DEMAIS ESTADOS,1785639
2015/2016,1ª Out,2015-10-16,MT,DEMAIS ESTADOS,1115804
2015/2016,1ª Out,2015-10-16,PR,DEMAIS ESTADOS,1321350
2015/2016,1ª Out,2015-10-16,RJ,DEMAIS ESTADOS,169311
2015/2016,1ª Out,2015-10-16,RS,DEMAIS ESTADOS,4409
2015/2016,1ª Out,2015-10-16,SP,SÃO PAULO,22976350
2015/2016,2ª Out,2015-11-01,ES,DEMAIS ESTADOS,165807
2015/2016,2ª Out,2015-11-01,GO,DEMAIS ESTADOS,4416823
2015/2016,2ª Out,2015-11-01,MG,DEMAIS ESTADOS,3845980
2015/2016,2ª Out,2015-11-01,MS,DEMAIS ESTADOS,3015039
2015/2016,2ª Out,2015-11-01,MT,DEMAIS ESTADOS,1075806
2015/2016,2ª Out,2015-11-01,PR,DEMAIS ESTADOS,2883229
2015/2016,2ª Out,2015-11-01,RJ,DEMAIS ESTADOS,123902
2015/2016,2ª Out,2015-11-01,RS,DEMAIS ESTADOS,6677
2015/2016,2ª Out,2015-11-01,SP,SÃO PAULO,23116705
2015/2016,1ª Nov,2015-11-16,ES,DEMAIS ESTADOS,161596
2015/2016,1ª Nov,2015-11-16,GO,DEMAIS ESTADOS,3416221
2015/2016,1ª Nov,2015-11-16,MG,DEMAIS ESTADOS,2822268
2015/2016,1ª Nov,2015-11-16,MS,DEMAIS ESTADOS,2192713
2015/2016,1ª Nov,2015-11-16,MT,DEMAIS ESTADOS,673787
2015/2016,1ª Nov,2015-11-16,PR,DEMAIS ESTADOS,1606994
2015/2016,1ª Nov,2015-11-16,RJ,DEMAIS ESTADOS,89695
2015/2016,1ª Nov,2015-11-16,RS,DEMAIS ESTADOS,1972
2015/2016,1ª Nov,2015-11-16,SP,SÃO PAULO,14736915
2015/2016,2ª Nov,2015-12-01,ES,DEMAIS ESTADOS,152820
2015/2016,2ª Nov,2015-12-01,GO,DEMAIS ESTADOS,2422606
2015/2016,2ª Nov,2015-12-01,MG,DEMAIS ESTADOS,2170030
2015/2016,2ª Nov,2015-12-01,MS,DEMAIS ESTADOS,1313544
2015/2016,2ª Nov,2015-12-01,MT,DEMAIS ESTADOS,546334
2015/2016,2ª Nov,2015-12-01,PR,DEMAIS ESTADOS,555142
2015/2016,2ª Nov,2015-12-01,RJ,DEMAIS ESTADOS,33100
2015/2016,2ª Nov,2015-12-01,RS,DEMAIS ESTADOS,2791
2015/2016,2ª Nov,2015-12-01,SP,SÃO PAULO,11645832
2015/2016,1ª Dez,2015-12-16,ES,DEMAIS ESTADOS,111821
2015/2016,1ª Dez,2015-12-16,GO,DEMAIS ESTADOS,1673631
2015/2016,1ª Dez,2015-12-16,MG,DEMAIS ESTADOS,1587668
2015/2016,1ª Dez,2015-12-16,MS,DEMAIS ESTADOS,824527
2015/2016,1ª Dez,2015-12-16,MT,DEMAIS ESTADOS,38339
2015/2016,1ª Dez,2015-12-16,PR,DEMAIS ESTADOS,1281778
2015/2016,1ª Dez,2015-12-16,RJ,DEMAIS ESTADOS,25215
2015/2016,1ª Dez,2015-12-16,RS,DEMAIS ESTADOS,1725
2015/2016,1ª Dez,2015-12-16,SP,SÃO PAULO,12448059
2015/2016,2ª Dez,2016-01-01,ES,DEMAIS ESTADOS,103853
2015/2016,2ª Dez,2016-01-01,GO,DEMAIS ESTADOS,498625
2015/2016,2ª Dez,2016-01-01,MG,DEMAIS ESTADOS,657877
2015/2016,2ª Dez,2016-01-01,MS,DEMAIS ESTADOS,986086
2015/2016,2ª Dez,2016-01-01,PR,DEMAIS ESTADOS,1003116
2015/2016,2ª Dez,2016-01-01,RJ,DEMAIS ESTADOS,31992
2015/2016,2ª Dez,2016-01-01,RS,DEMAIS ESTADOS,322
2015/2016,2ª Dez,2016-01-01,SP,SÃO PAULO,7278677
2015/2016,1ª Jan,2016-01-16,ES,DEMAIS ESTADOS,31174
2015/2016,1ª Jan,2016-01-16,MG,DEMAIS ESTADOS,60007
2015/2016,1ª Jan,2016-01-16,MS,DEMAIS ESTADOS,111209
2015/2016,1ª Jan,2016-01-16,PR,DEMAIS ESTADOS,306420
2015/2016,1ª Jan,2016-01-16,RJ,DEMAIS ESTADOS,21130
2015/2016,1ª Jan,2016-01-16,SP,SÃO PAULO,1354770
2015/2016,2ª Jan,2016-02-01,ES,DEMAIS ESTADOS,27913
2015/2016,2ª Jan,2016-02-01,GO,DEMAIS ESTADOS,5
2015/2016,2ª Jan,2016-02-01,MG,DEMAIS ESTADOS,64776
2015/2016,2ª Jan,2016-02-01,MS,DEMAIS ESTADOS,1233180
2015/2016,2ª Jan,2016-02-01,PR,DEMAIS ESTADOS,520191
2015/2016,2ª Jan,2016-02-01,RJ,DEMAIS ESTADOS,1987
2015/2016,2ª Jan,2016-02-01,SP,SÃO PAULO,2194562
2015/2016,1ª Fev,2016-02-16,ES,DEMAIS ESTADOS,18364
2015/2016,1ª Fev,2016-02-16,GO,DEMAIS ESTADOS,113324
2015/2016,1ª Fev,2016-02-16,MG,DEMAIS ESTADOS,70706
2015/2016,1ª Fev,2016-02-16,MS,DEMAIS ESTADOS,614819
2015/2016,1ª Fev,2016-02-16,PR,DEMAIS ESTADOS,328915
2015/2016,1ª Fev,2016-02-16,SP,SÃO PAULO,1627319
2015/2016,2ª Fev,2016-03-01,ES,DEMAIS ESTADOS,22446
2015/2016,2ª Fev,2016-03-01,GO,DEMAIS ESTADOS,109912
2015/2016,2ª Fev,2016-03-01,MG,DEMAIS ESTADOS,41938
2015/2016,2ª Fev,2016-03-01,MS,DEMAIS ESTADOS,339841
2015/2016,2ª Fev,2016-03-01,PR,DEMAIS ESTADOS,41497
2015/2016,2ª Fev,2016-03-01,SP,SÃO PAULO,497817
2015/2016,1ª Mar,2016-03-16,ES,DEMAIS ESTADOS,20079
2015/2016,1ª Mar,2016-03-16,GO,DEMAIS ESTADOS,195731
2015/2016,1ª Mar,2016-03-16,MG,DEMAIS ESTADOS,129325
2015/2016,1ª Mar,2016-03-16,MS,DEMAIS ESTADOS,1153366
2015/2016,1ª Mar,2016-03-16,PR,DEMAIS ESTADOS,1077780
2015/2016,1ª Mar,2016-03-16,SP,SÃO PAULO,2724979
2015/2016,2ª Mar,2016-04-01,ES,DEMAIS ESTADOS,13656
2015/2016,2ª Mar,2016-04-01,GO,DEMAIS ESTADOS,332895
2015/2016,2ª Mar,2016-04-01,MG,DEMAIS ESTADOS,590304
2015/2016,2ª Mar,2016-04-01,MS,DEMAIS ESTADOS,1979847
2015/2016,2ª Mar,2016-04-01,MT,DEMAIS ESTADOS,48552
2015/2016,2ª Mar,2016-04-01,PR,DEMAIS ESTADOS,2003446
2015/2016,2ª Mar,2016-04-01,SP,SÃO PAULO,9125534
2016/2017,1ª Abr,2016-04-16,GO,DEMAIS ESTADOS,2614155
2016/2017,1ª Abr,2016-04-16,MG,DEMAIS ESTADOS,2888448
2016/2017,1ª Abr,2016-04-16,MS,DEMAIS ESTADOS,3102471
2016/2017,1ª Abr,2016-04-16,MT,DEMAIS ESTADOS,320928
2016/2017,1ª Abr,2016-04-16,PR,DEMAIS ESTADOS,3203679
2016/2017,1ª Abr,2016-04-16,SP,SÃO PAULO,20807630
2016/2017,2ª Abr,2016-05-01,GO,DEMAIS ESTADOS,3676481
2016/2017,2ª Abr,2016-05-01,MG,DEMAIS ESTADOS,3713688
2016/2017,2ª Abr,2016-05-01,MS,DEMAIS ESTADOS,2683691
2016/2017,2ª Abr,2016-05-01,MT,DEMAIS ESTADOS,640125
2016/2017,2ª Abr,2016-05-01,PR,DEMAIS ESTADOS,2516980
2016/2017,2ª Abr,2016-05-01,SP,SÃO PAULO,23003133
2016/2017,1ª Mai,2016-05-16,ES,DEMAIS ESTADOS,76021
2016/2017,1ª Mai,2016-05-16,GO,DEMAIS ESTADOS,4943464
2016/2017,1ª Mai,2016-05-16,MG,DEMAIS ESTADOS,4355291
2016/2017,1ª Mai,2016-05-16,MS,DEMAIS ESTADOS,1974766
2016/2017,1ª Mai,2016-05-16,MT,DEMAIS ESTADOS,1067159
2016/2017,1ª Mai,2016-05-16,PR,DEMAIS ESTADOS,2069152
2016/2017,1ª Mai,2016-05-16,SP,SÃO PAULO,25206199
2016/2017,2ª Mai,2016-06-01,ES,DEMAIS ESTADOS,152429
2016/2017,2ª Mai,2016-06-01,GO,DEMAIS ESTADOS,5373192
2016/2017,2ª Mai,2016-06-01,MG,DEMAIS ESTADOS,4340350
2016/2017,2ª Mai,2016-06-01,MS,DEMAIS ESTADOS,1428270
2016/2017,2ª Mai,2016-06-01,MT,DEMAIS ESTADOS,1276189
2016/2017,2ª Mai,2016-06-01,PR,DEMAIS ESTADOS,1252919
2016/2017,2ª Mai,2016-06-01,SP,SÃO PAULO,18683238
2016/2017,1ª Jun,2016-06-16,ES,DEMAIS ESTADOS,174806
2016/2017,1ª Jun,2016-06-16,GO,DEMAIS ESTADOS,5087812
2016/2017,1ª Jun,2016-06-16,MG,DEMAIS ESTADOS,3601664
2016/2017,1ª Jun,2016-06-16,MS,DEMAIS ESTADOS,1686829
2016/2017,1ª Jun,2016-06-16,MT,DEMAIS ESTADOS,1288668
2016/2017,1ª Jun,2016-06-16,PR,DEMAIS ESTADOS,1712109
2016/2017,1ª Jun,2016-06-16,RJ,DEMAIS ESTADOS,113675
2016/2017,1ª Jun,2016-06-16,SP,SÃO PAULO,12321236
2016/2017,2ª Jun,2016-07-01,ES,DEMAIS ESTADOS,171394
2016/2017,2ª Jun,2016-07-01,GO,DEMAIS ESTADOS,5513352
2016/2017,2ª Jun,2016-07-01,MG,DEMAIS ESTADOS,4922083
2016/2017,2ª Jun,2016-07-01,MS,DEMAIS ESTADOS,3747724
2016/2017,2ª Jun,2016-07-01,MT,DEMAIS ESTADOS,1323430
2016/2017,2ª Jun,2016-07-01,PR,DEMAIS ESTADOS,3341482
2016/2017,2ª Jun,2016-07-01,RJ,DEMAIS ESTADOS,184402
2016/2017,2ª Jun,2016-07-01,SP,SÃO PAULO,29029926
2016/2017,1ª Jul,2016-07-16,ES,DEMAIS ESTADOS,173746
2016/2017,1ª Jul,2016-07-16,GO,DEMAIS ESTADOS,5318585
2016/2017,1ª Jul,2016-07-16,MG,DEMAIS ESTADOS,4984259
2016/2017,1ª Jul,2016-07-16,MS,DEMAIS ESTADOS,3432281
2016/2017,1ª Jul,2016-07-16,MT,DEMAIS ESTADOS,1341673
2016/2017,1ª Jul,2016-07-16,PR,DEMAIS ESTADOS,3375470
2016/2017,1ª Jul,2016-07-16,RJ,DEMAIS ESTADOS,200416
2016/2017,1ª Jul,2016-07-16,RS,DEMAIS ESTADOS,4210
2016/2017,1ª Jul,2016-07-16,SP,SÃO PAULO,28253138
2016/2017,2ª Jul,2016-08-01,ES,DEMAIS ESTADOS,184507
2016/2017,2ª Jul,2016-08-01,GO,DEMAIS ESTADOS,5636307
2016/2017,2ª Jul,2016-08-01,MG,DEMAIS ESTADOS,5145057
2016/2017,2ª Jul,2016-08-01,MS,DEMAIS ESTADOS,3642935
2016/2017,2ª Jul,2016-08-01,MT,DEMAIS ESTADOS,1447029
2016/2017,2ª Jul,2016-08-01,PR,DEMAIS ESTADOS,3208815
2016/2017,2ª Jul,2016-08-01,RJ,DEMAIS ESTADOS,230761
2016/2017,2ª Jul,2016-08-01,RS,DEMAIS ESTADOS,6862
2016/2017,2ª Jul,2016-08-01,SP,SÃO PAULO,29927804
2016/2017,1ª Ago,2016-08-16,ES,DEMAIS ESTADOS,138460
2016/2017,1ª Ago,2016-08-16,GO,DEMAIS ESTADOS,5096082
2016/2017,1ª Ago,2016-08-16,MG,DEMAIS ESTADOS,4759067
2016/2017,1ª Ago,2016-08-16,MS,DEMAIS ESTADOS,3389411
2016/2017,1ª Ago,2016-08-16,MT,DEMAIS ESTADOS,1327017
2016/2017,1ª Ago,2016-08-16,PR,DEMAIS ESTADOS,3071782
2016/2017,1ª Ago,2016-08-16,RJ,DEMAIS ESTADOS,201732
2016/2017,1ª Ago,2016-08-16,RS,DEMAIS ESTADOS,10222
2016/2017,1ª Ago,2016-08-16,SP,SÃO PAULO,27140144
2016/2017,2ª Ago,2016-09-01,ES,DEMAIS ESTADOS,122328
2016/2017,2ª Ago,2016-09-01,GO,DEMAIS ESTADOS,4870823
2016/2017,2ª Ago,2016-09-01,MG,DEMAIS ESTADOS,4505353
2016/2017,2ª Ago,2016-09-01,MS,DEMAIS ESTADOS,2416412
2016/2017,2ª Ago,2016-09-01,MT,DEMAIS ESTADOS,1146365
2016/2017,2ª Ago,2016-09-01,PR,DEMAIS ESTADOS,1878220
2016/2017,2ª Ago,2016-09-01,RJ,DEMAIS ESTADOS,254085
2016/2017,2ª Ago,2016-09-01,RS,DEMAIS ESTADOS,7518
2016/2017,2ª Ago,2016-09-01,SP,SÃO PAULO,23395782
2016/2017,1ª Set,2016-09-16,ES,DEMAIS ESTADOS,83539
2016/2017,1ª Set,2016-09-16,GO,DEMAIS ESTADOS,4809203
2016/2017,1ª Set,2016-09-16,MG,DEMAIS ESTADOS,4576395
2016/2017,1ª Set,2016-09-16,MS,DEMAIS ESTADOS,2699669
2016/2017,1ª Set,2016-09-16,MT,DEMAIS ESTADOS,1146600
2016/2017,1ª Set,2016-09-16,PR,DEMAIS ESTADOS,2408069
2016/2017,1ª Set,2016-09-16,RJ,DEMAIS ESTADOS,185376
2016/2017,1ª Set,2016-09-16,RS,DEMAIS ESTADOS,5133
2016/2017,1ª Set,2016-09-16,SP,SÃO PAULO,21967440
2016/2017,2ª Set,2016-10-01,ES,DEMAIS ESTADOS,39121
2016/2017,2ª Set,2016-10-01,GO,DEMAIS ESTADOS,4334083
2016/2017,2ª Set,2016-10-01,MG,DEMAIS ESTADOS,4272929
2016/2017,2ª Set,2016-10-01,MS,DEMAIS ESTADOS,3413556
2016/2017,2ª Set,2016-10-01,MT,DEMAIS ESTADOS,1128751
2016/2017,2ª Set,2016-10-01,PR,DEMAIS ESTADOS,3049638
2016/2017,2ª Set,2016-10-01,RJ,DEMAIS ESTADOS,88541
2016/2017,2ª Set,2016-10-01,RS,DEMAIS ESTADOS,7932
2016/2017,2ª Set,2016-10-01,SP,SÃO PAULO,26192880
2016/2017,1ª Out,2016-10-16,ES,DEMAIS ESTADOS,27823
2016/2017,1ª Out,2016-10-16,GO,DEMAIS ESTADOS,3178307
2016/2017,1ª Out,2016-10-16,MG,DEMAIS ESTADOS,2978562
2016/2017,1ª Out,2016-10-16,MS,DEMAIS ESTADOS,2571471
2016/2017,1ª Out,2016-10-16,MT,DEMAIS ESTADOS,917310
2016/2017,1ª Out,2016-10-16,PR,DEMAIS ESTADOS,2198100
2016/2017,1ª Out,2016-10-16,RJ,DEMAIS ESTADOS,38922
2016/2017,1ª Out,2016-10-16,RS,DEMAIS ESTADOS,3646
2016/2017,1ª Out,2016-10-16,SP,SÃO PAULO,20278613
2016/2017,2ª Out,2016-11-01,ES,DEMAIS ESTADOS,7263
2016/2017,2ª Out,2016-11-01,GO,DEMAIS ESTADOS,3163144
2016/2017,2ª Out,2016-11-01,MG,DEMAIS ESTADOS,3590441
2016/2017,2ª Out,2016-11-01,MS,DEMAIS ESTADOS,2544073
2016/2017,2ª Out,2016-11-01,MT,DEMAIS ESTADOS,949920
2016/2017,2ª Out,2016-11-01,PR,DEMAIS ESTADOS,2329285
2016/2017,2ª Out,2016-11-01,RJ,DEMAIS ESTADOS,49754
2016/2017,2ª Out,2016-11-01,SP,SÃO PAULO,19177780
2016/2017,1ª Nov,2016-11-16,GO,DEMAIS ESTADOS,1524211
2016/2017,1ª Nov,2016-11-16,MG,DEMAIS ESTADOS,1871267
2016/2017,1ª Nov,2016-11-16,MS,DEMAIS ESTADOS,2610304
2016/2017,1ª Nov,2016-11-16,MT,DEMAIS ESTADOS,626553
2016/2017,1ª Nov,2016-11-16,PR,DEMAIS ESTADOS,2175061
2016/2017,1ª Nov,2016-11-16,RJ,DEMAIS ESTADOS,5076
2016/2017,1ª Nov,2016-11-16,SP,SÃO PAULO,12958752
2016/2017,2ª Nov,2016-12-01,GO,DEMAIS ESTADOS,1092679
2016/2017,2ª Nov,2016-12-01,MG,DEMAIS ESTADOS,1540793
2016/2017,2ª Nov,2016-12-01,MS,DEMAIS ESTADOS,2536069
2016/2017,2ª Nov,2016-12-01,MT,DEMAIS ESTADOS,394793
2016/2017,2ª Nov,2016-12-01,PR,DEMAIS ESTADOS,993191
2016/2017,2ª Nov,2016-12-01,SP,SÃO PAULO,13124161
2016/2017,1ª Dez,2016-12-16,GO,DEMAIS ESTADOS,340082
2016/2017,1ª Dez,2016-12-16,MG,DEMAIS ESTADOS,562601
2016/2017,1ª Dez,2016-12-16,MS,DEMAIS ESTADOS,1245053
2016/2017,1ª Dez,2016-12-16,PR,DEMAIS ESTADOS,387959
2016/2017,1ª Dez,2016-12-16,SP,SÃO PAULO,4693123
2016/2017,2ª Dez,2017-01-01,GO,DEMAIS ESTADOS,39005
2016/2017,2ª Dez,2017-01-01,MG,DEMAIS ESTADOS,183963
2016/2017,2ª Dez,2017-01-01,MS,DEMAIS ESTADOS,659310
2016/2017,2ª Dez,2017-01-01,PR,DEMAIS ESTADOS,83070
2016/2017,2ª Dez,2017-01-01,SP,SÃO PAULO,2155237
2016/2017,1ª Jan,2017-01-16,MG,DEMAIS ESTADOS,27236
2016/2017,1ª Jan,2017-01-16,MS,DEMAIS ESTADOS,534526
2016/2017,1ª Jan,2017-01-16,SP,SÃO PAULO,620064
2016/2017,2ª Jan,2017-02-01,GO,DEMAIS ESTADOS,35863
2016/2017,2ª Jan,2017-02-01,MG,DEMAIS ESTADOS,20185
2016/2017,2ª Jan,2017-02-01,MS,DEMAIS ESTADOS,445803
2016/2017,2ª Jan,2017-02-01,PR,DEMAIS ESTADOS,10199
2016/2017,2ª Jan,2017-02-01,SP,SÃO PAULO,77298
2016/2017,1ª Fev,2017-02-16,GO,DEMAIS ESTADOS,169156
2016/2017,1ª Fev,2017-02-16,MG,DEMAIS ESTADOS,24276
2016/2017,1ª Fev,2017-02-16,MS,DEMAIS ESTADOS,415595
2016/2017,1ª Fev,2017-02-16,SP,SÃO PAULO,302686
2016/2017,2ª Fev,2017-03-01,GO,DEMAIS ESTADOS,194631
2016/2017,2ª Fev,2017-03-01,MS,DEMAIS ESTADOS,585179
2016/2017,2ª Fev,2017-03-01,PR,DEMAIS ESTADOS,127667
2016/2017,2ª Fev,2017-03-01,SP,SÃO PAULO,252288
2016/2017,1ª Mar,2017-03-16,GO,DEMAIS ESTADOS,220572
2016/2017,1ª Mar,2017-03-16,MS,DEMAIS ESTADOS,1046280
2016/2017,1ª Mar,2017-03-16,PR,DEMAIS ESTADOS,280105
2016/2017,1ª Mar,2017-03-16,SP,SÃO PAULO,1732905
2016/2017,2ª Mar,2017-04-01,GO,DEMAIS ESTADOS,398654
2016/2017,2ª Mar,2017-04-01,MG,DEMAIS ESTADOS,652185
2016/2017,2ª Mar,2017-04-01,MS,DEMAIS ESTADOS,1480147
2016/2017,2ª Mar,2017-04-01,PR,DEMAIS ESTADOS,744135
2016/2017,2ª Mar,2017-04-01,SP,SÃO PAULO,4688182
2017/2018,1ª Abr,2017-04-16,GO,DEMAIS ESTADOS,1777933
2017/2018,1ª Abr,2017-04-16,MG,DEMAIS ESTADOS,2347327
2017/2018,1ª Abr,2017-04-16,MS,DEMAIS ESTADOS,1796848
2017/2018,1ª Abr,2017-04-16,MT,DEMAIS ESTADOS,186811
2017/2018,1ª Abr,2017-04-16,PR,DEMAIS ESTADOS,987545
2017/2018,1ª Abr,2017-04-16,SP,SÃO PAULO,10584086
2017/2018,2ª Abr,2017-05-01,ES,DEMAIS ESTADOS,85314
2017/2018,2ª Abr,2017-05-01,GO,DEMAIS ESTADOS,2805312
2017/2018,2ª Abr,2017-05-01,MG,DEMAIS ESTADOS,3047876
2017/2018,2ª Abr,2017-05-01,MS,DEMAIS ESTADOS,1529001
2017/2018,2ª Abr,2017-05-01,MT,DEMAIS ESTADOS,492701
2017/2018,2ª Abr,2017-05-01,PR,DEMAIS ESTADOS,1400727
2017/2018,2ª Abr,2017-05-01,RJ,DEMAIS ESTADOS,29518
2017/2018,2ª Abr,2017-05-01,SP,SÃO PAULO,14873661
2017/2018,1ª Mai,2017-05-16,ES,DEMAIS ESTADOS,134282
2017/2018,1ª Mai,2017-05-16,GO,DEMAIS ESTADOS,4764415
2017/2018,1ª Mai,2017-05-16,MG,DEMAIS ESTADOS,4206515
2017/2018,1ª Mai,2017-05-16,MS,DEMAIS ESTADOS,2564926
2017/2018,1ª Mai,2017-05-16,MT,DEMAIS ESTADOS,1026495
2017/2018,1ª Mai,2017-05-16,PR,DEMAIS ESTADOS,1945310
2017/2018,1ª Mai,2017-05-16,RJ,DEMAIS ESTADOS,74779
2017/2018,1ª Mai,2017-05-16,SP,SÃO PAULO,23856681
2017/2018,2ª Mai,2017-06-01,ES,DEMAIS ESTADOS,147075
2017/2018,2ª Mai,2017-06-01,GO,DEMAIS ESTADOS,4590892
2017/2018,2ª Mai,2017-06-01,MG,DEMAIS ESTADOS,3720235
2017/2018,2ª Mai,2017-06-01,MS,DEMAIS ESTADOS,1710266
2017/2018,2ª Mai,2017-06-01,MT,DEMAIS ESTADOS,1253162
2017/2018,2ª Mai,2017-06-01,PR,DEMAIS ESTADOS,1733925
2017/2018,2ª Mai,2017-06-01,RJ,DEMAIS ESTADOS,61795
2017/2018,2ª Mai,2017-06-01,SP,SÃO PAULO,18473518
2017/2018,1ª Jun,2017-06-16,ES,DEMAIS ESTADOS,197378
2017/2018,1ª Jun,2017-06-16,GO,DEMAIS ESTADOS,5407463
2017/2018,1ª Jun,2017-06-16,MG,DEMAIS ESTADOS,4800655
2017/2018,1ª Jun,2017-06-16,MS,DEMAIS ESTADOS,2219372
2017/2018,1ª Jun,2017-06-16,MT,DEMAIS ESTADOS,1321758
2017/2018,1ª Jun,2017-06-16,PR,DEMAIS ESTADOS,1204860
2017/2018,1ª Jun,2017-06-16,RJ,DEMAIS ESTADOS,89532
2017/2018,1ª Jun,2017-06-16,SP,SÃO PAULO,24265890
2017/2018,2ª Jun,2017-07-01,ES,DEMAIS ESTADOS,131755
2017/2018,2ª Jun,2017-07-01,GO,DEMAIS ESTADOS,5493271
2017/2018,2ª Jun,2017-07-01,MG,DEMAIS ESTADOS,5047207
2017/2018,2ª Jun,2017-07-01,MS,DEMAIS ESTADOS,3456113
2017/2018,2ª Jun,2017-07-01,MT,DEMAIS ESTADOS,1358994
2017/2018,2ª Jun,2017-07-01,PR,DEMAIS ESTADOS,3100406
2017/2018,2ª Jun,2017-07-01,RJ,DEMAIS ESTADOS,97933
2017/2018,2ª Jun,2017-07-01,SP,SÃO PAULO,29029167
2017/2018,1ª Jul,2017-07-16,ES,DEMAIS ESTADOS,124464
2017/2018,1ª Jul,2017-07-16,GO,DEMAIS ESTADOS,5552944
2017/2018,1ª Jul,2017-07-16,MG,DEMAIS ESTADOS,4930024
2017/2018,1ª Jul,2017-07-16,MS,DEMAIS ESTADOS,3961907
2017/2018,1ª Jul,2017-07-16,MT,DEMAIS ESTADOS,1325489
2017/2018,1ª Jul,2017-07-16,PR,DEMAIS ESTADOS,3362756
2017/2018,1ª Jul,2017-07-16,RJ,DEMAIS ESTADOS,88554
2017/2018,1ª Jul,2017-07-16,SP,SÃO PAULO,28653598
2017/2018,2ª Jul,2017-08-01,ES,DEMAIS ESTADOS,182301
2017/2018,2ª Jul,2017-08-01,GO,DEMAIS ESTADOS,5890362
2017/2018,2ª Jul,2017-08-01,MG,DEMAIS ESTADOS,5302155
2017/2018,2ª Jul,2017-08-01,MS,DEMAIS ESTADOS,4101223
2017/2018,2ª Jul,2017-08-01,MT,DEMAIS ESTADOS,1486990
2017/2018,2ª Jul,2017-08-01,PR,DEMAIS ESTADOS,3519897
2017/2018,2ª Jul,2017-08-01,RJ,DEMAIS ESTADOS,131118
2017/2018,2ª Jul,2017-08-01,RS,DEMAIS ESTADOS,10805
2017/2018,2ª Jul,2017-08-01,SP,SÃO PAULO,30282403
2017/2018,1ª Ago,2017-08-16,ES,DEMAIS ESTADOS,200589
2017/2018,1ª Ago,2017-08-16,GO,DEMAIS ESTADOS,5322469
2017/2018,1ª Ago,2017-08-16,MG,DEMAIS ESTADOS,4866060
2017/2018,1ª Ago,2017-08-16,MS,DEMAIS ESTADOS,3539558
2017/2018,1ª Ago,2017-08-16,MT,DEMAIS ESTADOS,1302065
2017/2018,1ª Ago,2017-08-16,PR,DEMAIS ESTADOS,2775503
2017/2018,1ª Ago,2017-08-16,RJ,DEMAIS ESTADOS,139256
2017/2018,1ª Ago,2017-08-16,RS,DEMAIS ESTADOS,6049
2017/2018,1ª Ago,2017-08-16,SP,SÃO PAULO,27284675
2017/2018,2ª Ago,2017-09-01,ES,DEMAIS ESTADOS,224093
2017/2018,2ª Ago,2017-09-01,GO,DEMAIS ESTADOS,5463234
2017/2018,2ª Ago,2017-09-01,MG,DEMAIS ESTADOS,4954736
2017/2018,2ª Ago,2017-09-01,MS,DEMAIS ESTADOS,2562491
2017/2018,2ª Ago,2017-09-01,MT,DEMAIS ESTADOS,1352273
2017/2018,2ª Ago,2017-09-01,PR,DEMAIS ESTADOS,2098146
2017/2018,2ª Ago,2017-09-01,RJ,DEMAIS ESTADOS,111076
2017/2018,2ª Ago,2017-09-01,RS,DEMAIS ESTADOS,9298
2017/2018,2ª Ago,2017-09-01,SP,SÃO PAULO,22300257
2017/2018,1ª Set,2017-09-16,ES,DEMAIS ESTADOS,177223
2017/2018,1ª Set,2017-09-16,GO,DEMAIS ESTADOS,4999652
2017/2018,1ª Set,2017-09-16,MG,DEMAIS ESTADOS,4635238
2017/2018,1ª Set,2017-09-16,MS,DEMAIS ESTADOS,3693650
2017/2018,1ª Set,2017-09-16,MT,DEMAIS ESTADOS,1161079
2017/2018,1ª Set,2017-09-16,PR,DEMAIS ESTADOS,3239719
2017/2018,1ª Set,2017-09-16,RJ,DEMAIS ESTADOS,105889
2017/2018,1ª Set,2017-09-16,RS,DEMAIS ESTADOS,8715
2017/2018,1ª Set,2017-09-16,SP,SÃO PAULO,27451945
2017/2018,2ª Set,2017-10-01,ES,DEMAIS ESTADOS,158097
2017/2018,2ª Set,2017-10-01,GO,DEMAIS ESTADOS,4460343
2017/2018,2ª Set,2017-10-01,MG,DEMAIS ESTADOS,4189517
2017/2018,2ª Set,2017-10-01,MS,DEMAIS ESTADOS,3194273
2017/2018,2ª Set,2017-10-01,MT,DEMAIS ESTADOS,1147377
2017/2018,2ª Set,2017-10-01,PR,DEMAIS ESTADOS,2734386
2017/2018,2ª Set,2017-10-01,RJ,DEMAIS ESTADOS,68485
2017/2018,2ª Set,2017-10-01,RS,DEMAIS ESTADOS,5151
2017/2018,2ª Set,2017-10-01,SP,SÃO PAULO,24502349
2017/2018,1ª Out,2017-10-16,ES,DEMAIS ESTADOS,149008
2017/2018,1ª Out,2017-10-16,GO,DEMAIS ESTADOS,4005674
2017/2018,1ª Out,2017-10-16,MG,DEMAIS ESTADOS,3778782
2017/2018,1ª Out,2017-10-16,MS,DEMAIS ESTADOS,2471124
2017/2018,1ª Out,2017-10-16,MT,DEMAIS ESTADOS,1044556
2017/2018,1ª Out,2017-10-16,PR,DEMAIS ESTADOS,1622744
2017/2018,1ª Out,2017-10-16,RJ,DEMAIS ESTADOS,28968
2017/2018,1ª Out,2017-10-16,RS,DEMAIS ESTADOS,2582
2017/2018,1ª Out,2017-10-16,SP,SÃO PAULO,19416402
2017/2018,2ª Out,2017-11-01,ES,DEMAIS ESTADOS,174810
2017/2018,2ª Out,2017-11-01,GO,DEMAIS ESTADOS,4216631
2017/2018,2ª Out,2017-11-01,MG,DEMAIS ESTADOS,3608365
2017/2018,2ª Out,2017-11-01,MS,DEMAIS ESTADOS,2157253
2017/2018,2ª Out,2017-11-01,MT,DEMAIS ESTADOS,894562
2017/2018,2ª Out,2017-11-01,PR,DEMAIS ESTADOS,1405573
2017/2018,2ª Out,2017-11-01,RJ,DEMAIS ESTADOS,32834
2017/2018,2ª Out,2017-11-01,RS,DEMAIS ESTADOS,2222
2017/2018,2ª Out,2017-11-01,SP,SÃO PAULO,17651976
2017/2018,1ª Nov,2017-11-16,ES,DEMAIS ESTADOS,114640
2017/2018,1ª Nov,2017-11-16,GO,DEMAIS ESTADOS,2440238
2017/2018,1ª Nov,2017-11-16,MG,DEMAIS ESTADOS,2661907
2017/2018,1ª Nov,2017-11-16,MS,DEMAIS ESTADOS,1872296
2017/2018,1ª Nov,2017-11-16,MT,DEMAIS ESTADOS,492573
2017/2018,1ª Nov,2017-11-16,PR,DEMAIS ESTADOS,1692499
2017/2018,1ª Nov,2017-11-16,RJ,DEMAIS ESTADOS,2051
2017/2018,1ª Nov,2017-11-16,SP,SÃO PAULO,14173536
2017/2018,2ª Nov,2017-12-01,ES,DEMAIS ESTADOS,148555
2017/2018,2ª Nov,2017-12-01,GO,DEMAIS ESTADOS,2166938
2017/2018,2ª Nov,2017-12-01,MG,DEMAIS ESTADOS,1312248
2017/2018,2ª Nov,2017-12-01,MS,DEMAIS ESTADOS,1263615
2017/2018,2ª Nov,2017-12-01,MT,DEMAIS ESTADOS,263499
2017/2018,2ª Nov,2017-12-01,PR,DEMAIS ESTADOS,1546614
2017/2018,2ª Nov,2017-12-01,SP,SÃO PAULO,8569409
2017/2018,1ª Dez,2017-12-16,ES,DEMAIS ESTADOS,17519
2017/2018,1ª Dez,2017-12-16,GO,DEMAIS ESTADOS,600722
2017/2018,1ª Dez,2017-12-16,MG,DEMAIS ESTADOS,442634
2017/2018,1ª Dez,2017-12-16,MS,DEMAIS ESTADOS,952280
2017/2018,1ª Dez,2017-12-16,PR,DEMAIS ESTADOS,1774186
2017/2018,1ª Dez,2017-12-16,SP,SÃO PAULO,6729259
2017/2018,2ª Dez,2018-01-01,ES,DEMAIS ESTADOS,13554
2017/2018,2ª Dez,2018-01-01,GO,DEMAIS ESTADOS,95085
2017/2018,2ª Dez,2018-01-01,MG,DEMAIS ESTADOS,112465
2017/2018,2ª Dez,2018-01-01,MS,DEMAIS ESTADOS,444116
2017/2018,2ª Dez,2018-01-01,PR,DEMAIS ESTADOS,338269
2017/2018,2ª Dez,2018-01-01,SP,SÃO PAULO,1552564
2017/2018,1ª Jan,2018-01-16,MS,DEMAIS ESTADOS,157666
2017/2018,1ª Jan,2018-01-16,PR,DEMAIS ESTADOS,6939
2017/2018,1ª Jan,2018-01-16,SP,SÃO PAULO,1817
2017/2018,2ª Jan,2018-02-01,MS,DEMAIS ESTADOS,383655
2017/2018,2ª Jan,2018-02-01,PR,DEMAIS ESTADOS,13349
2017/2018,2ª Jan,2018-02-01,SP,SÃO PAULO,23761
2017/2018,1ª Fev,2018-02-16,GO,DEMAIS ESTADOS,43233
2017/2018,1ª Fev,2018-02-16,MS,DEMAIS ESTADOS,422031
2017/2018,1ª Fev,2018-02-16,PR,DEMAIS ESTADOS,6951
2017/2018,1ª Fev,2018-02-16,SP,SÃO PAULO,104563
2017/2018,2ª Fev,2018-03-01,GO,DEMAIS ESTADOS,106747
2017/2018,2ª Fev,2018-03-01,MG,DEMAIS ESTADOS,4054
2017/2018,2ª Fev,2018-03-01,MS,DEMAIS ESTADOS,445971
2017/2018,2ª Fev,2018-03-01,PR,DEMAIS ESTADOS,90662
2017/2018,2ª Fev,2018-03-01,SP,SÃO PAULO,83504
2017/2018,1ª Mar,2018-03-16,GO,DEMAIS ESTADOS,138838
2017/2018,1ª Mar,2018-03-16,MG,DEMAIS ESTADOS,124790
2017/2018,1ª Mar,2018-03-16,MS,DEMAIS ESTADOS,838305
2017/2018,1ª Mar,2018-03-16,PR,DEMAIS ESTADOS,148352
2017/2018,1ª Mar,2018-03-16,SP,SÃO PAULO,2170746
2017/2018,2ª Mar,2018-04-01,GO,DEMAIS ESTADOS,279572
2017/2018,2ª Mar,2018-04-01,MG,DEMAIS ESTADOS,863568
2017/2018,2ª Mar,2018-04-01,MS,DEMAIS ESTADOS,1202267
2017/2018,2ª Mar,2018-04-01,MT,DEMAIS ESTADOS,23743
2017/2018,2ª Mar,2018-04-01,PR,DEMAIS ESTADOS,298092
2017/2018,2ª Mar,2018-04-01,SP,SÃO PAULO,5106575
2018/2019,1ª Abr,2018-04-16,GO,DEMAIS ESTADOS,1807034
2018/2019,1ª Abr,2018-04-16,MG,DEMAIS ESTADOS,2694259
2018/2019,1ª Abr,2018-04-16,MS,DEMAIS ESTADOS,2443064
2018/2019,1ª Abr,2018-04-16,MT,DEMAIS ESTADOS,202807
2018/2019,1ª Abr,2018-04-16,PR,DEMAIS ESTADOS,1809966
2018/2019,1ª Abr,2018-04-16,SP,SÃO PAULO,13402788
2018/2019,2ª Abr,2018-05-01,ES,DEMAIS ESTADOS,52282
2018/2019,2ª Abr,2018-05-01,GO,DEMAIS ESTADOS,3390414
2018/2019,2ª Abr,2018-05-01,MG,DEMAIS ESTADOS,4028443
2018/2019,2ª Abr,2018-05-01,MS,DEMAIS ESTADOS,3226898
2018/2019,2ª Abr,2018-05-01,MT,DEMAIS ESTADOS,634315
2018/2019,2ª Abr,2018-05-01,PR,DEMAIS ESTADOS,2891319
2018/2019,2ª Abr,2018-05-01,SP,SÃO PAULO,23586853
2018/2019,1ª Mai,2018-05-16,ES,DEMAIS ESTADOS,152777
2018/2019,1ª Mai,2018-05-16,GO,DEMAIS ESTADOS,4902531
2018/2019,1ª Mai,2018-05-16,MG,DEMAIS ESTADOS,4635676
2018/2019,1ª Mai,2018-05-16,MS,DEMAIS ESTADOS,2955707
2018/2019,1ª Mai,2018-05-16,MT,DEMAIS ESTADOS,1096337
2018/2019,1ª Mai,2018-05-16,PR,DEMAIS ESTADOS,2874144
2018/2019,1ª Mai,2018-05-16,SP,SÃO PAULO,26166587
2018/2019,2ª Mai,2018-06-01,ES,DEMAIS ESTADOS,181253
2018/2019,2ª Mai,2018-06-01,GO,DEMAIS ESTADOS,4254606
2018/2019,2ª Mai,2018-06-01,MG,DEMAIS ESTADOS,3766088
2018/2019,2ª Mai,2018-06-01,MS,DEMAIS ESTADOS,2076167
2018/2019,2ª Mai,2018-06-01,MT,DEMAIS ESTADOS,1098059
2018/2019,2ª Mai,2018-06-01,PR,DEMAIS ESTADOS,1118934
2018/2019,2ª Mai,2018-06-01,SP,SÃO PAULO,20139093
2018/2019,1ª Jun,2018-06-16,ES,DEMAIS ESTADOS,224431
2018/2019,1ª Jun,2018-06-16,GO,DEMAIS ESTADOS,5352218
2018/2019,1ª Jun,2018-06-16,MG,DEMAIS ESTADOS,4752901
2018/2019,1ª Jun,2018-06-16,MS,DEMAIS ESTADOS,2837492
2018/2019,1ª Jun,2018-06-16,MT,DEMAIS ESTADOS,1271047
2018/2019,1ª Jun,2018-06-16,PR,DEMAIS ESTADOS,1904544
2018/2019,1ª Jun,2018-06-16,SP,SÃO PAULO,26179990
2018/2019,2ª Jun,2018-07-01,ES,DEMAIS ESTADOS,194806
2018/2019,2ª Jun,2018-07-01,GO,DEMAIS ESTADOS,5627086
2018/2019,2ª Jun,2018-07-01,MG,DEMAIS ESTADOS,4919817
2018/2019,2ª Jun,2018-07-01,MS,DEMAIS ESTADOS,3676206
2018/2019,2ª Jun,2018-07-01,MT,DEMAIS ESTADOS,1302333
2018/2019,2ª Jun,2018-07-01,PR,DEMAIS ESTADOS,2967064
2018/2019,2ª Jun,2018-07-01,RJ,DEMAIS ESTADOS,10372
2018/2019,2ª Jun,2018-07-01,SP,SÃO PAULO,26839253
2018/2019,1ª Jul,2018-07-16,ES,DEMAIS ESTADOS,227433
2018/2019,1ª Jul,2018-07-16,GO,DEMAIS ESTADOS,5441374
2018/2019,1ª Jul,2018-07-16,MG,DEMAIS ESTADOS,4816257
2018/2019,1ª Jul,2018-07-16,MS,DEMAIS ESTADOS,3721756
2018/2019,1ª Jul,2018-07-16,MT,DEMAIS ESTADOS,1453511
2018/2019,1ª Jul,2018-07-16,PR,DEMAIS ESTADOS,3022072
2018/2019,1ª Jul,2018-07-16,RJ,DEMAIS ESTADOS,91016
2018/2019,1ª Jul,2018-07-16,RS,DEMAIS ESTADOS,1140
2018/2019,1ª Jul,2018-07-16,SP,SÃO PAULO,26438984
2018/2019,2ª Jul,2018-08-01,ES,DEMAIS ESTADOS,257138
2018/2019,2ª Jul,2018-08-01,GO,DEMAIS ESTADOS,5753160
2018/2019,2ª Jul,2018-08-01,MG,DEMAIS ESTADOS,5245079
2018/2019,2ª Jul,2018-08-01,MS,DEMAIS ESTADOS,3956220
2018/2019,2ª Jul,2018-08-01,MT,DEMAIS ESTADOS,1455609
2018/2019,2ª Jul,2018-08-01,PR,DEMAIS ESTADOS,3061665
2018/2019,2ª Jul,2018-08-01,RJ,DEMAIS ESTADOS,169201
2018/2019,2ª Jul,2018-08-01,RS,DEMAIS ESTADOS,3740
2018/2019,2ª Jul,2018-08-01,SP,SÃO PAULO,27764350
2018/2019,1ª Ago,2018-08-16,ES,DEMAIS ESTADOS,212911
2018/2019,1ª Ago,2018-08-16,GO,DEMAIS ESTADOS,5216020
2018/2019,1ª Ago,2018-08-16,MG,DEMAIS ESTADOS,4420862
2018/2019,1ª Ago,2018-08-16,MS,DEMAIS ESTADOS,2271113
2018/2019,1ª Ago,2018-08-16,MT,DEMAIS ESTADOS,1226997
2018/2019,1ª Ago,2018-08-16,PR,DEMAIS ESTADOS,1211914
2018/2019,1ª Ago,2018-08-16,RJ,DEMAIS ESTADOS,98293
2018/2019,1ª Ago,2018-08-16,RS,DEMAIS ESTADOS,8481
2018/2019,1ª Ago,2018-08-16,SP,SÃO PAULO,19024132
2018/2019,2ª Ago,2018-09-01,ES,DEMAIS ESTADOS,229277
2018/2019,2ª Ago,2018-09-01,GO,DEMAIS ESTADOS,5508576
2018/2019,2ª Ago,2018-09-01,MG,DEMAIS ESTADOS,4693140
2018/2019,2ª Ago,2018-09-01,MS,DEMAIS ESTADOS,3273948
2018/2019,2ª Ago,2018-09-01,MT,DEMAIS ESTADOS,1377232
2018/2019,2ª Ago,2018-09-01,PR,DEMAIS ESTADOS,2599419
2018/2019,2ª Ago,2018-09-01,RJ,DEMAIS ESTADOS,164595
2018/2019,2ª Ago,2018-09-01,RS,DEMAIS ESTADOS,6003
2018/2019,2ª Ago,2018-09-01,SP,SÃO PAULO,25671265
2018/2019,1ª Set,2018-09-16,ES,DEMAIS ESTADOS,232532
2018/2019,1ª Set,2018-09-16,GO,DEMAIS ESTADOS,4805327
2018/2019,1ª Set,2018-09-16,MG,DEMAIS ESTADOS,4384328
2018/2019,1ª Set,2018-09-16,MS,DEMAIS ESTADOS,2649350
2018/2019,1ª Set,2018-09-16,MT,DEMAIS ESTADOS,1161542
2018/2019,1ª Set,2018-09-16,PR,DEMAIS ESTADOS,2252040
2018/2019,1ª Set,2018-09-16,RJ,DEMAIS ESTADOS,125333
2018/2019,1ª Set,2018-09-16,RS,DEMAIS ESTADOS,5722
2018/2019,1ª Set,2018-09-16,SP,SÃO PAULO,23152756
2018/2019,2ª Set,2018-10-01,ES,DEMAIS ESTADOS,218718
2018/2019,2ª Set,2018-10-01,GO,DEMAIS ESTADOS,4267662
2018/2019,2ª Set,2018-10-01,MG,DEMAIS ESTADOS,3563973
2018/2019,2ª Set,2018-10-01,MS,DEMAIS ESTADOS,1600104
2018/2019,2ª Set,2018-10-01,MT,DEMAIS ESTADOS,1102003
2018/2019,2ª Set,2018-10-01,PR,DEMAIS ESTADOS,1266760
2018/2019,2ª Set,2018-10-01,RJ,DEMAIS ESTADOS,119471
2018/2019,2ª Set,2018-10-01,RS,DEMAIS ESTADOS,5605
2018/2019,2ª Set,2018-10-01,SP,SÃO PAULO,15687813
2018/2019,1ª Out,2018-10-16,ES,DEMAIS ESTADOS,186125
2018/2019,1ª Out,2018-10-16,GO,DEMAIS ESTADOS,3854385
2018/2019,1ª Out,2018-10-16,MG,DEMAIS ESTADOS,3315188
2018/2019,1ª Out,2018-10-16,MS,DEMAIS ESTADOS,1538099
2018/2019,1ª Out,2018-10-16,MT,DEMAIS ESTADOS,1074241
2018/2019,1ª Out,2018-10-16,PR,DEMAIS ESTADOS,1115401
2018/2019,1ª Out,2018-10-16,RJ,DEMAIS ESTADOS,98935
2018/2019,1ª Out,2018-10-16,RS,DEMAIS ESTADOS,2723
2018/2019,1ª Out,2018-10-16,SP,SÃO PAULO,14442640
2018/2019,2ª Out,2018-11-01,ES,DEMAIS ESTADOS,132958
2018/2019,2ª Out,2018-11-01,GO,DEMAIS ESTADOS,3586516
2018/2019,2ª Out,2018-11-01,MG,DEMAIS ESTADOS,2971913
2018/2019,2ª Out,2018-11-01,MS,DEMAIS ESTADOS,2247476
2018/2019,2ª Out,2018-11-01,MT,DEMAIS ESTADOS,1059332
2018/2019,2ª Out,2018-11-01,PR,DEMAIS ESTADOS,1376811
2018/2019,2ª Out,2018-11-01,RJ,DEMAIS ESTADOS,94964
2018/2019,2ª Out,2018-11-01,RS,DEMAIS ESTADOS,5672
2018/2019,2ª Out,2018-11-01,SP,SÃO PAULO,13503456
2018/2019,1ª Nov,2018-11-16,ES,DEMAIS ESTADOS,106594
2018/2019,1ª Nov,2018-11-16,GO,DEMAIS ESTADOS,1759410
2018/2019,1ª Nov,2018-11-16,MG,DEMAIS ESTADOS,1583257
2018/2019,1ª Nov,2018-11-16,MS,DEMAIS ESTADOS,2568124
2018/2019,1ª Nov,2018-11-16,MT,DEMAIS ESTADOS,655207
2018/2019,1ª Nov,2018-11-16,PR,DEMAIS ESTADOS,2158797
2018/2019,1ª Nov,2018-11-16,RJ,DEMAIS ESTADOS,40489
2018/2019,1ª Nov,2018-11-16,SP,SÃO PAULO,12590251
2018/2019,2ª Nov,2018-12-01,ES,DEMAIS ESTADOS,153702
2018/2019,2ª Nov,2018-12-01,GO,DEMAIS ESTADOS,1475853
2018/2019,2ª Nov,2018-12-01,MG,DEMAIS ESTADOS,1369244
2018/2019,2ª Nov,2018-12-01,MS,DEMAIS ESTADOS,1883266
2018/2019,2ª Nov,2018-12-01,MT,DEMAIS ESTADOS,472617
2018/2019,2ª Nov,2018-12-01,PR,DEMAIS ESTADOS,1458495
2018/2019,2ª Nov,2018-12-01,RJ,DEMAIS ESTADOS,21110
2018/2019,2ª Nov,2018-12-01,SP,SÃO PAULO,7806560
2018/2019,1ª Dez,2018-12-16,ES,DEMAIS ESTADOS,55735
2018/2019,1ª Dez,2018-12-16,GO,DEMAIS ESTADOS,1430764
2018/2019,1ª Dez,2018-12-16,MG,DEMAIS ESTADOS,971051
2018/2019,1ª Dez,2018-12-16,MS,DEMAIS ESTADOS,2373322
2018/2019,1ª Dez,2018-12-16,MT,DEMAIS ESTADOS,475315
2018/2019,1ª Dez,2018-12-16,PR,DEMAIS ESTADOS,1401249
2018/2019,1ª Dez,2018-12-16,RJ,DEMAIS ESTADOS,23735
2018/2019,1ª Dez,2018-12-16,SP,SÃO PAULO,6182178
2018/2019,2ª Dez,2019-01-01,ES,DEMAIS ESTADOS,108061
2018/2019,2ª Dez,2019-01-01,GO,DEMAIS ESTADOS,385475
2018/2019,2ª Dez,2019-01-01,MG,DEMAIS ESTADOS,190442
2018/2019,2ª Dez,2019-01-01,MS,DEMAIS ESTADOS,827873
2018/2019,2ª Dez,2019-01-01,MT,DEMAIS ESTADOS,68476
2018/2019,2ª Dez,2019-01-01,PR,DEMAIS ESTADOS,292660
2018/2019,2ª Dez,2019-01-01,SP,SÃO PAULO,672991
2018/2019,1ª Jan,2019-01-16,ES,DEMAIS ESTADOS,111190
2018/2019,1ª Jan,2019-01-16,MG,DEMAIS ESTADOS,7071
2018/2019,1ª Jan,2019-01-16,MS,DEMAIS ESTADOS,343614
2018/2019,1ª Jan,2019-01-16,SP,SÃO PAULO,94350
2018/2019,2ª Jan,2019-02-01,ES,DEMAIS ESTADOS,119795
2018/2019,2ª Jan,2019-02-01,MS,DEMAIS ESTADOS,364908
2018/2019,2ª Jan,2019-02-01,SP,SÃO PAULO,78720
2018/2019,1ª Fev,2019-02-16,ES,DEMAIS ESTADOS,16407
2018/2019,1ª Fev,2019-02-16,MS,DEMAIS ESTADOS,198773
2018/2019,1ª Fev,2019-02-16,SP,SÃO PAULO,64729
2018/2019,2ª Fev,2019-03-01,GO,DEMAIS ESTADOS,124640
2018/2019,2ª Fev,2019-03-01,MS,DEMAIS ESTADOS,376556
2018/2019,2ª Fev,2019-03-01,PR,DEMAIS ESTADOS,42174
2018/2019,1ª Mar,2019-03-16,GO,DEMAIS ESTADOS,256109
2018/2019,1ª Mar,2019-03-16,MG,DEMAIS ESTADOS,10931
2018/2019,1ª Mar,2019-03-16,MS,DEMAIS ESTADOS,696768
2018/2019,1ª Mar,2019-03-16,PR,DEMAIS ESTADOS,110119
2018/2019,1ª Mar,2019-03-16,SP,SÃO PAULO,517543
2018/2019,2ª Mar,2019-04-01,GO,DEMAIS ESTADOS,802269
2018/2019,2ª Mar,2019-04-01,MG,DEMAIS ESTADOS,723381
2018/2019,2ª Mar,2019-04-01,MS,DEMAIS ESTADOS,1397883
2018/2019,2ª Mar,2019-04-01,MT,DEMAIS ESTADOS,161968
2018/2019,2ª Mar,2019-04-01,PR,DEMAIS ESTADOS,705942
2018/2019,2ª Mar,2019-04-01,SP,SÃO PAULO,3330887
2019/2020,1ª Abr,2019-04-16,GO,DEMAIS ESTADOS,1403207
2019/2020,1ª Abr,2019-04-16,MG,DEMAIS ESTADOS,1898816
2019/2020,1ª Abr,2019-04-16,MS,DEMAIS ESTADOS,2243664
2019/2020,1ª Abr,2019-04-16,MT,DEMAIS ESTADOS,309422
2019/2020,1ª Abr,2019-04-16,PR,DEMAIS ESTADOS,1475169
2019/2020,1ª Abr,2019-04-16,SP,SÃO PAULO,6569258
2019/2020,2ª Abr,2019-05-01,ES,DEMAIS ESTADOS,15295
2019/2020,2ª Abr,2019-05-01,GO,DEMAIS ESTADOS,3564017
2019/2020,2ª Abr,2019-05-01,MG,DEMAIS ESTADOS,3637813
2019/2020,2ª Abr,2019-05-01,MS,DEMAIS ESTADOS,2854672
2019/2020,2ª Abr,2019-05-01,MT,DEMAIS ESTADOS,717090
2019/2020,2ª Abr,2019-05-01,PR,DEMAIS ESTADOS,2329416
2019/2020,2ª Abr,2019-05-01,SP,SÃO PAULO,18610451
2019/2020,1ª Mai,2019-05-16,ES,DEMAIS ESTADOS,124506
2019/2020,1ª Mai,2019-05-16,GO,DEMAIS ESTADOS,4297975
2019/2020,1ª Mai,2019-05-16,MG,DEMAIS ESTADOS,4626718
2019/2020,1ª Mai,2019-05-16,MS,DEMAIS ESTADOS,2781777
2019/2020,1ª Mai,2019-05-16,MT,DEMAIS ESTADOS,847773
2019/2020,1ª Mai,2019-05-16,PR,DEMAIS ESTADOS,2401131
2019/2020,1ª Mai,2019-05-16,SP,SÃO PAULO,23960432
2019/2020,2ª Mai,2019-06-01,ES,DEMAIS ESTADOS,207927
2019/2020,2ª Mai,2019-06-01,GO,DEMAIS ESTADOS,5655777
2019/2020,2ª Mai,2019-06-01,MG,DEMAIS ESTADOS,4876023
2019/2020,2ª Mai,2019-06-01,MS,DEMAIS ESTADOS,3722814
2019/2020,2ª Mai,2019-06-01,MT,DEMAIS ESTADOS,1274828
2019/2020,2ª Mai,2019-06-01,PR,DEMAIS ESTADOS,2139311
2019/2020,2ª Mai,2019-06-01,SP,SÃO PAULO,26427150
2019/2020,1ª Jun,2019-06-16,ES,DEMAIS ESTADOS,245641
2019/2020,1ª Jun,2019-06-16,GO,DEMAIS ESTADOS,5695587
2019/2020,1ª Jun,2019-06-16,MG,DEMAIS ESTADOS,5040357
2019/2020,1ª Jun,2019-06-16,MS,DEMAIS ESTADOS,3322798
2019/2020,1ª Jun,2019-06-16,MT,DEMAIS ESTADOS,1334980
2019/2020,1ª Jun,2019-06-16,PR,DEMAIS ESTADOS,2028503
2019/2020,1ª Jun,2019-06-16,RJ,DEMAIS ESTADOS,73274
2019/2020,1ª Jun,2019-06-16,SP,SÃO PAULO,24768309
2019/2020,2ª Jun,2019-07-01,ES,DEMAIS ESTADOS,242056
2019/2020,2ª Jun,2019-07-01,GO,DEMAIS ESTADOS,5706552
2019/2020,2ª Jun,2019-07-01,MG,DEMAIS ESTADOS,5170555
2019/2020,2ª Jun,2019-07-01,MS,DEMAIS ESTADOS,3559297
2019/2020,2ª Jun,2019-07-01,MT,DEMAIS ESTADOS,1436570
2019/2020,2ª Jun,2019-07-01,PR,DEMAIS ESTADOS,2614794
2019/2020,2ª Jun,2019-07-01,RJ,DEMAIS ESTADOS,84164
2019/2020,2ª Jun,2019-07-01,SP,SÃO PAULO,27663488
2019/2020,1ª Jul,2019-07-16,ES,DEMAIS ESTADOS,233945
2019/2020,1ª Jul,2019-07-16,GO,DEMAIS ESTADOS,5601123
2019/2020,1ª Jul,2019-07-16,MG,DEMAIS ESTADOS,5169313
2019/2020,1ª Jul,2019-07-16,MS,DEMAIS ESTADOS,2996974
2019/2020,1ª Jul,2019-07-16,MT,DEMAIS ESTADOS,1404664
2019/2020,1ª Jul,2019-07-16,PR,DEMAIS ESTADOS,2252556
2019/2020,1ª Jul,2019-07-16,RJ,DEMAIS ESTADOS,108932
2019/2020,1ª Jul,2019-07-16,SP,SÃO PAULO,23186812
2019/2020,2ª Jul,2019-08-01,ES,DEMAIS ESTADOS,242996
2019/2020,2ª Jul,2019-08-01,GO,DEMAIS ESTADOS,6032706
2019/2020,2ª Jul,2019-08-01,MG,DEMAIS ESTADOS,5641124
2019/2020,2ª Jul,2019-08-01,MS,DEMAIS ESTADOS,3919732
2019/2020,2ª Jul,2019-08-01,MT,DEMAIS ESTADOS,1472105
2019/2020,2ª Jul,2019-08-01,PR,DEMAIS ESTADOS,3038733
2019/2020,2ª Jul,2019-08-01,RJ,DEMAIS ESTADOS,126994
2019/2020,2ª Jul,2019-08-01,RS,DEMAIS ESTADOS,2098
2019/2020,2ª Jul,2019-08-01,SP,SÃO PAULO,29371933
2019/2020,1ª Ago,2019-08-16,ES,DEMAIS ESTADOS,176121
2019/2020,1ª Ago,2019-08-16,GO,DEMAIS ESTADOS,5441282
2019/2020,1ª Ago,2019-08-16,MG,DEMAIS ESTADOS,4794363
2019/2020,1ª Ago,2019-08-16,MS,DEMAIS ESTADOS,3436396
2019/2020,1ª Ago,2019-08-16,MT,DEMAIS ESTADOS,1326157
2019/2020,1ª Ago,2019-08-16,PR,DEMAIS ESTADOS,2652884
2019/2020,1ª Ago,2019-08-16,RJ,DEMAIS ESTADOS,121721
2019/2020,1ª Ago,2019-08-16,RS,DEMAIS ESTADOS,4619
2019/2020,1ª Ago,2019-08-16,SP,SÃO PAULO,24855837
2019/2020,2ª Ago,2019-09-01,ES,DEMAIS ESTADOS,197676
2019/2020,2ª Ago,2019-09-01,GO,DEMAIS ESTADOS,5881232
2019/2020,2ª Ago,2019-09-01,MG,DEMAIS ESTADOS,5257444
2019/2020,2ª Ago,2019-09-01,MS,DEMAIS ESTADOS,3674120
2019/2020,2ª Ago,2019-09-01,MT,DEMAIS ESTADOS,1492376
2019/2020,2ª Ago,2019-09-01,PR,DEMAIS ESTADOS,2854964
2019/2020,2ª Ago,2019-09-01,RJ,DEMAIS ESTADOS,122324
2019/2020,2ª Ago,2019-09-01,RS,DEMAIS ESTADOS,7497
2019/2020,2ª Ago,2019-09-01,SP,SÃO PAULO,28417376
2019/2020,1ª Set,2019-09-16,ES,DEMAIS ESTADOS,165318
2019/2020,1ª Set,2019-09-16,GO,DEMAIS ESTADOS,5130009
2019/2020,1ª Set,2019-09-16,MG,DEMAIS ESTADOS,4851352
2019/2020,1ª Set,2019-09-16,MS,DEMAIS ESTADOS,2923241
2019/2020,1ª Set,2019-09-16,MT,DEMAIS ESTADOS,1331888
2019/2020,1ª Set,2019-09-16,PR,DEMAIS ESTADOS,2009980
2019/2020,1ª Set,2019-09-16,RJ,DEMAIS ESTADOS,109097
2019/2020,1ª Set,2019-09-16,RS,DEMAIS ESTADOS,3683
2019/2020,1ª Set,2019-09-16,SP,SÃO PAULO,23044132
2019/2020,2ª Set,2019-10-01,ES,DEMAIS ESTADOS,157934
2019/2020,2ª Set,2019-10-01,GO,DEMAIS ESTADOS,4455178
2019/2020,2ª Set,2019-10-01,MG,DEMAIS ESTADOS,4107971
2019/2020,2ª Set,2019-10-01,MS,DEMAIS ESTADOS,2660623
2019/2020,2ª Set,2019-10-01,MT,DEMAIS ESTADOS,1237157
2019/2020,2ª Set,2019-10-01,PR,DEMAIS ESTADOS,1951139
2019/2020,2ª Set,2019-10-01,RJ,DEMAIS ESTADOS,35706
2019/2020,2ª Set,2019-10-01,RS,DEMAIS ESTADOS,6277
2019/2020,2ª Set,2019-10-01,SP,SÃO PAULO,20561560
2019/2020,1ª Out,2019-10-16,ES,DEMAIS ESTADOS,144407
2019/2020,1ª Out,2019-10-16,GO,DEMAIS ESTADOS,4307494
2019/2020,1ª Out,2019-10-16,MG,DEMAIS ESTADOS,4161481
2019/2020,1ª Out,2019-10-16,MS,DEMAIS ESTADOS,2279725
2019/2020,1ª Out,2019-10-16,MT,DEMAIS ESTADOS,1198457
2019/2020,1ª Out,2019-10-16,PR,DEMAIS ESTADOS,2295363
2019/2020,1ª Out,2019-10-16,RJ,DEMAIS ESTADOS,33348
2019/2020,1ª Out,2019-10-16,RS,DEMAIS ESTADOS,3700
2019/2020,1ª Out,2019-10-16,SP,SÃO PAULO,23166732
2019/2020,2ª Out,2019-11-01,ES,DEMAIS ESTADOS,121897
2019/2020,2ª Out,2019-11-01,GO,DEMAIS ESTADOS,4669757
2019/2020,2ª Out,2019-11-01,MG,DEMAIS ESTADOS,3483499
2019/2020,2ª Out,2019-11-01,MS,DEMAIS ESTADOS,1926232
2019/2020,2ª Out,2019-11-01,MT,DEMAIS ESTADOS,1010192
2019/2020,2ª Out,2019-11-01,PR,DEMAIS ESTADOS,1828533
2019/2020,2ª Out,2019-11-01,RJ,DEMAIS ESTADOS,30274
2019/2020,2ª Out,2019-11-01,RS,DEMAIS ESTADOS,1624
2019/2020,2ª Out,2019-11-01,SP,SÃO PAULO,19687797
2019/2020,1ª Nov,2019-11-16,ES,DEMAIS ESTADOS,116240
2019/2020,1ª Nov,2019-11-16,GO,DEMAIS ESTADOS,3196640
2019/2020,1ª Nov,2019-11-16,MG,DEMAIS ESTADOS,2532342
2019/2020,1ª Nov,2019-11-16,MS,DEMAIS ESTADOS,945718
2019/2020,1ª Nov,2019-11-16,MT,DEMAIS ESTADOS,783105
2019/2020,1ª Nov,2019-11-16,PR,DEMAIS ESTADOS,917905
2019/2020,1ª Nov,2019-11-16,RS,DEMAIS ESTADOS,1459
2019/2020,1ª Nov,2019-11-16,SP,SÃO PAULO,11398349
2019/2020,2ª Nov,2019-12-01,ES,DEMAIS ESTADOS,58140
2019/2020,2ª Nov,2019-12-01,GO,DEMAIS ESTADOS,2359514
2019/2020,2ª Nov,2019-12-01,MG,DEMAIS ESTADOS,1347900
2019/2020,2ª Nov,2019-12-01,MS,DEMAIS ESTADOS,676230
2019/2020,2ª Nov,2019-12-01,MT,DEMAIS ESTADOS,331640
2019/2020,2ª Nov,2019-12-01,PR,DEMAIS ESTADOS,398426
2019/2020,2ª Nov,2019-12-01,SP,SÃO PAULO,5708104
2019/2020,1ª Dez,2019-12-16,ES,DEMAIS ESTADOS,88548
2019/2020,1ª Dez,2019-12-16,GO,DEMAIS ESTADOS,767242
2019/2020,1ª Dez,2019-12-16,MG,DEMAIS ESTADOS,314101
2019/2020,1ª Dez,2019-12-16,MS,DEMAIS ESTADOS,251423
2019/2020,1ª Dez,2019-12-16,MT,DEMAIS ESTADOS,30393
2019/2020,1ª Dez,2019-12-16,PR,DEMAIS ESTADOS,23711
2019/2020,1ª Dez,2019-12-16,SP,SÃO PAULO,1100089
2019/2020,2ª Dez,2020-01-01,ES,DEMAIS ESTADOS,127620
2019/2020,2ª Dez,2020-01-01,GO,DEMAIS ESTADOS,219956
2019/2020,2ª Dez,2020-01-01,MG,DEMAIS ESTADOS,181215
2019/2020,2ª Dez,2020-01-01,MS,DEMAIS ESTADOS,43231
2019/2020,2ª Dez,2020-01-01,SP,SÃO PAULO,161019
2019/2020,1ª Jan,2020-01-16,ES,DEMAIS ESTADOS,86424
2019/2020,1ª Jan,2020-01-16,MS,DEMAIS ESTADOS,31006
2019/2020,1ª Jan,2020-01-16,SP,SÃO PAULO,10171
2019/2020,2ª Jan,2020-02-01,ES,DEMAIS ESTADOS,76980
2019/2020,2ª Jan,2020-02-01,SP,SÃO PAULO,9821
2019/2020,1ª Fev,2020-02-16,ES,DEMAIS ESTADOS,54279
2019/2020,1ª Fev,2020-02-16,GO,DEMAIS ESTADOS,27963
2019/2020,1ª Fev,2020-02-16,MS,DEMAIS ESTADOS,88178
2019/2020,2ª Fev,2020-03-01,GO,DEMAIS ESTADOS,92974
2019/2020,2ª Fev,2020-03-01,MS,DEMAIS ESTADOS,365482
2019/2020,1ª Mar,2020-03-16,GO,DEMAIS ESTADOS,313154
2019/2020,1ª Mar,2020-03-16,MG,DEMAIS ESTADOS,179862
2019/2020,1ª Mar,2020-03-16,MS,DEMAIS ESTADOS,1291483
2019/2020,1ª Mar,2020-03-16,MT,DEMAIS ESTADOS,11181
2019/2020,1ª Mar,2020-03-16,PR,DEMAIS ESTADOS,263714
2019/2020,1ª Mar,2020-03-16,SP,SÃO PAULO,896480
2019/2020,2ª Mar,2020-04-01,GO,DEMAIS ESTADOS,448343
2019/2020,2ª Mar,2020-04-01,MG,DEMAIS ESTADOS,923143
2019/2020,2ª Mar,2020-04-01,MS,DEMAIS ESTADOS,1520161
2019/2020,2ª Mar,2020-04-01,MT,DEMAIS ESTADOS,107690
2019/2020,2ª Mar,2020-04-01,PR,DEMAIS ESTADOS,737718
2019/2020,2ª Mar,2020-04-01,SP,SÃO PAULO,3738215
2020/2021,1ª Abr,2020-04-16,GO,DEMAIS ESTADOS,1904836
2020/2021,1ª Abr,2020-04-16,MG,DEMAIS ESTADOS,3386883
2020/2021,1ª Abr,2020-04-16,MS,DEMAIS ESTADOS,1799804
2020/2021,1ª Abr,2020-04-16,MT,DEMAIS ESTADOS,381204
2020/2021,1ª Abr,2020-04-16,PR,DEMAIS ESTADOS,1420515
2020/2021,1ª Abr,2020-04-16,SP,SÃO PAULO,13617049
2020/2021,2ª Abr,2020-05-01,ES,DEMAIS ESTADOS,37937
2020/2021,2ª Abr,2020-05-01,GO,DEMAIS ESTADOS,3460135
2020/2021,2ª Abr,2020-05-01,MG,DEMAIS ESTADOS,4131903
2020/2021,2ª Abr,2020-05-01,MS,DEMAIS ESTADOS,2908243
2020/2021,2ª Abr,2020-05-01,MT,DEMAIS ESTADOS,596425
2020/2021,2ª Abr,2020-05-01,PR,DEMAIS ESTADOS,2704474
2020/2021,2ª Abr,2020-05-01,SP,SÃO PAULO,24352686
2020/2021,1ª Mai,2020-05-16,ES,DEMAIS ESTADOS,90818
2020/2021,1ª Mai,2020-05-16,GO,DEMAIS ESTADOS,4873066
2020/2021,1ª Mai,2020-05-16,MG,DEMAIS ESTADOS,4935123
2020/2021,1ª Mai,2020-05-16,MS,DEMAIS ESTADOS,2404907
2020/2021,1ª Mai,2020-05-16,MT,DEMAIS ESTADOS,869159
2020/2021,1ª Mai,2020-05-16,PR,DEMAIS ESTADOS,2410717
2020/2021,1ª Mai,2020-05-16,SP,SÃO PAULO,26754870
2020/2021,2ª Mai,2020-06-01,ES,DEMAIS ESTADOS,165486
2020/2021,2ª Mai,2020-06-01,GO,DEMAIS ESTADOS,5235615
2020/2021,2ª Mai,2020-06-01,MG,DEMAIS ESTADOS,4581413
2020/2021,2ª Mai,2020-06-01,MS,DEMAIS ESTADOS,2948973
2020/2021,2ª Mai,2020-06-01,MT,DEMAIS ESTADOS,1268697
2020/2021,2ª Mai,2020-06-01,PR,DEMAIS ESTADOS,2338021
2020/2021,2ª Mai,2020-06-01,SP,SÃO PAULO,25886736
2020/2021,1ª Jun,2020-06-16,ES,DEMAIS ESTADOS,172656
2020/2021,1ª Jun,2020-06-16,GO,DEMAIS ESTADOS,5914140
2020/2021,1ª Jun,2020-06-16,MG,DEMAIS ESTADOS,5238061
2020/2021,1ª Jun,2020-06-16,MS,DEMAIS ESTADOS,2385736
2020/2021,1ª Jun,2020-06-16,MT,DEMAIS ESTADOS,1371503
2020/2021,1ª Jun,2020-06-16,PR,DEMAIS ESTADOS,1615301
2020/2021,1ª Jun,2020-06-16,RJ,DEMAIS ESTADOS,41390
2020/2021,1ª Jun,2020-06-16,SP,SÃO PAULO,25072838
2020/2021,2ª Jun,2020-07-01,ES,DEMAIS ESTADOS,182963
2020/2021,2ª Jun,2020-07-01,GO,DEMAIS ESTADOS,5926366
2020/2021,2ª Jun,2020-07-01,MG,DEMAIS ESTADOS,5350275
2020/2021,2ª Jun,2020-07-01,MS,DEMAIS ESTADOS,2798178
2020/2021,2ª Jun,2020-07-01,MT,DEMAIS ESTADOS,1358252
2020/2021,2ª Jun,2020-07-01,PR,DEMAIS ESTADOS,2281714
2020/2021,2ª Jun,2020-07-01,RJ,DEMAIS ESTADOS,109526
2020/2021,2ª Jun,2020-07-01,SP,SÃO PAULO,25109489
2020/2021,1ª Jul,2020-07-16,ES,DEMAIS ESTADOS,212522
2020/2021,1ª Jul,2020-07-16,GO,DEMAIS ESTADOS,5769109
2020/2021,1ª Jul,2020-07-16,MG,DEMAIS ESTADOS,5413104
2020/2021,1ª Jul,2020-07-16,MS,DEMAIS ESTADOS,3649902
2020/2021,1ª Jul,2020-07-16,MT,DEMAIS ESTADOS,1427048
2020/2021,1ª Jul,2020-07-16,PR,DEMAIS ESTADOS,2516276
2020/2021,1ª Jul,2020-07-16,RJ,DEMAIS ESTADOS,130322
2020/2021,1ª Jul,2020-07-16,SP,SÃO PAULO,27636949
2020/2021,2ª Jul,2020-08-01,ES,DEMAIS ESTADOS,195963
2020/2021,2ª Jul,2020-08-01,GO,DEMAIS ESTADOS,6244847
2020/2021,2ª Jul,2020-08-01,MG,DEMAIS ESTADOS,5762050
2020/2021,2ª Jul,2020-08-01,MS,DEMAIS ESTADOS,3967017
2020/2021,2ª Jul,2020-08-01,MT,DEMAIS ESTADOS,1515571
2020/2021,2ª Jul,2020-08-01,PR,DEMAIS ESTADOS,2931808
2020/2021,2ª Jul,2020-08-01,RJ,DEMAIS ESTADOS,129444
2020/2021,2ª Jul,2020-08-01,SP,SÃO PAULO,30093933
2020/2021,1ª Ago,2020-08-16,ES,DEMAIS ESTADOS,199062
2020/2021,1ª Ago,2020-08-16,GO,DEMAIS ESTADOS,5776050
2020/2021,1ª Ago,2020-08-16,MG,DEMAIS ESTADOS,5365911
2020/2021,1ª Ago,2020-08-16,MS,DEMAIS ESTADOS,3662210
2020/2021,1ª Ago,2020-08-16,MT,DEMAIS ESTADOS,1418194
2020/2021,1ª Ago,2020-08-16,PR,DEMAIS ESTADOS,2595377
2020/2021,1ª Ago,2020-08-16,RJ,DEMAIS ESTADOS,133986
2020/2021,1ª Ago,2020-08-16,SP,SÃO PAULO,27429891
2020/2021,2ª Ago,2020-09-01,ES,DEMAIS ESTADOS,238401
2020/2021,2ª Ago,2020-09-01,GO,DEMAIS ESTADOS,5865403
2020/2021,2ª Ago,2020-09-01,MG,DEMAIS ESTADOS,5436415
2020/2021,2ª Ago,2020-09-01,MS,DEMAIS ESTADOS,2287131
2020/2021,2ª Ago,2020-09-01,MT,DEMAIS ESTADOS,1427181
2020/2021,2ª Ago,2020-09-01,PR,DEMAIS ESTADOS,1531333
2020/2021,2ª Ago,2020-09-01,RJ,DEMAIS ESTADOS,115688
2020/2021,2ª Ago,2020-09-01,SP,SÃO PAULO,25346516
2020/2021,1ª Set,2020-09-16,ES,DEMAIS ESTADOS,231912
2020/2021,1ª Set,2020-09-16,GO,DEMAIS ESTADOS,5451810
2020/2021,1ª Set,2020-09-16,MG,DEMAIS ESTADOS,5141726
2020/2021,1ª Set,2020-09-16,MS,DEMAIS ESTADOS,3623925
2020/2021,1ª Set,2020-09-16,MT,DEMAIS ESTADOS,1316862
2020/2021,1ª Set,2020-09-16,PR,DEMAIS ESTADOS,2723588
2020/2021,1ª Set,2020-09-16,RJ,DEMAIS ESTADOS,110559
2020/2021,1ª Set,2020-09-16,SP,SÃO PAULO,26072121
2020/2021,2ª Set,2020-10-01,ES,DEMAIS ESTADOS,189931
2020/2021,2ª Set,2020-10-01,GO,DEMAIS ESTADOS,4948220
2020/2021,2ª Set,2020-10-01,MG,DEMAIS ESTADOS,4752163
2020/2021,2ª Set,2020-10-01,MS,DEMAIS ESTADOS,3055252
2020/2021,2ª Set,2020-10-01,MT,DEMAIS ESTADOS,1188364
2020/2021,2ª Set,2020-10-01,PR,DEMAIS ESTADOS,2483641
2020/2021,2ª Set,2020-10-01,RJ,DEMAIS ESTADOS,79348
2020/2021,2ª Set,2020-10-01,SP,SÃO PAULO,23686735
2020/2021,1ª Out,2020-10-16,ES,DEMAIS ESTADOS,203102
2020/2021,1ª Out,2020-10-16,GO,DEMAIS ESTADOS,4606454
2020/2021,1ª Out,2020-10-16,MG,DEMAIS ESTADOS,4511617
2020/2021,1ª Out,2020-10-16,MS,DEMAIS ESTADOS,2850018
2020/2021,1ª Out,2020-10-16,MT,DEMAIS ESTADOS,1033222
2020/2021,1ª Out,2020-10-16,PR,DEMAIS ESTADOS,2095675
2020/2021,1ª Out,2020-10-16,RJ,DEMAIS ESTADOS,81789
2020/2021,1ª Out,2020-10-16,SP,SÃO PAULO,21604681
2020/2021,2ª Out,2020-11-01,ES,DEMAIS ESTADOS,133123
2020/2021,2ª Out,2020-11-01,GO,DEMAIS ESTADOS,3125124
2020/2021,2ª Out,2020-11-01,MG,DEMAIS ESTADOS,2824359
2020/2021,2ª Out,2020-11-01,MS,DEMAIS ESTADOS,1765115
2020/2021,2ª Out,2020-11-01,MT,DEMAIS ESTADOS,845738
2020/2021,2ª Out,2020-11-01,PR,DEMAIS ESTADOS,1884836
2020/2021,2ª Out,2020-11-01,RJ,DEMAIS ESTADOS,63531
2020/2021,2ª Out,2020-11-01,SP,SÃO PAULO,16290301
2020/2021,1ª Nov,2020-11-16,ES,DEMAIS ESTADOS,102080
2020/2021,1ª Nov,2020-11-16,GO,DEMAIS ESTADOS,2902526
2020/2021,1ª Nov,2020-11-16,MG,DEMAIS ESTADOS,2244384
2020/2021,1ª Nov,2020-11-16,MS,DEMAIS ESTADOS,2057381
2020/2021,1ª Nov,2020-11-16,MT,DEMAIS ESTADOS,340995
2020/2021,1ª Nov,2020-11-16,PR,DEMAIS ESTADOS,1305240
2020/2021,1ª Nov,2020-11-16,RJ,DEMAIS ESTADOS,25518
2020/2021,1ª Nov,2020-11-16,SP,SÃO PAULO,11387118
2020/2021,2ª Nov,2020-12-01,ES,DEMAIS ESTADOS,74629
2020/2021,2ª Nov,2020-12-01,GO,DEMAIS ESTADOS,1388406
2020/2021,2ª Nov,2020-12-01,MG,DEMAIS ESTADOS,786281
2020/2021,2ª Nov,2020-12-01,MS,DEMAIS ESTADOS,1902263
2020/2021,2ª Nov,2020-12-01,MT,DEMAIS ESTADOS,304450
2020/2021,2ª Nov,2020-12-01,PR,DEMAIS ESTADOS,397042
2020/2021,2ª Nov,2020-12-01,RJ,DEMAIS ESTADOS,39856
2020/2021,2ª Nov,2020-12-01,SP,SÃO PAULO,3842868
2020/2021,1ª Dez,2020-12-16,ES,DEMAIS ESTADOS,110625
2020/2021,1ª Dez,2020-12-16,GO,DEMAIS ESTADOS,181114
2020/2021,1ª Dez,2020-12-16,MG,DEMAIS ESTADOS,173472
2020/2021,1ª Dez,2020-12-16,MS,DEMAIS ESTADOS,762749
2020/2021,1ª Dez,2020-12-16,MT,DEMAIS ESTADOS,110331
2020/2021,1ª Dez,2020-12-16,PR,DEMAIS ESTADOS,74953
2020/2021,1ª Dez,2020-12-16,RJ,DEMAIS ESTADOS,22346
2020/2021,1ª Dez,2020-12-16,SP,SÃO PAULO,593519
2020/2021,2ª Dez,2021-01-01,ES,DEMAIS ESTADOS,114013
2020/2021,2ª Dez,2021-01-01,MG,DEMAIS ESTADOS,32963
2020/2021,2ª Dez,2021-01-01,MS,DEMAIS ESTADOS,258407
2020/2021,2ª Dez,2021-01-01,PR,DEMAIS ESTADOS,24406
2020/2021,2ª Dez,2021-01-01,SP,SÃO PAULO,23500
2020/2021,1ª Jan,2021-01-16,MS,DEMAIS ESTADOS,202314
2020/2021,1ª Jan,2021-01-16,SP,SÃO PAULO,10265
2020/2021,2ª Jan,2021-02-01,MS,DEMAIS ESTADOS,44506
2020/2021,1ª Fev,2021-02-16,MS,DEMAIS ESTADOS,486891
2020/2021,2ª Fev,2021-03-01,GO,DEMAIS ESTADOS,65092
2020/2021,2ª Fev,2021-03-01,MS,DEMAIS ESTADOS,587297
2020/2021,2ª Fev,2021-03-01,SP,SÃO PAULO,16595
2020/2021,1ª Mar,2021-03-16,GO,DEMAIS ESTADOS,62502
2020/2021,1ª Mar,2021-03-16,MG,DEMAIS ESTADOS,122452
2020/2021,1ª Mar,2021-03-16,MS,DEMAIS ESTADOS,830956
2020/2021,1ª Mar,2021-03-16,PR,DEMAIS ESTADOS,261018
2020/2021,1ª Mar,2021-03-16,SP,SÃO PAULO,400565
2020/2021,2ª Mar,2021-04-01,GO,DEMAIS ESTADOS,310456
2020/2021,2ª Mar,2021-04-01,MG,DEMAIS ESTADOS,647226
2020/2021,2ª Mar,2021-04-01,MS,DEMAIS ESTADOS,1564724
2020/2021,2ª Mar,2021-04-01,PR,DEMAIS ESTADOS,1194146
2020/2021,2ª Mar,2021-04-01,SP,SÃO PAULO,1278290
2021/2022,1ª Abr,2021-04-16,GO,DEMAIS ESTADOS,1720870
2021/2022,1ª Abr,2021-04-16,MG,DEMAIS ESTADOS,2570933
2021/2022,1ª Abr,2021-04-16,MS,DEMAIS ESTADOS,2417160
2021/2022,1ª Abr,2021-04-16,MT,DEMAIS ESTADOS,167319
2021/2022,1ª Abr,2021-04-16,PR,DEMAIS ESTADOS,2130500
2021/2022,1ª Abr,2021-04-16,SP,SÃO PAULO,6658203
2021/2022,2ª Abr,2021-05-01,ES,DEMAIS ESTADOS,62735
2021/2022,2ª Abr,2021-05-01,GO,DEMAIS ESTADOS,3380047
2021/2022,2ª Abr,2021-05-01,MG,DEMAIS ESTADOS,3931293
2021/2022,2ª Abr,2021-05-01,MS,DEMAIS ESTADOS,2602419
2021/2022,2ª Abr,2021-05-01,MT,DEMAIS ESTADOS,418363
2021/2022,2ª Abr,2021-05-01,PR,DEMAIS ESTADOS,2416178
2021/2022,2ª Abr,2021-05-01,SP,SÃO PAULO,16864206
2021/2022,1ª Mai,2021-05-16,ES,DEMAIS ESTADOS,132168
2021/2022,1ª Mai,2021-05-16,GO,DEMAIS ESTADOS,5105654
2021/2022,1ª Mai,2021-05-16,MG,DEMAIS ESTADOS,4968067
2021/2022,1ª Mai,2021-05-16,MS,DEMAIS ESTADOS,3262329
2021/2022,1ª Mai,2021-05-16,MT,DEMAIS ESTADOS,978121
2021/2022,1ª Mai,2021-05-16,PR,DEMAIS ESTADOS,2431694
2021/2022,1ª Mai,2021-05-16,SP,SÃO PAULO,24613779
2021/2022,2ª Mai,2021-06-01,ES,DEMAIS ESTADOS,173706
2021/2022,2ª Mai,2021-06-01,GO,DEMAIS ESTADOS,5489023
2021/2022,2ª Mai,2021-06-01,MG,DEMAIS ESTADOS,5015633
2021/2022,2ª Mai,2021-06-01,MS,DEMAIS ESTADOS,3180136
2021/2022,2ª Mai,2021-06-01,MT,DEMAIS ESTADOS,1277668
2021/2022,2ª Mai,2021-06-01,PR,DEMAIS ESTADOS,2156937
2021/2022,2ª Mai,2021-06-01,RJ,DEMAIS ESTADOS,57439
2021/2022,2ª Mai,2021-06-01,SP,SÃO PAULO,26387569
2021/2022,1ª Jun,2021-06-16,ES,DEMAIS ESTADOS,183572
2021/2022,1ª Jun,2021-06-16,GO,DEMAIS ESTADOS,5476032
2021/2022,1ª Jun,2021-06-16,MG,DEMAIS ESTADOS,4956048
2021/2022,1ª Jun,2021-06-16,MS,DEMAIS ESTADOS,1923080
2021/2022,1ª Jun,2021-06-16,MT,DEMAIS ESTADOS,1265855
2021/2022,1ª Jun,2021-06-16,PR,DEMAIS ESTADOS,869372
2021/2022,1ª Jun,2021-06-16,RJ,DEMAIS ESTADOS,67067
2021/2022,1ª Jun,2021-06-16,SP,SÃO PAULO,21813902
2021/2022,2ª Jun,2021-07-01,ES,DEMAIS ESTADOS,236322
2021/2022,2ª Jun,2021-07-01,GO,DEMAIS ESTADOS,5795336
2021/2022,2ª Jun,2021-07-01,MG,DEMAIS ESTADOS,5407513
2021/2022,2ª Jun,2021-07-01,MS,DEMAIS ESTADOS,3544387
2021/2022,2ª Jun,2021-07-01,MT,DEMAIS ESTADOS,1261846
2021/2022,2ª Jun,2021-07-01,PR,DEMAIS ESTADOS,2258366
2021/2022,2ª Jun,2021-07-01,RJ,DEMAIS ESTADOS,117768
2021/2022,2ª Jun,2021-07-01,SP,SÃO PAULO,26922667
2021/2022,1ª Jul,2021-07-16,ES,DEMAIS ESTADOS,248137
2021/2022,1ª Jul,2021-07-16,GO,DEMAIS ESTADOS,5727064
2021/2022,1ª Jul,2021-07-16,MG,DEMAIS ESTADOS,5283806
2021/2022,1ª Jul,2021-07-16,MS,DEMAIS ESTADOS,3652514
2021/2022,1ª Jul,2021-07-16,MT,DEMAIS ESTADOS,1310195
2021/2022,1ª Jul,2021-07-16,PR,DEMAIS ESTADOS,2912378
2021/2022,1ª Jul,2021-07-16,RJ,DEMAIS ESTADOS,129116
2021/2022,1ª Jul,2021-07-16,SP,SÃO PAULO,26924631
2021/2022,2ª Jul,2021-08-01,ES,DEMAIS ESTADOS,241689
2021/2022,2ª Jul,2021-08-01,GO,DEMAIS ESTADOS,6136881
2021/2022,2ª Jul,2021-08-01,MG,DEMAIS ESTADOS,5699441
2021/2022,2ª Jul,2021-08-01,MS,DEMAIS ESTADOS,3701897
2021/2022,2ª Jul,2021-08-01,MT,DEMAIS ESTADOS,1393317
2021/2022,2ª Jul,2021-08-01,PR,DEMAIS ESTADOS,2606807
2021/2022,2ª Jul,2021-08-01,RJ,DEMAIS ESTADOS,136164
2021/2022,2ª Jul,2021-08-01,SP,SÃO PAULO,27058475
2021/2022,1ª Ago,2021-08-16,ES,DEMAIS ESTADOS,213100
2021/2022,1ª Ago,2021-08-16,GO,DEMAIS ESTADOS,5688670
2021/2022,1ª Ago,2021-08-16,MG,DEMAIS ESTADOS,5271114
2021/2022,1ª Ago,2021-08-16,MS,DEMAIS ESTADOS,3433968
2021/2022,1ª Ago,2021-08-16,MT,DEMAIS ESTADOS,1224719
2021/2022,1ª Ago,2021-08-16,PR,DEMAIS ESTADOS,2670455
2021/2022,1ª Ago,2021-08-16,RJ,DEMAIS ESTADOS,115775
2021/2022,1ª Ago,2021-08-16,SP,SÃO PAULO,26212971
2021/2022,2ª Ago,2021-09-01,ES,DEMAIS ESTADOS,190385
2021/2022,2ª Ago,2021-09-01,GO,DEMAIS ESTADOS,5773023
2021/2022,2ª Ago,2021-09-01,MG,DEMAIS ESTADOS,5485696
2021/2022,2ª Ago,2021-09-01,MS,DEMAIS ESTADOS,2907091
2021/2022,2ª Ago,2021-09-01,MT,DEMAIS ESTADOS,1267141
2021/2022,2ª Ago,2021-09-01,PR,DEMAIS ESTADOS,2247935
2021/2022,2ª Ago,2021-09-01,RJ,DEMAIS ESTADOS,107390
2021/2022,2ª Ago,2021-09-01,SP,SÃO PAULO,25337186
2021/2022,1ª Set,2021-09-16,ES,DEMAIS ESTADOS,168703
2021/2022,1ª Set,2021-09-16,GO,DEMAIS ESTADOS,5187528
2021/2022,1ª Set,2021-09-16,MG,DEMAIS ESTADOS,4516052
2021/2022,1ª Set,2021-09-16,MS,DEMAIS ESTADOS,3020886
2021/2022,1ª Set,2021-09-16,MT,DEMAIS ESTADOS,1112635
2021/2022,1ª Set,2021-09-16,PR,DEMAIS ESTADOS,1983748
2021/2022,1ª Set,2021-09-16,RJ,DEMAIS ESTADOS,118715
2021/2022,1ª Set,2021-09-16,SP,SÃO PAULO,22466839
2021/2022,2ª Set,2021-10-01,ES,DEMAIS ESTADOS,194495
2021/2022,2ª Set,2021-10-01,GO,DEMAIS ESTADOS,4726759
2021/2022,2ª Set,2021-10-01,MG,DEMAIS ESTADOS,4202967
2021/2022,2ª Set,2021-10-01,MS,DEMAIS ESTADOS,2674489
2021/2022,2ª Set,2021-10-01,MT,DEMAIS ESTADOS,1072344
2021/2022,2ª Set,2021-10-01,PR,DEMAIS ESTADOS,2243686
2021/2022,2ª Set,2021-10-01,RJ,DEMAIS ESTADOS,131992
2021/2022,2ª Set,2021-10-01,SP,SÃO PAULO,20785492
2021/2022,1ª Out,2021-10-16,ES,DEMAIS ESTADOS,127963
2021/2022,1ª Out,2021-10-16,GO,DEMAIS ESTADOS,3558471
2021/2022,1ª Out,2021-10-16,MG,DEMAIS ESTADOS,2513914
2021/2022,1ª Out,2021-10-16,MS,DEMAIS ESTADOS,912581
2021/2022,1ª Out,2021-10-16,MT,DEMAIS ESTADOS,1036303
2021/2022,1ª Out,2021-10-16,PR,DEMAIS ESTADOS,432354
2021/2022,1ª Out,2021-10-16,RJ,DEMAIS ESTADOS,49001
2021/2022,1ª Out,2021-10-16,SP,SÃO PAULO,11106741
2021/2022,2ª Out,2021-11-01,ES,DEMAIS ESTADOS,136241
2021/2022,2ª Out,2021-11-01,GO,DEMAIS ESTADOS,3068862
2021/2022,2ª Out,2021-11-01,MG,DEMAIS ESTADOS,2176310
2021/2022,2ª Out,2021-11-01,MS,DEMAIS ESTADOS,1356696
2021/2022,2ª Out,2021-11-01,MT,DEMAIS ESTADOS,869918
2021/2022,2ª Out,2021-11-01,PR,DEMAIS ESTADOS,1139936
2021/2022,2ª Out,2021-11-01,RJ,DEMAIS ESTADOS,62806
2021/2022,2ª Out,2021-11-01,SP,SÃO PAULO,8247982
2021/2022,1ª Nov,2021-11-16,ES,DEMAIS ESTADOS,89604
2021/2022,1ª Nov,2021-11-16,GO,DEMAIS ESTADOS,1943757
2021/2022,1ª Nov,2021-11-16,MG,DEMAIS ESTADOS,1383556
2021/2022,1ª Nov,2021-11-16,MS,DEMAIS ESTADOS,1137661
2021/2022,1ª Nov,2021-11-16,MT,DEMAIS ESTADOS,547086
2021/2022,1ª Nov,2021-11-16,PR,DEMAIS ESTADOS,1573870
2021/2022,1ª Nov,2021-11-16,RJ,DEMAIS ESTADOS,25928
2021/2022,1ª Nov,2021-11-16,SP,SÃO PAULO,5880736
2021/2022,2ª Nov,2021-12-01,ES,DEMAIS ESTADOS,140985
2021/2022,2ª Nov,2021-12-01,GO,DEMAIS ESTADOS,890687
2021/2022,2ª Nov,2021-12-01,MG,DEMAIS ESTADOS,360574
2021/2022,2ª Nov,2021-12-01,MS,DEMAIS ESTADOS,478886
2021/2022,2ª Nov,2021-12-01,MT,DEMAIS ESTADOS,207700
2021/2022,2ª Nov,2021-12-01,PR,DEMAIS ESTADOS,648713
2021/2022,2ª Nov,2021-12-01,SP,SÃO PAULO,1147490
2021/2022,1ª Dez,2021-12-16,ES,DEMAIS ESTADOS,19878
2021/2022,1ª Dez,2021-12-16,GO,DEMAIS ESTADOS,298815
2021/2022,1ª Dez,2021-12-16,MG,DEMAIS ESTADOS,120151
2021/2022,1ª Dez,2021-12-16,MS,DEMAIS ESTADOS,35287
2021/2022,1ª Dez,2021-12-16,MT,DEMAIS ESTADOS,15000
2021/2022,1ª Dez,2021-12-16,PR,DEMAIS ESTADOS,88834
2021/2022,1ª Dez,2021-12-16,SP,SÃO PAULO,190682
2021/2022,2ª Dez,2022-01-01,ES,DEMAIS ESTADOS,8458
2021/2022,2ª Fev,2022-03-01,GO,DEMAIS ESTADOS,159380
2021/2022,1ª Mar,2022-03-16,GO,DEMAIS ESTADOS,142352
2021/2022,2ª Mar,2022-04-01,GO,DEMAIS ESTADOS,255997
2021/2022,2ª Mar,2022-04-01,MG,DEMAIS ESTADOS,103459
2021/2022,2ª Mar,2022-04-01,MS,DEMAIS ESTADOS,752922
2021/2022,2ª Mar,2022-04-01,SP,SÃO PAULO,68753
2022/2023,1ª Abr,2022-04-16,ES,DEMAIS ESTADOS,97647
2022/2023,1ª Abr,2022-04-16,GO,DEMAIS ESTADOS,1182961
2022/2023,1ª Abr,2022-04-16,MG,DEMAIS ESTADOS,1267246
2022/2023,1ª Abr,2022-04-16,MS,DEMAIS ESTADOS,882114
2022/2023,1ª Abr,2022-04-16,MT,DEMAIS ESTADOS,66280
2022/2023,1ª Abr,2022-04-16,PR,DEMAIS ESTADOS,146158
2022/2023,1ª Abr,2022-04-16,SP,SÃO PAULO,1645300
2022/2023,2ª Abr,2022-05-01,ES,DEMAIS ESTADOS,128809
2022/2023,2ª Abr,2022-05-01,GO,DEMAIS ESTADOS,3569523
2022/2023,2ª Abr,2022-05-01,MG,DEMAIS ESTADOS,3588718
2022/2023,2ª Abr,2022-05-01,MS,DEMAIS ESTADOS,2165971
2022/2023,2ª Abr,2022-05-01,MT,DEMAIS ESTADOS,312763
2022/2023,2ª Abr,2022-05-01,PR,DEMAIS ESTADOS,1212153
2022/2023,2ª Abr,2022-05-01,SP,SÃO PAULO,13036591
2022/2023,1ª Mai,2022-05-16,ES,DEMAIS ESTADOS,201626
2022/2023,1ª Mai,2022-05-16,GO,DEMAIS ESTADOS,5316914
2022/2023,1ª Mai,2022-05-16,MG,DEMAIS ESTADOS,4468766
2022/2023,1ª Mai,2022-05-16,MS,DEMAIS ESTADOS,2234526
2022/2023,1ª Mai,2022-05-16,MT,DEMAIS ESTADOS,779144
2022/2023,1ª Mai,2022-05-16,PR,DEMAIS ESTADOS,1681130
2022/2023,1ª Mai,2022-05-16,RJ,DEMAIS ESTADOS,14174
2022/2023,1ª Mai,2022-05-16,SP,SÃO PAULO,19593480
2022/2023,2ª Mai,2022-06-01,ES,DEMAIS ESTADOS,207933
2022/2023,2ª Mai,2022-06-01,GO,DEMAIS ESTADOS,5757041
2022/2023,2ª Mai,2022-06-01,MG,DEMAIS ESTADOS,5226584
2022/2023,2ª Mai,2022-06-01,MS,DEMAIS ESTADOS,3258318
2022/2023,2ª Mai,2022-06-01,MT,DEMAIS ESTADOS,1186100
2022/2023,2ª Mai,2022-06-01,PR,DEMAIS ESTADOS,2381439
2022/2023,2ª Mai,2022-06-01,RJ,DEMAIS ESTADOS,109654
2022/2023,2ª Mai,2022-06-01,SP,SÃO PAULO,25665257
2022/2023,1ª Jun,2022-06-16,ES,DEMAIS ESTADOS,261637
2022/2023,1ª Jun,2022-06-16,GO,DEMAIS ESTADOS,5221925
2022/2023,1ª Jun,2022-06-16,MG,DEMAIS ESTADOS,5101974
2022/2023,1ª Jun,2022-06-16,MS,DEMAIS ESTADOS,2290768
2022/2023,1ª Jun,2022-06-16,MT,DEMAIS ESTADOS,1146655
2022/2023,1ª Jun,2022-06-16,PR,DEMAIS ESTADOS,1432835
2022/2023,1ª Jun,2022-06-16,RJ,DEMAIS ESTADOS,109336
2022/2023,1ª Jun,2022-06-16,SP,SÃO PAULO,23108017
2022/2023,2ª Jun,2022-07-01,ES,DEMAIS ESTADOS,250299
2022/2023,2ª Jun,2022-07-01,GO,DEMAIS ESTADOS,5563341
2022/2023,2ª Jun,2022-07-01,MG,DEMAIS ESTADOS,5427936
2022/2023,2ª Jun,2022-07-01,MS,DEMAIS ESTADOS,3112496
2022/2023,2ª Jun,2022-07-01,MT,DEMAIS ESTADOS,1354015
2022/2023,2ª Jun,2022-07-01,PR,DEMAIS ESTADOS,1999526
2022/2023,2ª Jun,2022-07-01,RJ,DEMAIS ESTADOS,118309
2022/2023,2ª Jun,2022-07-01,SP,SÃO PAULO,24255856
2022/2023,1ª Jul,2022-07-16,ES,DEMAIS ESTADOS,222773
2022/2023,1ª Jul,2022-07-16,GO,DEMAIS ESTADOS,5792498
2022/2023,1ª Jul,2022-07-16,MG,DEMAIS ESTADOS,5536776
2022/2023,1ª Jul,2022-07-16,MS,DEMAIS ESTADOS,3574695
2022/2023,1ª Jul,2022-07-16,MT,DEMAIS ESTADOS,1422520
2022/2023,1ª Jul,2022-07-16,PR,DEMAIS ESTADOS,2768996
2022/2023,1ª Jul,2022-07-16,RJ,DEMAIS ESTADOS,114960
2022/2023,1ª Jul,2022-07-16,SP,SÃO PAULO,26985739
2022/2023,2ª Jul,2022-08-01,ES,DEMAIS ESTADOS,256556
2022/2023,2ª Jul,2022-08-01,GO,DEMAIS ESTADOS,5969352
2022/2023,2ª Jul,2022-08-01,MG,DEMAIS ESTADOS,5970502
2022/2023,2ª Jul,2022-08-01,MS,DEMAIS ESTADOS,3835434
2022/2023,2ª Jul,2022-08-01,MT,DEMAIS ESTADOS,1466098
2022/2023,2ª Jul,2022-08-01,PR,DEMAIS ESTADOS,2897323
2022/2023,2ª Jul,2022-08-01,RJ,DEMAIS ESTADOS,139700
2022/2023,2ª Jul,2022-08-01,SP,SÃO PAULO,28588916
2022/2023,1ª Ago,2022-08-16,ES,DEMAIS ESTADOS,229256
2022/2023,1ª Ago,2022-08-16,GO,DEMAIS ESTADOS,5568939
2022/2023,1ª Ago,2022-08-16,MG,DEMAIS ESTADOS,5224153
2022/2023,1ª Ago,2022-08-16,MS,DEMAIS ESTADOS,2588661
2022/2023,1ª Ago,2022-08-16,MT,DEMAIS ESTADOS,1209054
2022/2023,1ª Ago,2022-08-16,PR,DEMAIS ESTADOS,1873702
2022/2023,1ª Ago,2022-08-16,RJ,DEMAIS ESTADOS,126735
2022/2023,1ª Ago,2022-08-16,SP,SÃO PAULO,21978468
2022/2023,2ª Ago,2022-09-01,ES,DEMAIS ESTADOS,219900
2022/2023,2ª Ago,2022-09-01,GO,DEMAIS ESTADOS,5789156
2022/2023,2ª Ago,2022-09-01,MG,DEMAIS ESTADOS,5783766
2022/2023,2ª Ago,2022-09-01,MS,DEMAIS ESTADOS,2786753
2022/2023,2ª Ago,2022-09-01,MT,DEMAIS ESTADOS,1366444
2022/2023,2ª Ago,2022-09-01,PR,DEMAIS ESTADOS,1944139
2022/2023,2ª Ago,2022-09-01,RJ,DEMAIS ESTADOS,100249
2022/2023,2ª Ago,2022-09-01,SP,SÃO PAULO,26218172
2022/2023,1ª Set,2022-09-16,ES,DEMAIS ESTADOS,180379
2022/2023,1ª Set,2022-09-16,GO,DEMAIS ESTADOS,5227890
2022/2023,1ª Set,2022-09-16,MG,DEMAIS ESTADOS,5035228
2022/2023,1ª Set,2022-09-16,MS,DEMAIS ESTADOS,2979115
2022/2023,1ª Set,2022-09-16,MT,DEMAIS ESTADOS,1301501
2022/2023,1ª Set,2022-09-16,PR,DEMAIS ESTADOS,2235197
2022/2023,1ª Set,2022-09-16,RJ,DEMAIS ESTADOS,109213
2022/2023,1ª Set,2022-09-16,SP,SÃO PAULO,22575077
2022/2023,2ª Set,2022-10-01,ES,DEMAIS ESTADOS,180039
2022/2023,2ª Set,2022-10-01,GO,DEMAIS ESTADOS,4080740
2022/2023,2ª Set,2022-10-01,MG,DEMAIS ESTADOS,3386399
2022/2023,2ª Set,2022-10-01,MS,DEMAIS ESTADOS,1488423
2022/2023,2ª Set,2022-10-01,MT,DEMAIS ESTADOS,1185726
2022/2023,2ª Set,2022-10-01,PR,DEMAIS ESTADOS,938433
2022/2023,2ª Set,2022-10-01,RJ,DEMAIS ESTADOS,27883
2022/2023,2ª Set,2022-10-01,SP,SÃO PAULO,14010543
2022/2023,1ª Out,2022-10-16,ES,DEMAIS ESTADOS,174016
2022/2023,1ª Out,2022-10-16,GO,DEMAIS ESTADOS,3564603
2022/2023,1ª Out,2022-10-16,MG,DEMAIS ESTADOS,3212534
2022/2023,1ª Out,2022-10-16,MS,DEMAIS ESTADOS,1525793
2022/2023,1ª Out,2022-10-16,MT,DEMAIS ESTADOS,1034424
2022/2023,1ª Out,2022-10-16,PR,DEMAIS ESTADOS,1063574
2022/2023,1ª Out,2022-10-16,RJ,DEMAIS ESTADOS,23543
2022/2023,1ª Out,2022-10-16,SP,SÃO PAULO,17252861
2022/2023,2ª Out,2022-11-01,ES,DEMAIS ESTADOS,132759
2022/2023,2ª Out,2022-11-01,GO,DEMAIS ESTADOS,3656561
2022/2023,2ª Out,2022-11-01,MG,DEMAIS ESTADOS,3765188
2022/2023,2ª Out,2022-11-01,MS,DEMAIS ESTADOS,2198794
2022/2023,2ª Out,2022-11-01,MT,DEMAIS ESTADOS,889242
2022/2023,2ª Out,2022-11-01,PR,DEMAIS ESTADOS,1836114
2022/2023,2ª Out,2022-11-01,RJ,DEMAIS ESTADOS,8930
2022/2023,2ª Out,2022-11-01,SP,SÃO PAULO,19490694
2022/2023,1ª Nov,2022-11-16,ES,DEMAIS ESTADOS,58304
2022/2023,1ª Nov,2022-11-16,GO,DEMAIS ESTADOS,2353082
2022/2023,1ª Nov,2022-11-16,MG,DEMAIS ESTADOS,2873488
2022/2023,1ª Nov,2022-11-16,MS,DEMAIS ESTADOS,2193025
2022/2023,1ª Nov,2022-11-16,MT,DEMAIS ESTADOS,465502
2022/2023,1ª Nov,2022-11-16,PR,DEMAIS ESTADOS,2057141
2022/2023,1ª Nov,2022-11-16,SP,SÃO PAULO,16323862
2022/2023,2ª Nov,2022-12-01,GO,DEMAIS ESTADOS,1132560
2022/2023,2ª Nov,2022-12-01,MG,DEMAIS ESTADOS,1427651
2022/2023,2ª Nov,2022-12-01,MS,DEMAIS ESTADOS,2650793
2022/2023,2ª Nov,2022-12-01,MT,DEMAIS ESTADOS,438868
2022/2023,2ª Nov,2022-12-01,PR,DEMAIS ESTADOS,2355668
2022/2023,2ª Nov,2022-12-01,SP,SÃO PAULO,8349751
2022/2023,1ª Dez,2022-12-16,GO,DEMAIS ESTADOS,253750
2022/2023,1ª Dez,2022-12-16,MG,DEMAIS ESTADOS,305674
2022/2023,1ª Dez,2022-12-16,MS,DEMAIS ESTADOS,1498432
2022/2023,1ª Dez,2022-12-16,MT,DEMAIS ESTADOS,281086
2022/2023,1ª Dez,2022-12-16,PR,DEMAIS ESTADOS,1142073
2022/2023,1ª Dez,2022-12-16,SP,SÃO PAULO,2061627
2022/2023,2ª Dez,2023-01-01,GO,DEMAIS ESTADOS,15370
2022/2023,2ª Dez,2023-01-01,MG,DEMAIS ESTADOS,15546
2022/2023,2ª Dez,2023-01-01,MS,DEMAIS ESTADOS,1104074
2022/2023,2ª Dez,2023-01-01,MT,DEMAIS ESTADOS,46382
2022/2023,2ª Dez,2023-01-01,PR,DEMAIS ESTADOS,564136
2022/2023,2ª Dez,2023-01-01,SP,SÃO PAULO,963136
2022/2023,1ª Jan,2023-01-16,MS,DEMAIS ESTADOS,427762
2022/2023,1ª Jan,2023-01-16,PR,DEMAIS ESTADOS,12071
2022/2023,2ª Jan,2023-02-01,MS,DEMAIS ESTADOS,307297
2022/2023,1ª Fev,2023-02-16,MS,DEMAIS ESTADOS,73179
2022/2023,2ª Fev,2023-03-01,GO,DEMAIS ESTADOS,40037
2022/2023,2ª Fev,2023-03-01,MS,DEMAIS ESTADOS,14277
2022/2023,2ª Fev,2023-03-01,SP,SÃO PAULO,17480
2022/2023,1ª Mar,2023-03-16,GO,DEMAIS ESTADOS,69393
2022/2023,1ª Mar,2023-03-16,MG,DEMAIS ESTADOS,3245
2022/2023,1ª Mar,2023-03-16,MS,DEMAIS ESTADOS,310421
2022/2023,1ª Mar,2023-03-16,SP,SÃO PAULO,222235
2022/2023,2ª Mar,2023-04-01,GO,DEMAIS ESTADOS,337179
2022/2023,2ª Mar,2023-04-01,MG,DEMAIS ESTADOS,550773
2022/2023,2ª Mar,2023-04-01,MS,DEMAIS ESTADOS,1126005
2022/2023,2ª Mar,2023-04-01,PR,DEMAIS ESTADOS,556362
2022/2023,2ª Mar,2023-04-01,SP,SÃO PAULO,2165601
2023/2024,1ª Abr,2023-04-16,ES,DEMAIS ESTADOS,102852
2023/2024,1ª Abr,2023-04-16,GO,DEMAIS ESTADOS,1380174
2023/2024,1ª Abr,2023-04-16,MG,DEMAIS ESTADOS,1577292
2023/2024,1ª Abr,2023-04-16,MS,DEMAIS ESTADOS,1638404
2023/2024,1ª Abr,2023-04-16,MT,DEMAIS ESTADOS,275919
2023/2024,1ª Abr,2023-04-16,PR,DEMAIS ESTADOS,1698733
2023/2024,1ª Abr,2023-04-16,SP,SÃO PAULO,7182000
2023/2024,2ª Abr,2023-05-01,ES,DEMAIS ESTADOS,100654
2023/2024,2ª Abr,2023-05-01,GO,DEMAIS ESTADOS,2452223
2023/2024,2ª Abr,2023-05-01,MG,DEMAIS ESTADOS,3207776
2023/2024,2ª Abr,2023-05-01,MS,DEMAIS ESTADOS,1485425
2023/2024,2ª Abr,2023-05-01,MT,DEMAIS ESTADOS,709603
2023/2024,2ª Abr,2023-05-01,PR,DEMAIS ESTADOS,1159807
2023/2024,2ª Abr,2023-05-01,SP,SÃO PAULO,12320051
2023/2024,1ª Mai,2023-05-16,ES,DEMAIS ESTADOS,144159
2023/2024,1ª Mai,2023-05-16,GO,DEMAIS ESTADOS,4918270
2023/2024,1ª Mai,2023-05-16,MG,DEMAIS ESTADOS,5427419
2023/2024,1ª Mai,2023-05-16,MS,DEMAIS ESTADOS,3442954
2023/2024,1ª Mai,2023-05-16,MT,DEMAIS ESTADOS,1177255
2023/2024,1ª Mai,2023-05-16,PR,DEMAIS ESTADOS,2747834
2023/2024,1ª Mai,2023-05-16,SP,SÃO PAULO,26700658
2023/2024,2ª Mai,2023-06-01,ES,DEMAIS ESTADOS,197675
2023/2024,2ª Mai,2023-06-01,GO,DEMAIS ESTADOS,5717916
2023/2024,2ª Mai,2023-06-01,MG,DEMAIS ESTADOS,5955934
2023/2024,2ª Mai,2023-06-01,MS,DEMAIS ESTADOS,3242603
2023/2024,2ª Mai,2023-06-01,MT,DEMAIS ESTADOS,1324825
2023/2024,2ª Mai,2023-06-01,PR,DEMAIS ESTADOS,2419006
2023/2024,2ª Mai,2023-06-01,SP,SÃO PAULO,27912557
2023/2024,1ª Jun,2023-06-16,ES,DEMAIS ESTADOS,213328
2023/2024,1ª Jun,2023-06-16,GO,DEMAIS ESTADOS,5603461
2023/2024,1ª Jun,2023-06-16,MG,DEMAIS ESTADOS,5671493
2023/2024,1ª Jun,2023-06-16,MS,DEMAIS ESTADOS,2814292
2023/2024,1ª Jun,2023-06-16,MT,DEMAIS ESTADOS,1226460
2023/2024,1ª Jun,2023-06-16,PR,DEMAIS ESTADOS,2182803
2023/2024,1ª Jun,2023-06-16,RJ,DEMAIS ESTADOS,69113
2023/2024,1ª Jun,2023-06-16,SP,SÃO PAULO,22887812
2023/2024,2ª Jun,2023-07-01,ES,DEMAIS ESTADOS,221357
2023/2024,2ª Jun,2023-07-01,GO,DEMAIS ESTADOS,5781903
2023/2024,2ª Jun,2023-07-01,MG,DEMAIS ESTADOS,5654912
2023/2024,2ª Jun,2023-07-01,MS,DEMAIS ESTADOS,3291864
2023/2024,2ª Jun,2023-07-01,MT,DEMAIS ESTADOS,1427229
2023/2024,2ª Jun,2023-07-01,PR,DEMAIS ESTADOS,2402251
2023/2024,2ª Jun,2023-07-01,RJ,DEMAIS ESTADOS,110781
2023/2024,2ª Jun,2023-07-01,SP,SÃO PAULO,24304183
2023/2024,1ª Jul,2023-07-16,ES,DEMAIS ESTADOS,231729
2023/2024,1ª Jul,2023-07-16,GO,DEMAIS ESTADOS,5952261
2023/2024,1ª Jul,2023-07-16,MG,DEMAIS ESTADOS,5863681
2023/2024,1ª Jul,2023-07-16,MS,DEMAIS ESTADOS,3807657
2023/2024,1ª Jul,2023-07-16,MT,DEMAIS ESTADOS,1439227
2023/2024,1ª Jul,2023-07-16,PR,DEMAIS ESTADOS,2744862
2023/2024,1ª Jul,2023-07-16,RJ,DEMAIS ESTADOS,130178
2023/2024,1ª Jul,2023-07-16,SP,SÃO PAULO,28373941
2023/2024,2ª Jul,2023-08-01,ES,DEMAIS ESTADOS,159916
2023/2024,2ª Jul,2023-08-01,GO,DEMAIS ESTADOS,6509187
2023/2024,2ª Jul,2023-08-01,MG,DEMAIS ESTADOS,6532937
2023/2024,2ª Jul,2023-08-01,MS,DEMAIS ESTADOS,4095362
2023/2024,2ª Jul,2023-08-01,MT,DEMAIS ESTADOS,1573167
2023/2024,2ª Jul,2023-08-01,PR,DEMAIS ESTADOS,2978553
2023/2024,2ª Jul,2023-08-01,RJ,DEMAIS ESTADOS,133074
2023/2024,2ª Jul,2023-08-01,SP,SÃO PAULO,31112557
2023/2024,1ª Ago,2023-08-16,ES,DEMAIS ESTADOS,203433
2023/2024,1ª Ago,2023-08-16,GO,DEMAIS ESTADOS,5693765
2023/2024,1ª Ago,2023-08-16,MG,DEMAIS ESTADOS,5985170
2023/2024,1ª Ago,2023-08-16,MS,DEMAIS ESTADOS,3514173
2023/2024,1ª Ago,2023-08-16,MT,DEMAIS ESTADOS,1391464
2023/2024,1ª Ago,2023-08-16,PR,DEMAIS ESTADOS,2649802
2023/2024,1ª Ago,2023-08-16,RJ,DEMAIS ESTADOS,118429
2023/2024,1ª Ago,2023-08-16,SP,SÃO PAULO,28384821
2023/2024,2ª Ago,2023-09-01,ES,DEMAIS ESTADOS,183594
2023/2024,2ª Ago,2023-09-01,GO,DEMAIS ESTADOS,5522282
2023/2024,2ª Ago,2023-09-01,MG,DEMAIS ESTADOS,5594294
2023/2024,2ª Ago,2023-09-01,MS,DEMAIS ESTADOS,3324102
2023/2024,2ª Ago,2023-09-01,MT,DEMAIS ESTADOS,1440091
2023/2024,2ª Ago,2023-09-01,PR,DEMAIS ESTADOS,2686273
2023/2024,2ª Ago,2023-09-01,RJ,DEMAIS ESTADOS,89175
2023/2024,2ª Ago,2023-09-01,SP,SÃO PAULO,27742788
2023/2024,1ª Set,2023-09-16,ES,DEMAIS ESTADOS,216425
2023/2024,1ª Set,2023-09-16,GO,DEMAIS ESTADOS,5415949
2023/2024,1ª Set,2023-09-16,MG,DEMAIS ESTADOS,5503313
2023/2024,1ª Set,2023-09-16,MS,DEMAIS ESTADOS,2356563
2023/2024,1ª Set,2023-09-16,MT,DEMAIS ESTADOS,1249371
2023/2024,1ª Set,2023-09-16,PR,DEMAIS ESTADOS,1846413
2023/2024,1ª Set,2023-09-16,RJ,DEMAIS ESTADOS,105604
2023/2024,1ª Set,2023-09-16,SP,SÃO PAULO,25209653
2023/2024,2ª Set,2023-10-01,ES,DEMAIS ESTADOS,205767
2023/2024,2ª Set,2023-10-01,GO,DEMAIS ESTADOS,5190398
2023/2024,2ª Set,2023-10-01,MG,DEMAIS ESTADOS,5208114
2023/2024,2ª Set,2023-10-01,MS,DEMAIS ESTADOS,3647690
2023/2024,2ª Set,2023-10-01,MT,DEMAIS ESTADOS,1261484
2023/2024,2ª Set,2023-10-01,PR,DEMAIS ESTADOS,2726597
2023/2024,2ª Set,2023-10-01,RJ,DEMAIS ESTADOS,112680
2023/2024,2ª Set,2023-10-01,SP,SÃO PAULO,26599565
2023/2024,1ª Out,2023-10-16,ES,DEMAIS ESTADOS,194760
2023/2024,1ª Out,2023-10-16,GO,DEMAIS ESTADOS,4256287
2023/2024,1ª Out,2023-10-16,MG,DEMAIS ESTADOS,4267892
2023/2024,1ª Out,2023-10-16,MS,DEMAIS ESTADOS,2785449
2023/2024,1ª Out,2023-10-16,MT,DEMAIS ESTADOS,1242604
2023/2024,1ª Out,2023-10-16,PR,DEMAIS ESTADOS,2024048
2023/2024,1ª Out,2023-10-16,RJ,DEMAIS ESTADOS,81301
2023/2024,1ª Out,2023-10-16,SP,SÃO PAULO,18075225
2023/2024,2ª Out,2023-11-01,ES,DEMAIS ESTADOS,183777
2023/2024,2ª Out,2023-11-01,GO,DEMAIS ESTADOS,4551384
2023/2024,2ª Out,2023-11-01,MG,DEMAIS ESTADOS,4305804
2023/2024,2ª Out,2023-11-01,MS,DEMAIS ESTADOS,2473215
2023/2024,2ª Out,2023-11-01,MT,DEMAIS ESTADOS,1144066
2023/2024,2ª Out,2023-11-01,PR,DEMAIS ESTADOS,1577644
2023/2024,2ª Out,2023-11-01,RJ,DEMAIS ESTADOS,58817
2023/2024,2ª Out,2023-11-01,SP,SÃO PAULO,20364201
2023/2024,1ª Nov,2023-11-16,ES,DEMAIS ESTADOS,99713
2023/2024,1ª Nov,2023-11-16,GO,DEMAIS ESTADOS,3554159
2023/2024,1ª Nov,2023-11-16,MG,DEMAIS ESTADOS,4060464
2023/2024,1ª Nov,2023-11-16,MS,DEMAIS ESTADOS,2605561
2023/2024,1ª Nov,2023-11-16,MT,DEMAIS ESTADOS,557771
2023/2024,1ª Nov,2023-11-16,PR,DEMAIS ESTADOS,1778646
2023/2024,1ª Nov,2023-11-16,RJ,DEMAIS ESTADOS,39634
2023/2024,1ª Nov,2023-11-16,SP,SÃO PAULO,22187467
2023/2024,2ª Nov,2023-12-01,ES,DEMAIS ESTADOS,103621
2023/2024,2ª Nov,2023-12-01,GO,DEMAIS ESTADOS,2019807
2023/2024,2ª Nov,2023-12-01,MG,DEMAIS ESTADOS,2867184
2023/2024,2ª Nov,2023-12-01,MS,DEMAIS ESTADOS,1833972
2023/2024,2ª Nov,2023-12-01,MT,DEMAIS ESTADOS,209065
2023/2024,2ª Nov,2023-12-01,PR,DEMAIS ESTADOS,963636
2023/2024,2ª Nov,2023-12-01,SP,SÃO PAULO,15999892
2023/2024,1ª Dez,2023-12-16,ES,DEMAIS ESTADOS,52792
2023/2024,1ª Dez,2023-12-16,GO,DEMAIS ESTADOS,1286211
2023/2024,1ª Dez,2023-12-16,MG,DEMAIS ESTADOS,1858880
2023/2024,1ª Dez,2023-12-16,MS,DEMAIS ESTADOS,1632479
2023/2024,1ª Dez,2023-12-16,PR,DEMAIS ESTADOS,757601
2023/2024,1ª Dez,2023-12-16,SP,SÃO PAULO,13726798
2023/2024,2ª Dez,2024-01-01,GO,DEMAIS ESTADOS,316488
2023/2024,2ª Dez,2024-01-01,MG,DEMAIS ESTADOS,120011
2023/2024,2ª Dez,2024-01-01,MS,DEMAIS ESTADOS,1113261
2023/2024,2ª Dez,2024-01-01,PR,DEMAIS ESTADOS,138913
2023/2024,2ª Dez,2024-01-01,SP,SÃO PAULO,3233197
2023/2024,1ª Jan,2024-01-16,GO,DEMAIS ESTADOS,59658
2023/2024,1ª Jan,2024-01-16,MS,DEMAIS ESTADOS,524011
2023/2024,1ª Jan,2024-01-16,SP,SÃO PAULO,526639
2023/2024,2ª Jan,2024-02-01,MS,DEMAIS ESTADOS,287749
2023/2024,2ª Jan,2024-02-01,SP,SÃO PAULO,422015
2023/2024,1ª Fev,2024-02-16,MS,DEMAIS ESTADOS,353029
2023/2024,1ª Fev,2024-02-16,SP,SÃO PAULO,195555
2023/2024,2ª Fev,2024-03-01,GO,DEMAIS ESTADOS,111498
2023/2024,2ª Fev,2024-03-01,MS,DEMAIS ESTADOS,271996
2023/2024,2ª Fev,2024-03-01,SP,SÃO PAULO,168238
2023/2024,1ª Mar,2024-03-16,GO,DEMAIS ESTADOS,127568
2023/2024,1ª Mar,2024-03-16,MG,DEMAIS ESTADOS,51820
2023/2024,1ª Mar,2024-03-16,MS,DEMAIS ESTADOS,588730
2023/2024,1ª Mar,2024-03-16,MT,DEMAIS ESTADOS,11150
2023/2024,1ª Mar,2024-03-16,PR,DEMAIS ESTADOS,96636
2023/2024,1ª Mar,2024-03-16,SP,SÃO PAULO,1347975
2023/2024,2ª Mar,2024-04-01,GO,DEMAIS ESTADOS,200081
2023/2024,2ª Mar,2024-04-01,MG,DEMAIS ESTADOS,238583
2023/2024,2ª Mar,2024-04-01,MS,DEMAIS ESTADOS,1251388
2023/2024,2ª Mar,2024-04-01,MT,DEMAIS ESTADOS,14085
2023/2024,2ª Mar,2024-04-01,PR,DEMAIS ESTADOS,771530
2023/2024,2ª Mar,2024-04-01,SP,SÃO PAULO,2624785
2024/2025,1ª Abr,2024-04-16,GO,DEMAIS ESTADOS,811036
2024/2025,1ª Abr,2024-04-16,MG,DEMAIS ESTADOS,1837925
2024/2025,1ª Abr,2024-04-16,MS,DEMAIS ESTADOS,1474502
2024/2025,1ª Abr,2024-04-16,MT,DEMAIS ESTADOS,163002
2024/2025,1ª Abr,2024-04-16,PR,DEMAIS ESTADOS,1387924
2024/2025,1ª Abr,2024-04-16,SP,SÃO PAULO,10442554
2024/2025,2ª Abr,2024-05-01,ES,DEMAIS ESTADOS,28459
2024/2025,2ª Abr,2024-05-01,GO,DEMAIS ESTADOS,3216099
2024/2025,2ª Abr,2024-05-01,MG,DEMAIS ESTADOS,4997020
2024/2025,2ª Abr,2024-05-01,MS,DEMAIS ESTADOS,2503336
2024/2025,2ª Abr,2024-05-01,MT,DEMAIS ESTADOS,530476
2024/2025,2ª Abr,2024-05-01,PR,DEMAIS ESTADOS,2111694
2024/2025,2ª Abr,2024-05-01,SP,SÃO PAULO,21611246
2024/2025,1ª Mai,2024-05-16,ES,DEMAIS ESTADOS,162884
2024/2025,1ª Mai,2024-05-16,GO,DEMAIS ESTADOS,5462959
2024/2025,1ª Mai,2024-05-16,MG,DEMAIS ESTADOS,5655815
2024/2025,1ª Mai,2024-05-16,MS,DEMAIS ESTADOS,3464064
2024/2025,1ª Mai,2024-05-16,MT,DEMAIS ESTADOS,1180151
2024/2025,1ª Mai,2024-05-16,PR,DEMAIS ESTADOS,2929478
2024/2025,1ª Mai,2024-05-16,SP,SÃO PAULO,26209171
2024/2025,2ª Mai,2024-06-01,ES,DEMAIS ESTADOS,247566
2024/2025,2ª Mai,2024-06-01,GO,DEMAIS ESTADOS,6271848
2024/2025,2ª Mai,2024-06-01,MG,DEMAIS ESTADOS,6413919
2024/2025,2ª Mai,2024-06-01,MS,DEMAIS ESTADOS,2779632
2024/2025,2ª Mai,2024-06-01,MT,DEMAIS ESTADOS,1316317
2024/2025,2ª Mai,2024-06-01,PR,DEMAIS ESTADOS,1627856
2024/2025,2ª Mai,2024-06-01,SP,SÃO PAULO,26702560
2024/2025,1ª Jun,2024-06-16,ES,DEMAIS ESTADOS,231321
2024/2025,1ª Jun,2024-06-16,GO,DEMAIS ESTADOS,6152441
2024/2025,1ª Jun,2024-06-16,MG,DEMAIS ESTADOS,6109022
2024/2025,1ª Jun,2024-06-16,MS,DEMAIS ESTADOS,3770980
2024/2025,1ª Jun,2024-06-16,MT,DEMAIS ESTADOS,1337350
2024/2025,1ª Jun,2024-06-16,PR,DEMAIS ESTADOS,2993467
2024/2025,1ª Jun,2024-06-16,RJ,DEMAIS ESTADOS,86727
2024/2025,1ª Jun,2024-06-16,SP,SÃO PAULO,28716040
2024/2025,2ª Jun,2024-07-01,ES,DEMAIS ESTADOS,210215
2024/2025,2ª Jun,2024-07-01,GO,DEMAIS ESTADOS,6213018
2024/2025,2ª Jun,2024-07-01,MG,DEMAIS ESTADOS,6161769
2024/2025,2ª Jun,2024-07-01,MS,DEMAIS ESTADOS,3734845
2024/2025,2ª Jun,2024-07-01,MT,DEMAIS ESTADOS,1439028
2024/2025,2ª Jun,2024-07-01,PR,DEMAIS ESTADOS,2831188
2024/2025,2ª Jun,2024-07-01,RJ,DEMAIS ESTADOS,128653
2024/2025,2ª Jun,2024-07-01,SP,SÃO PAULO,28289523
2024/2025,1ª Jul,2024-07-16,ES,DEMAIS ESTADOS,230853
2024/2025,1ª Jul,2024-07-16,GO,DEMAIS ESTADOS,6035867
2024/2025,1ª Jul,2024-07-16,MG,DEMAIS ESTADOS,6120459
2024/2025,1ª Jul,2024-07-16,MS,DEMAIS ESTADOS,2328143
2024/2025,1ª Jul,2024-07-16,MT,DEMAIS ESTADOS,1391250
2024/2025,1ª Jul,2024-07-16,PR,DEMAIS ESTADOS,1787175
2024/2025,1ª Jul,2024-07-16,RJ,DEMAIS ESTADOS,133179
2024/2025,1ª Jul,2024-07-16,SP,SÃO PAULO,25384801
2024/2025,2ª Jul,2024-08-01,ES,DEMAIS ESTADOS,236179
2024/2025,2ª Jul,2024-08-01,GO,DEMAIS ESTADOS,6650817
2024/2025,2ª Jul,2024-08-01,MG,DEMAIS ESTADOS,6510992
2024/2025,2ª Jul,2024-08-01,MS,DEMAIS ESTADOS,3815925
2024/2025,2ª Jul,2024-08-01,MT,DEMAIS ESTADOS,1466586
2024/2025,2ª Jul,2024-08-01,PR,DEMAIS ESTADOS,3024566
2024/2025,2ª Jul,2024-08-01,RJ,DEMAIS ESTADOS,169348
2024/2025,2ª Jul,2024-08-01,SP,SÃO PAULO,29715823
2024/2025,1ª Ago,2024-08-16,ES,DEMAIS ESTADOS,180520
2024/2025,1ª Ago,2024-08-16,GO,DEMAIS ESTADOS,5929290
2024/2025,1ª Ago,2024-08-16,MG,DEMAIS ESTADOS,5808687
2024/2025,1ª Ago,2024-08-16,MS,DEMAIS ESTADOS,3431050
2024/2025,1ª Ago,2024-08-16,MT,DEMAIS ESTADOS,1365091
2024/2025,1ª Ago,2024-08-16,PR,DEMAIS ESTADOS,2551687
2024/2025,1ª Ago,2024-08-16,RJ,DEMAIS ESTADOS,133574
2024/2025,1ª Ago,2024-08-16,SP,SÃO PAULO,24634013
2024/2025,2ª Ago,2024-09-01,ES,DEMAIS ESTADOS,252560
2024/2025,2ª Ago,2024-09-01,GO,DEMAIS ESTADOS,6019397
2024/2025,2ª Ago,2024-09-01,MG,DEMAIS ESTADOS,6000285
2024/2025,2ª Ago,2024-09-01,MS,DEMAIS ESTADOS,3238390
2024/2025,2ª Ago,2024-09-01,MT,DEMAIS ESTADOS,1418503
2024/2025,2ª Ago,2024-09-01,PR,DEMAIS ESTADOS,2475014
2024/2025,2ª Ago,2024-09-01,RJ,DEMAIS ESTADOS,144182
2024/2025,2ª Ago,2024-09-01,SP,SÃO PAULO,25680310
2024/2025,1ª Set,2024-09-16,ES,DEMAIS ESTADOS,228754
2024/2025,1ª Set,2024-09-16,GO,DEMAIS ESTADOS,5368052
2024/2025,1ª Set,2024-09-16,MG,DEMAIS ESTADOS,5307099
2024/2025,1ª Set,2024-09-16,MS,DEMAIS ESTADOS,3224529
2024/2025,1ª Set,2024-09-16,MT,DEMAIS ESTADOS,1320108
2024/2025,1ª Set,2024-09-16,PR,DEMAIS ESTADOS,2575479
2024/2025,1ª Set,2024-09-16,RJ,DEMAIS ESTADOS,139708
2024/2025,1ª Set,2024-09-16,SP,SÃO PAULO,24825767
2024/2025,2ª Set,2024-10-01,ES,DEMAIS ESTADOS,168162
2024/2025,2ª Set,2024-10-01,GO,DEMAIS ESTADOS,5269195
2024/2025,2ª Set,2024-10-01,MG,DEMAIS ESTADOS,5397426
2024/2025,2ª Set,2024-10-01,MS,DEMAIS ESTADOS,2199581
2024/2025,2ª Set,2024-10-01,MT,DEMAIS ESTADOS,1263373
2024/2025,2ª Set,2024-10-01,PR,DEMAIS ESTADOS,1613859
2024/2025,2ª Set,2024-10-01,RJ,DEMAIS ESTADOS,108600
2024/2025,2ª Set,2024-10-01,SP,SÃO PAULO,22823992
2024/2025,1ª Out,2024-10-16,ES,DEMAIS ESTADOS,112614
2024/2025,1ª Out,2024-10-16,GO,DEMAIS ESTADOS,4047611
2024/2025,1ª Out,2024-10-16,MG,DEMAIS ESTADOS,4371280
2024/2025,1ª Out,2024-10-16,MS,DEMAIS ESTADOS,2430302
2024/2025,1ª Out,2024-10-16,MT,DEMAIS ESTADOS,1151975
2024/2025,1ª Out,2024-10-16,PR,DEMAIS ESTADOS,1836769
2024/2025,1ª Out,2024-10-16,RJ,DEMAIS ESTADOS,77951
2024/2025,1ª Out,2024-10-16,SP,SÃO PAULO,19908274
2024/2025,2ª Out,2024-11-01,ES,DEMAIS ESTADOS,123413
2024/2025,2ª Out,2024-11-01,GO,DEMAIS ESTADOS,3232687
2024/2025,2ª Out,2024-11-01,MG,DEMAIS ESTADOS,3106061
2024/2025,2ª Out,2024-11-01,MS,DEMAIS ESTADOS,2515857
2024/2025,2ª Out,2024-11-01,MT,DEMAIS ESTADOS,989174
2024/2025,2ª Out,2024-11-01,PR,DEMAIS ESTADOS,2063060
2024/2025,2ª Out,2024-11-01,RJ,DEMAIS ESTADOS,19802
2024/2025,2ª Out,2024-11-01,SP,SÃO PAULO,15155722
2024/2025,1ª Nov,2024-11-16,ES,DEMAIS ESTADOS,54989
2024/2025,1ª Nov,2024-11-16,GO,DEMAIS ESTADOS,2402788
2024/2025,1ª Nov,2024-11-16,MG,DEMAIS ESTADOS,2337010
2024/2025,1ª Nov,2024-11-16,MS,DEMAIS ESTADOS,1867858
2024/2025,1ª Nov,2024-11-16,MT,DEMAIS ESTADOS,661408
2024/2025,1ª Nov,2024-11-16,PR,DEMAIS ESTADOS,902452
2024/2025,1ª Nov,2024-11-16,SP,SÃO PAULO,8182158
2024/2025,2ª Nov,2024-12-01,ES,DEMAIS ESTADOS,73382
2024/2025,2ª Nov,2024-12-01,GO,DEMAIS ESTADOS,2385573
2024/2025,2ª Nov,2024-12-01,MG,DEMAIS ESTADOS,3011991
2024/2025,2ª Nov,2024-12-01,MS,DEMAIS ESTADOS,2129825
2024/2025,2ª Nov,2024-12-01,MT,DEMAIS ESTADOS,355172
2024/2025,2ª Nov,2024-12-01,PR,DEMAIS ESTADOS,380759
2024/2025,2ª Nov,2024-12-01,SP,SÃO PAULO,11929073
2024/2025,1ª Dez,2024-12-16,ES,DEMAIS ESTADOS,115104
2024/2025,1ª Dez,2024-12-16,GO,DEMAIS ESTADOS,1833942
2024/2025,1ª Dez,2024-12-16,MG,DEMAIS ESTADOS,2121776
2024/2025,1ª Dez,2024-12-16,MS,DEMAIS ESTADOS,613558
2024/2025,1ª Dez,2024-12-16,MT,DEMAIS ESTADOS,263192
2024/2025,1ª Dez,2024-12-16,SP,SÃO PAULO,3866849
2024/2025,2ª Dez,2025-01-01,ES,DEMAIS ESTADOS,91599
2024/2025,2ª Dez,2025-01-01,GO,DEMAIS ESTADOS,298767
2024/2025,2ª Dez,2025-01-01,MG,DEMAIS ESTADOS,379372
2024/2025,2ª Dez,2025-01-01,MS,DEMAIS ESTADOS,466906
2024/2025,2ª Dez,2025-01-01,SP,SÃO PAULO,477844
2024/2025,1ª Jan,2025-01-16,ES,DEMAIS ESTADOS,25424
2024/2025,1ª Jan,2025-01-16,MG,DEMAIS ESTADOS,28896
2024/2025,1ª Jan,2025-01-16,MS,DEMAIS ESTADOS,246741
2024/2025,2ª Jan,2025-02-01,MG,DEMAIS ESTADOS,67106
2024/2025,2ª Jan,2025-02-01,MS,DEMAIS ESTADOS,172260
2024/2025,1ª Fev,2025-02-16,MG,DEMAIS ESTADOS,60075
2024/2025,1ª Fev,2025-02-16,MS,DEMAIS ESTADOS,184702
2024/2025,2ª Fev,2025-03-01,MG,DEMAIS ESTADOS,55101
2024/2025,2ª Fev,2025-03-01,MS,DEMAIS ESTADOS,227435
2024/2025,1ª Mar,2025-03-16,MG,DEMAIS ESTADOS,325765
2024/2025,1ª Mar,2025-03-16,MS,DEMAIS ESTADOS,558955
2024/2025,1ª Mar,2025-03-16,PR,DEMAIS ESTADOS,27270
2024/2025,1ª Mar,2025-03-16,SP,SÃO PAULO,948546
2024/2025,2ª Mar,2025-04-01,GO,DEMAIS ESTADOS,145097
2024/2025,2ª Mar,2025-04-01,MG,DEMAIS ESTADOS,918623
2024/2025,2ª Mar,2025-04-01,MS,DEMAIS ESTADOS,908559
2024/2025,2ª Mar,2025-04-01,PR,DEMAIS ESTADOS,691958
2024/2025,2ª Mar,2025-04-01,SP,SÃO PAULO,1945177
2025/2026,1ª Abr,2025-04-16,ES,DEMAIS ESTADOS,26802
2025/2026,1ª Abr,2025-04-16,GO,DEMAIS ESTADOS,1989240
2025/2026,1ª Abr,2025-04-16,MG,DEMAIS ESTADOS,3028401
2025/2026,1ª Abr,2025-04-16,MS,DEMAIS ESTADOS,1262207
2025/2026,1ª Abr,2025-04-16,MT,DEMAIS ESTADOS,519979
2025/2026,1ª Abr,2025-04-16,PR,DEMAIS ESTADOS,1595957
2025/2026,1ª Abr,2025-04-16,SP,SÃO PAULO,8253154
2025/2026,2ª Abr,2025-05-01,ES,DEMAIS ESTADOS,86934
2025/2026,2ª Abr,2025-05-01,GO,DEMAIS ESTADOS,2790324
2025/2026,2ª Abr,2025-05-01,MG,DEMAIS ESTADOS,2471034
2025/2026,2ª Abr,2025-05-01,MS,DEMAIS ESTADOS,595505
2025/2026,2ª Abr,2025-05-01,MT,DEMAIS ESTADOS,714263
2025/2026,2ª Abr,2025-05-01,PR,DEMAIS ESTADOS,1268881
2025/2026,2ª Abr,2025-05-01,SP,SÃO PAULO,10028593
2025/2026,1ª Mai,2025-05-16,ES,DEMAIS ESTADOS,100929
2025/2026,1ª Mai,2025-05-16,GO,DEMAIS ESTADOS,5546139
2025/2026,1ª Mai,2025-05-16,MG,DEMAIS ESTADOS,5413619
2025/2026,1ª Mai,2025-05-16,MS,DEMAIS ESTADOS,3363801
2025/2026,1ª Mai,2025-05-16,MT,DEMAIS ESTADOS,1272558
2025/2026,1ª Mai,2025-05-16,PR,DEMAIS ESTADOS,2580827
2025/2026,1ª Mai,2025-05-16,SP,SÃO PAULO,24240417
2025/2026,2ª Mai,2025-06-01,ES,DEMAIS ESTADOS,155297
2025/2026,2ª Mai,2025-06-01,GO,DEMAIS ESTADOS,6079281
2025/2026,2ª Mai,2025-06-01,MG,DEMAIS ESTADOS,5991344
2025/2026,2ª Mai,2025-06-01,MS,DEMAIS ESTADOS,3626861
2025/2026,2ª Mai,2025-06-01,MT,DEMAIS ESTADOS,1291736
2025/2026,2ª Mai,2025-06-01,PR,DEMAIS ESTADOS,2586757
2025/2026,2ª Mai,2025-06-01,SP,SÃO PAULO,28069872
2025/2026,1ª Jun,2025-06-16,ES,DEMAIS ESTADOS,206136
2025/2026,1ª Jun,2025-06-16,GO,DEMAIS ESTADOS,5971075
2025/2026,1ª Jun,2025-06-16,MG,DEMAIS ESTADOS,5764528
2025/2026,1ª Jun,2025-06-16,MS,DEMAIS ESTADOS,3072470
2025/2026,1ª Jun,2025-06-16,MT,DEMAIS ESTADOS,1389872
2025/2026,1ª Jun,2025-06-16,PR,DEMAIS ESTADOS,1494389
2025/2026,1ª Jun,2025-06-16,RJ,DEMAIS ESTADOS,87986
2025/2026,1ª Jun,2025-06-16,SP,SÃO PAULO,20849479
2025/2026,2ª Jun,2025-07-01,ES,DEMAIS ESTADOS,215183
2025/2026,2ª Jun,2025-07-01,GO,DEMAIS ESTADOS,5572050
2025/2026,2ª Jun,2025-07-01,MG,DEMAIS ESTADOS,5687236
2025/2026,2ª Jun,2025-07-01,MS,DEMAIS ESTADOS,3387193
2025/2026,2ª Jun,2025-07-01,MT,DEMAIS ESTADOS,1297699
2025/2026,2ª Jun,2025-07-01,PR,DEMAIS ESTADOS,2015119
2025/2026,2ª Jun,2025-07-01,RJ,DEMAIS ESTADOS,120372
2025/2026,2ª Jun,2025-07-01,SP,SÃO PAULO,24491032
2025/2026,1ª Jul,2025-07-16,ES,DEMAIS ESTADOS,194190
2025/2026,1ª Jul,2025-07-16,GO,DEMAIS ESTADOS,6324454
2025/2026,1ª Jul,2025-07-16,MG,DEMAIS ESTADOS,6071930
2025/2026,1ª Jul,2025-07-16,MS,DEMAIS ESTADOS,4156050
2025/2026,1ª Jul,2025-07-16,MT,DEMAIS ESTADOS,1353248
2025/2026,1ª Jul,2025-07-16,PR,DEMAIS ESTADOS,3252257
2025/2026,1ª Jul,2025-07-16,RJ,DEMAIS ESTADOS,96840
2025/2026,1ª Jul,2025-07-16,SP,SÃO PAULO,28567715
2025/2026,2ª Jul,2025-08-01,ES,DEMAIS ESTADOS,297080
2025/2026,2ª Jul,2025-08-01,GO,DEMAIS ESTADOS,6607564
2025/2026,2ª Jul,2025-08-01,MG,DEMAIS ESTADOS,6372640
2025/2026,2ª Jul,2025-08-01,MS,DEMAIS ESTADOS,3897694
2025/2026,2ª Jul,2025-08-01,MT,DEMAIS ESTADOS,1565244
2025/2026,2ª Jul,2025-08-01,PR,DEMAIS ESTADOS,2976659
2025/2026,2ª Jul,2025-08-01,RJ,DEMAIS ESTADOS,123878
2025/2026,2ª Jul,2025-08-01,SP,SÃO PAULO,28561403
2025/2026,1ª Ago,2025-08-16,ES,DEMAIS ESTADOS,290390
2025/2026,1ª Ago,2025-08-16,GO,DEMAIS ESTADOS,5914387
2025/2026,1ª Ago,2025-08-16,MG,DEMAIS ESTADOS,5811751
2025/2026,1ª Ago,2025-08-16,MS,DEMAIS ESTADOS,3532508
2025/2026,1ª Ago,2025-08-16,MT,DEMAIS ESTADOS,1390944
2025/2026,1ª Ago,2025-08-16,PR,DEMAIS ESTADOS,2851519
2025/2026,1ª Ago,2025-08-16,RJ,DEMAIS ESTADOS,120244
2025/2026,1ª Ago,2025-08-16,SP,SÃO PAULO,27900819
2025/2026,2ª Ago,2025-09-01,ES,DEMAIS ESTADOS,282839
2025/2026,2ª Ago,2025-09-01,GO,DEMAIS ESTADOS,6340367
2025/2026,2ª Ago,2025-09-01,MG,DEMAIS ESTADOS,6089396
2025/2026,2ª Ago,2025-09-01,MS,DEMAIS ESTADOS,4160725
2025/2026,2ª Ago,2025-09-01,MT,DEMAIS ESTADOS,1438344
2025/2026,2ª Ago,2025-09-01,PR,DEMAIS ESTADOS,3139268
2025/2026,2ª Ago,2025-09-01,RJ,DEMAIS ESTADOS,109766
2025/2026,2ª Ago,2025-09-01,SP,SÃO PAULO,28671539
2025/2026,1ª Set,2025-09-16,ES,DEMAIS ESTADOS,239954
2025/2026,1ª Set,2025-09-16,GO,DEMAIS ESTADOS,5745948
2025/2026,1ª Set,2025-09-16,MG,DEMAIS ESTADOS,5547246
2025/2026,1ª Set,2025-09-16,MS,DEMAIS ESTADOS,3853125
2025/2026,1ª Set,2025-09-16,MT,DEMAIS ESTADOS,1365860
2025/2026,1ª Set,2025-09-16,PR,DEMAIS ESTADOS,2905084
2025/2026,1ª Set,2025-09-16,RJ,DEMAIS ESTADOS,89271
2025/2026,1ª Set,2025-09-16,SP,SÃO PAULO,26357017
2025/2026,2ª Set,2025-10-01,ES,DEMAIS ESTADOS,178684
2025/2026,2ª Set,2025-10-01,GO,DEMAIS ESTADOS,5300090
2025/2026,2ª Set,2025-10-01,MG,DEMAIS ESTADOS,4905926
2025/2026,2ª Set,2025-10-01,MS,DEMAIS ESTADOS,3455964
2025/2026,2ª Set,2025-10-01,MT,DEMAIS ESTADOS,1211718
2025/2026,2ª Set,2025-10-01,PR,DEMAIS ESTADOS,2476159
2025/2026,2ª Set,2025-10-01,RJ,DEMAIS ESTADOS,95419
2025/2026,2ª Set,2025-10-01,SP,SÃO PAULO,23359401
2025/2026,1ª Out,2025-10-16,ES,DEMAIS ESTADOS,191226
2025/2026,1ª Out,2025-10-16,GO,DEMAIS ESTADOS,4821344
2025/2026,1ª Out,2025-10-16,MG,DEMAIS ESTADOS,4253501
2025/2026,1ª Out,2025-10-16,MS,DEMAIS ESTADOS,2560621
2025/2026,1ª Out,2025-10-16,MT,DEMAIS ESTADOS,1211945
2025/2026,1ª Out,2025-10-16,PR,DEMAIS ESTADOS,1987519
2025/2026,1ª Out,2025-10-16,RJ,DEMAIS ESTADOS,86833
2025/2026,1ª Out,2025-10-16,SP,SÃO PAULO,18973712
2025/2026,2ª Out,2025-11-01,ES,DEMAIS ESTADOS,97233
2025/2026,2ª Out,2025-11-01,GO,DEMAIS ESTADOS,4338580
2025/2026,2ª Out,2025-11-01,MG,DEMAIS ESTADOS,3937036
2025/2026,2ª Out,2025-11-01,MS,DEMAIS ESTADOS,2352670
2025/2026,2ª Out,2025-11-01,MT,DEMAIS ESTADOS,1095618
2025/2026,2ª Out,2025-11-01,PR,DEMAIS ESTADOS,1587533
2025/2026,2ª Out,2025-11-01,RJ,DEMAIS ESTADOS,40635
2025/2026,2ª Out,2025-11-01,SP,SÃO PAULO,17744238
2025/2026,1ª Nov,2025-11-16,ES,DEMAIS ESTADOS,128667
2025/2026,1ª Nov,2025-11-16,GO,DEMAIS ESTADOS,2519373
2025/2026,1ª Nov,2025-11-16,MG,DEMAIS ESTADOS,2025049
2025/2026,1ª Nov,2025-11-16,MS,DEMAIS ESTADOS,1488056
2025/2026,1ª Nov,2025-11-16,MT,DEMAIS ESTADOS,758165
2025/2026,1ª Nov,2025-11-16,PR,DEMAIS ESTADOS,774531
2025/2026,1ª Nov,2025-11-16,RJ,DEMAIS ESTADOS,21431
2025/2026,1ª Nov,2025-11-16,SP,SÃO PAULO,11065987
2025/2026,2ª Nov,2025-12-01,ES,DEMAIS ESTADOS,110016
2025/2026,2ª Nov,2025-12-01,GO,DEMAIS ESTADOS,1401027
2025/2026,2ª Nov,2025-12-01,MG,DEMAIS ESTADOS,466949
2025/2026,2ª Nov,2025-12-01,MS,DEMAIS ESTADOS,2557314
2025/2026,2ª Nov,2025-12-01,MT,DEMAIS ESTADOS,525316
2025/2026,2ª Nov,2025-12-01,PR,DEMAIS ESTADOS,1286516
2025/2026,2ª Nov,2025-12-01,RJ,DEMAIS ESTADOS,16713
2025/2026,2ª Nov,2025-12-01,SP,SÃO PAULO,9629360
2025/2026,1ª Dez,2025-12-16,ES,DEMAIS ESTADOS,75408
2025/2026,1ª Dez,2025-12-16,GO,DEMAIS ESTADOS,145319
2025/2026,1ª Dez,2025-12-16,MG,DEMAIS ESTADOS,52689
2025/2026,1ª Dez,2025-12-16,MS,DEMAIS ESTADOS,1364189
2025/2026,1ª Dez,2025-12-16,MT,DEMAIS ESTADOS,132566
2025/2026,1ª Dez,2025-12-16,PR,DEMAIS ESTADOS,903144
2025/2026,1ª Dez,2025-12-16,RJ,DEMAIS ESTADOS,14623
2025/2026,1ª Dez,2025-12-16,SP,SÃO PAULO,3294011
2025/2026,2ª Dez,2026-01-01,ES,DEMAIS ESTADOS,149579
2025/2026,2ª Dez,2026-01-01,MG,DEMAIS ESTADOS,75755
2025/2026,2ª Dez,2026-01-01,MS,DEMAIS ESTADOS,831783
2025/2026,2ª Dez,2026-01-01,MT,DEMAIS ESTADOS,4191
2025/2026,2ª Dez,2026-01-01,PR,DEMAIS ESTADOS,212602
2025/2026,2ª Dez,2026-01-01,RJ,DEMAIS ESTADOS,3567
2025/2026,2ª Dez,2026-01-01,SP,SÃO PAULO,926116
2025/2026,1ª Jan,2026-01-16,ES,DEMAIS ESTADOS,108003
2025/2026,1ª Jan,2026-01-16,MG,DEMAIS ESTADOS,49374
2025/2026,1ª Jan,2026-01-16,MS,DEMAIS ESTADOS,285100
2025/2026,1ª Jan,2026-01-16,SP,SÃO PAULO,162615
2025/2026,2ª Jan,2026-02-01,ES,DEMAIS ESTADOS,92781
2025/2026,2ª Jan,2026-02-01,MG,DEMAIS ESTADOS,56713
2025/2026,2ª Jan,2026-02-01,MS,DEMAIS ESTADOS,459438
2025/2026,1ª Fev,2026-02-16,ES,DEMAIS ESTADOS,62615
2025/2026,1ª Fev,2026-02-16,MG,DEMAIS ESTADOS,73114
2025/2026,1ª Fev,2026-02-16,MS,DEMAIS ESTADOS,216724
2025/2026,2ª Fev,2026-03-01,MG,DEMAIS ESTADOS,45562
2025/2026,2ª Fev,2026-03-01,MS,DEMAIS ESTADOS,268271
2025/2026,2ª Fev,2026-03-01,SP,SÃO PAULO,47449
2025/2026,1ª Mar,2026-03-16,GO,DEMAIS ESTADOS,21209
2025/2026,1ª Mar,2026-03-16,MG,DEMAIS ESTADOS,25320
2025/2026,1ª Mar,2026-03-16,MS,DEMAIS ESTADOS,809561
2025/2026,1ª Mar,2026-03-16,PR,DEMAIS ESTADOS,31673
2025/2026,1ª Mar,2026-03-16,SP,SÃO PAULO,419996
2025/2026,2ª Mar,2026-04-01,GO,DEMAIS ESTADOS,524971
2025/2026,2ª Mar,2026-04-01,MG,DEMAIS ESTADOS,450087
2025/2026,2ª Mar,2026-04-01,MS,DEMAIS ESTADOS,1857744
2025/2026,2ª Mar,2026-04-01,MT,DEMAIS ESTADOS,100511
2025/2026,2ª Mar,2026-04-01,PR,DEMAIS ESTADOS,1301538
2025/2026,2ª Mar,2026-04-01,SP,SÃO PAULO,3319140
2026/2027,1ª Abr,2026-04-16,GO,DEMAIS ESTADOS,2056946
2026/2027,1ª Abr,2026-04-16,MG,DEMAIS ESTADOS,2680502
2026/2027,1ª Abr,2026-04-16,MS,DEMAIS ESTADOS,2548978
2026/2027,1ª Abr,2026-04-16,MT,DEMAIS ESTADOS,616614
2026/2027,1ª Abr,2026-04-16,PR,DEMAIS ESTADOS,1493620
2026/2027,1ª Abr,2026-04-16,SP,SÃO PAULO,11007246
2026/2027,2ª Abr,2026-05-01,ES,DEMAIS ESTADOS,192119
2026/2027,2ª Abr,2026-05-01,GO,DEMAIS ESTADOS,4722552
2026/2027,2ª Abr,2026-05-01,MG,DEMAIS ESTADOS,5389529
2026/2027,2ª Abr,2026-05-01,MS,DEMAIS ESTADOS,3177435
2026/2027,2ª Abr,2026-05-01,MT,DEMAIS ESTADOS,1049508
2026/2027,2ª Abr,2026-05-01,PR,DEMAIS ESTADOS,2271675
2026/2027,2ª Abr,2026-05-01,SP,SÃO PAULO,23205875
2026/2027,1ª Mai,2026-05-16,ES,DEMAIS ESTADOS,269280
2026/2027,1ª Mai,2026-05-16,GO,DEMAIS ESTADOS,5997890
2026/2027,1ª Mai,2026-05-16,MG,DEMAIS ESTADOS,5911806
2026/2027,1ª Mai,2026-05-16,MS,DEMAIS ESTADOS,2777291
2026/2027,1ª Mai,2026-05-16,MT,DEMAIS ESTADOS,1311401
2026/2027,1ª Mai,2026-05-16,PR,DEMAIS ESTADOS,1545571
2026/2027,1ª Mai,2026-05-16,SP,SÃO PAULO,24930548
2026/2027,2ª Mai,2026-06-01,ES,DEMAIS ESTADOS,311325
2026/2027,2ª Mai,2026-06-01,GO,DEMAIS ESTADOS,6600437
2026/2027,2ª Mai,2026-06-01,MG,DEMAIS ESTADOS,6321600
2026/2027,2ª Mai,2026-06-01,MS,DEMAIS ESTADOS,2814673
2026/2027,2ª Mai,2026-06-01,MT,DEMAIS ESTADOS,1497904
2026/2027,2ª Mai,2026-06-01,PR,DEMAIS ESTADOS,2021034
2026/2027,2ª Mai,2026-06-01,SP,SÃO PAULO,21983169
